# https://github.com/mikedh/trimesh
v 0.00000000 -0.02500000 -0.00000000 0.42352941 0.34117647 0.27843137
v 230.00000000 -0.02500000 -0.00000000 0.42352941 0.34117647 0.27843137
v 230.00000000 -0.17500000 0.00000000 0.42352941 0.34117647 0.27843137
v 0.00000000 -0.17500000 0.00000000 0.42352941 0.34117647 0.27843137
v 228.89248713 -0.02500000 22.54394228 0.42352941 0.34117647 0.27843137
v 228.89248713 -0.17500000 22.54394228 0.42352941 0.34117647 0.27843137
v 225.58061449 -0.02500000 44.87077406 0.42352941 0.34117647 0.27843137
v 225.58061449 -0.17500000 44.87077406 0.42352941 0.34117647 0.27843137
v 220.09627722 -0.02500000 66.76547577 0.42352941 0.34117647 0.27843137
v 220.09627722 -0.17500000 66.76547577 0.42352941 0.34117647 0.27843137
v 212.49229248 -0.02500000 88.01718944 0.42352941 0.34117647 0.27843137
v 212.49229248 -0.17500000 88.01718944 0.42352941 0.34117647 0.27843137
v 202.84189080 -0.02500000 108.42124947 0.42352941 0.34117647 0.27843137
v 202.84189080 -0.17500000 108.42124947 0.42352941 0.34117647 0.27843137
v 191.23801083 -0.02500000 127.78115359 0.42352941 0.34117647 0.27843137
v 191.23801083 -0.17500000 127.78115359 0.42352941 0.34117647 0.27843137
v 177.79240427 -0.02500000 145.91045536 0.42352941 0.34117647 0.27843137
v 177.79240427 -0.17500000 145.91045536 0.42352941 0.34117647 0.27843137
v 162.63455967 -0.02500000 162.63455967 0.42352941 0.34117647 0.27843137
v 162.63455967 -0.17500000 162.63455967 0.42352941 0.34117647 0.27843137
v 145.91045536 -0.02500000 177.79240427 0.42352941 0.34117647 0.27843137
v 145.91045536 -0.17500000 177.79240427 0.42352941 0.34117647 0.27843137
v 127.78115359 -0.02500000 191.23801083 0.42352941 0.34117647 0.27843137
v 127.78115359 -0.17500000 191.23801083 0.42352941 0.34117647 0.27843137
v 108.42124947 -0.02500000 202.84189080 0.42352941 0.34117647 0.27843137
v 108.42124947 -0.17500000 202.84189080 0.42352941 0.34117647 0.27843137
v 88.01718944 -0.02500000 212.49229248 0.42352941 0.34117647 0.27843137
v 88.01718944 -0.17500000 212.49229248 0.42352941 0.34117647 0.27843137
v 66.76547577 -0.02500000 220.09627722 0.42352941 0.34117647 0.27843137
v 66.76547577 -0.17500000 220.09627722 0.42352941 0.34117647 0.27843137
v 44.87077406 -0.02500000 225.58061449 0.42352941 0.34117647 0.27843137
v 44.87077406 -0.17500000 225.58061449 0.42352941 0.34117647 0.27843137
v 22.54394228 -0.02500000 228.89248713 0.42352941 0.34117647 0.27843137
v 22.54394228 -0.17500000 228.89248713 0.42352941 0.34117647 0.27843137
v 0.00000000 -0.02500000 230.00000000 0.42352941 0.34117647 0.27843137
v 0.00000000 -0.17500000 230.00000000 0.42352941 0.34117647 0.27843137
v -22.54394228 -0.02500000 228.89248713 0.42352941 0.34117647 0.27843137
v -22.54394228 -0.17500000 228.89248713 0.42352941 0.34117647 0.27843137
v -44.87077406 -0.02500000 225.58061449 0.42352941 0.34117647 0.27843137
v -44.87077406 -0.17500000 225.58061449 0.42352941 0.34117647 0.27843137
v -66.76547577 -0.02500000 220.09627722 0.42352941 0.34117647 0.27843137
v -66.76547577 -0.17500000 220.09627722 0.42352941 0.34117647 0.27843137
v -88.01718944 -0.02500000 212.49229248 0.42352941 0.34117647 0.27843137
v -88.01718944 -0.17500000 212.49229248 0.42352941 0.34117647 0.27843137
v -108.42124947 -0.02500000 202.84189080 0.42352941 0.34117647 0.27843137
v -108.42124947 -0.17500000 202.84189080 0.42352941 0.34117647 0.27843137
v -127.78115359 -0.02500000 191.23801083 0.42352941 0.34117647 0.27843137
v -127.78115359 -0.17500000 191.23801083 0.42352941 0.34117647 0.27843137
v -145.91045536 -0.02500000 177.79240427 0.42352941 0.34117647 0.27843137
v -145.91045536 -0.17500000 177.79240427 0.42352941 0.34117647 0.27843137
v -162.63455967 -0.02500000 162.63455967 0.42352941 0.34117647 0.27843137
v -162.63455967 -0.17500000 162.63455967 0.42352941 0.34117647 0.27843137
v -177.79240427 -0.02500000 145.91045536 0.42352941 0.34117647 0.27843137
v -177.79240427 -0.17500000 145.91045536 0.42352941 0.34117647 0.27843137
v -191.23801083 -0.02500000 127.78115359 0.42352941 0.34117647 0.27843137
v -191.23801083 -0.17500000 127.78115359 0.42352941 0.34117647 0.27843137
v -202.84189080 -0.02500000 108.42124947 0.42352941 0.34117647 0.27843137
v -202.84189080 -0.17500000 108.42124947 0.42352941 0.34117647 0.27843137
v -212.49229248 -0.02500000 88.01718944 0.42352941 0.34117647 0.27843137
v -212.49229248 -0.17500000 88.01718944 0.42352941 0.34117647 0.27843137
v -220.09627722 -0.02500000 66.76547577 0.42352941 0.34117647 0.27843137
v -220.09627722 -0.17500000 66.76547577 0.42352941 0.34117647 0.27843137
v -225.58061449 -0.02500000 44.87077406 0.42352941 0.34117647 0.27843137
v -225.58061449 -0.17500000 44.87077406 0.42352941 0.34117647 0.27843137
v -228.89248713 -0.02500000 22.54394228 0.42352941 0.34117647 0.27843137
v -228.89248713 -0.17500000 22.54394228 0.42352941 0.34117647 0.27843137
v -230.00000000 -0.02500000 0.00000000 0.42352941 0.34117647 0.27843137
v -230.00000000 -0.17500000 0.00000000 0.42352941 0.34117647 0.27843137
v -228.89248713 -0.02500000 -22.54394228 0.42352941 0.34117647 0.27843137
v -228.89248713 -0.17500000 -22.54394228 0.42352941 0.34117647 0.27843137
v -225.58061449 -0.02500000 -44.87077406 0.42352941 0.34117647 0.27843137
v -225.58061449 -0.17500000 -44.87077406 0.42352941 0.34117647 0.27843137
v -220.09627722 -0.02500000 -66.76547577 0.42352941 0.34117647 0.27843137
v -220.09627722 -0.17500000 -66.76547577 0.42352941 0.34117647 0.27843137
v -212.49229248 -0.02500000 -88.01718944 0.42352941 0.34117647 0.27843137
v -212.49229248 -0.17500000 -88.01718944 0.42352941 0.34117647 0.27843137
v -202.84189080 -0.02500000 -108.42124947 0.42352941 0.34117647 0.27843137
v -202.84189080 -0.17500000 -108.42124947 0.42352941 0.34117647 0.27843137
v -191.23801083 -0.02500000 -127.78115359 0.42352941 0.34117647 0.27843137
v -191.23801083 -0.17500000 -127.78115359 0.42352941 0.34117647 0.27843137
v -177.79240427 -0.02500000 -145.91045536 0.42352941 0.34117647 0.27843137
v -177.79240427 -0.17500000 -145.91045536 0.42352941 0.34117647 0.27843137
v -162.63455967 -0.02500000 -162.63455967 0.42352941 0.34117647 0.27843137
v -162.63455967 -0.17500000 -162.63455967 0.42352941 0.34117647 0.27843137
v -145.91045536 -0.02500000 -177.79240427 0.42352941 0.34117647 0.27843137
v -145.91045536 -0.17500000 -177.79240427 0.42352941 0.34117647 0.27843137
v -127.78115359 -0.02500000 -191.23801083 0.42352941 0.34117647 0.27843137
v -127.78115359 -0.17500000 -191.23801083 0.42352941 0.34117647 0.27843137
v -108.42124947 -0.02500000 -202.84189080 0.42352941 0.34117647 0.27843137
v -108.42124947 -0.17500000 -202.84189080 0.42352941 0.34117647 0.27843137
v -88.01718944 -0.02500000 -212.49229248 0.42352941 0.34117647 0.27843137
v -88.01718944 -0.17500000 -212.49229248 0.42352941 0.34117647 0.27843137
v -66.76547577 -0.02500000 -220.09627722 0.42352941 0.34117647 0.27843137
v -66.76547577 -0.17500000 -220.09627722 0.42352941 0.34117647 0.27843137
v -44.87077406 -0.02500000 -225.58061449 0.42352941 0.34117647 0.27843137
v -44.87077406 -0.17500000 -225.58061449 0.42352941 0.34117647 0.27843137
v -22.54394228 -0.02500000 -228.89248713 0.42352941 0.34117647 0.27843137
v -22.54394228 -0.17500000 -228.89248713 0.42352941 0.34117647 0.27843137
v -0.00000000 -0.02500000 -230.00000000 0.42352941 0.34117647 0.27843137
v -0.00000000 -0.17500000 -230.00000000 0.42352941 0.34117647 0.27843137
v 22.54394228 -0.02500000 -228.89248713 0.42352941 0.34117647 0.27843137
v 22.54394228 -0.17500000 -228.89248713 0.42352941 0.34117647 0.27843137
v 44.87077406 -0.02500000 -225.58061449 0.42352941 0.34117647 0.27843137
v 44.87077406 -0.17500000 -225.58061449 0.42352941 0.34117647 0.27843137
v 66.76547577 -0.02500000 -220.09627722 0.42352941 0.34117647 0.27843137
v 66.76547577 -0.17500000 -220.09627722 0.42352941 0.34117647 0.27843137
v 88.01718944 -0.02500000 -212.49229248 0.42352941 0.34117647 0.27843137
v 88.01718944 -0.17500000 -212.49229248 0.42352941 0.34117647 0.27843137
v 108.42124947 -0.02500000 -202.84189080 0.42352941 0.34117647 0.27843137
v 108.42124947 -0.17500000 -202.84189080 0.42352941 0.34117647 0.27843137
v 127.78115359 -0.02500000 -191.23801083 0.42352941 0.34117647 0.27843137
v 127.78115359 -0.17500000 -191.23801083 0.42352941 0.34117647 0.27843137
v 145.91045536 -0.02500000 -177.79240427 0.42352941 0.34117647 0.27843137
v 145.91045536 -0.17500000 -177.79240427 0.42352941 0.34117647 0.27843137
v 162.63455967 -0.02500000 -162.63455967 0.42352941 0.34117647 0.27843137
v 162.63455967 -0.17500000 -162.63455967 0.42352941 0.34117647 0.27843137
v 177.79240427 -0.02500000 -145.91045536 0.42352941 0.34117647 0.27843137
v 177.79240427 -0.17500000 -145.91045536 0.42352941 0.34117647 0.27843137
v 191.23801083 -0.02500000 -127.78115359 0.42352941 0.34117647 0.27843137
v 191.23801083 -0.17500000 -127.78115359 0.42352941 0.34117647 0.27843137
v 202.84189080 -0.02500000 -108.42124947 0.42352941 0.34117647 0.27843137
v 202.84189080 -0.17500000 -108.42124947 0.42352941 0.34117647 0.27843137
v 212.49229248 -0.02500000 -88.01718944 0.42352941 0.34117647 0.27843137
v 212.49229248 -0.17500000 -88.01718944 0.42352941 0.34117647 0.27843137
v 220.09627722 -0.02500000 -66.76547577 0.42352941 0.34117647 0.27843137
v 220.09627722 -0.17500000 -66.76547577 0.42352941 0.34117647 0.27843137
v 225.58061449 -0.02500000 -44.87077406 0.42352941 0.34117647 0.27843137
v 225.58061449 -0.17500000 -44.87077406 0.42352941 0.34117647 0.27843137
v 228.89248713 -0.02500000 -22.54394228 0.42352941 0.34117647 0.27843137
v 228.89248713 -0.17500000 -22.54394228 0.42352941 0.34117647 0.27843137
v 0.00000000 -1.10000000 -44.00000000 0.36078431 0.29803922 0.23921569
v 32.00000000 -1.10000000 -44.00000000 0.36078431 0.29803922 0.23921569
v 32.00000000 -3.70000000 -44.00000000 0.36078431 0.29803922 0.23921569
v 0.00000000 -3.70000000 -44.00000000 0.36078431 0.29803922 0.23921569
v 31.72623556 -1.10000000 -39.82316185 0.36078431 0.29803922 0.23921569
v 31.72623556 -3.70000000 -39.82316185 0.36078431 0.29803922 0.23921569
v 30.90962644 -1.10000000 -35.71779056 0.36078431 0.29803922 0.23921569
v 30.90962644 -3.70000000 -35.71779056 0.36078431 0.29803922 0.23921569
v 29.56414504 -1.10000000 -31.75413016 0.36078431 0.29803922 0.23921569
v 29.56414504 -3.70000000 -31.75413016 0.36078431 0.29803922 0.23921569
v 27.71281292 -1.10000000 -28.00000000 0.36078431 0.29803922 0.23921569
v 27.71281292 -3.70000000 -28.00000000 0.36078431 0.29803922 0.23921569
v 25.38730689 -1.10000000 -24.51963427 0.36078431 0.29803922 0.23921569
v 25.38730689 -3.70000000 -24.51963427 0.36078431 0.29803922 0.23921569
v 22.62741700 -1.10000000 -21.37258300 0.36078431 0.29803922 0.23921569
v 22.62741700 -3.70000000 -21.37258300 0.36078431 0.29803922 0.23921569
v 19.48036573 -1.10000000 -18.61269311 0.36078431 0.29803922 0.23921569
v 19.48036573 -3.70000000 -18.61269311 0.36078431 0.29803922 0.23921569
v 16.00000000 -1.10000000 -16.28718708 0.36078431 0.29803922 0.23921569
v 16.00000000 -3.70000000 -16.28718708 0.36078431 0.29803922 0.23921569
v 12.24586984 -1.10000000 -14.43585496 0.36078431 0.29803922 0.23921569
v 12.24586984 -3.70000000 -14.43585496 0.36078431 0.29803922 0.23921569
v 8.28220944 -1.10000000 -13.09037356 0.36078431 0.29803922 0.23921569
v 8.28220944 -3.70000000 -13.09037356 0.36078431 0.29803922 0.23921569
v 4.17683815 -1.10000000 -12.27376444 0.36078431 0.29803922 0.23921569
v 4.17683815 -3.70000000 -12.27376444 0.36078431 0.29803922 0.23921569
v 0.00000000 -1.10000000 -12.00000000 0.36078431 0.29803922 0.23921569
v 0.00000000 -3.70000000 -12.00000000 0.36078431 0.29803922 0.23921569
v -4.17683815 -1.10000000 -12.27376444 0.36078431 0.29803922 0.23921569
v -4.17683815 -3.70000000 -12.27376444 0.36078431 0.29803922 0.23921569
v -8.28220944 -1.10000000 -13.09037356 0.36078431 0.29803922 0.23921569
v -8.28220944 -3.70000000 -13.09037356 0.36078431 0.29803922 0.23921569
v -12.24586984 -1.10000000 -14.43585496 0.36078431 0.29803922 0.23921569
v -12.24586984 -3.70000000 -14.43585496 0.36078431 0.29803922 0.23921569
v -16.00000000 -1.10000000 -16.28718708 0.36078431 0.29803922 0.23921569
v -16.00000000 -3.70000000 -16.28718708 0.36078431 0.29803922 0.23921569
v -19.48036573 -1.10000000 -18.61269311 0.36078431 0.29803922 0.23921569
v -19.48036573 -3.70000000 -18.61269311 0.36078431 0.29803922 0.23921569
v -22.62741700 -1.10000000 -21.37258300 0.36078431 0.29803922 0.23921569
v -22.62741700 -3.70000000 -21.37258300 0.36078431 0.29803922 0.23921569
v -25.38730689 -1.10000000 -24.51963427 0.36078431 0.29803922 0.23921569
v -25.38730689 -3.70000000 -24.51963427 0.36078431 0.29803922 0.23921569
v -27.71281292 -1.10000000 -28.00000000 0.36078431 0.29803922 0.23921569
v -27.71281292 -3.70000000 -28.00000000 0.36078431 0.29803922 0.23921569
v -29.56414504 -1.10000000 -31.75413016 0.36078431 0.29803922 0.23921569
v -29.56414504 -3.70000000 -31.75413016 0.36078431 0.29803922 0.23921569
v -30.90962644 -1.10000000 -35.71779056 0.36078431 0.29803922 0.23921569
v -30.90962644 -3.70000000 -35.71779056 0.36078431 0.29803922 0.23921569
v -31.72623556 -1.10000000 -39.82316185 0.36078431 0.29803922 0.23921569
v -31.72623556 -3.70000000 -39.82316185 0.36078431 0.29803922 0.23921569
v -32.00000000 -1.10000000 -44.00000000 0.36078431 0.29803922 0.23921569
v -32.00000000 -3.70000000 -44.00000000 0.36078431 0.29803922 0.23921569
v -31.72623556 -1.10000000 -48.17683815 0.36078431 0.29803922 0.23921569
v -31.72623556 -3.70000000 -48.17683815 0.36078431 0.29803922 0.23921569
v -30.90962644 -1.10000000 -52.28220944 0.36078431 0.29803922 0.23921569
v -30.90962644 -3.70000000 -52.28220944 0.36078431 0.29803922 0.23921569
v -29.56414504 -1.10000000 -56.24586984 0.36078431 0.29803922 0.23921569
v -29.56414504 -3.70000000 -56.24586984 0.36078431 0.29803922 0.23921569
v -27.71281292 -1.10000000 -60.00000000 0.36078431 0.29803922 0.23921569
v -27.71281292 -3.70000000 -60.00000000 0.36078431 0.29803922 0.23921569
v -25.38730689 -1.10000000 -63.48036573 0.36078431 0.29803922 0.23921569
v -25.38730689 -3.70000000 -63.48036573 0.36078431 0.29803922 0.23921569
v -22.62741700 -1.10000000 -66.62741700 0.36078431 0.29803922 0.23921569
v -22.62741700 -3.70000000 -66.62741700 0.36078431 0.29803922 0.23921569
v -19.48036573 -1.10000000 -69.38730689 0.36078431 0.29803922 0.23921569
v -19.48036573 -3.70000000 -69.38730689 0.36078431 0.29803922 0.23921569
v -16.00000000 -1.10000000 -71.71281292 0.36078431 0.29803922 0.23921569
v -16.00000000 -3.70000000 -71.71281292 0.36078431 0.29803922 0.23921569
v -12.24586984 -1.10000000 -73.56414504 0.36078431 0.29803922 0.23921569
v -12.24586984 -3.70000000 -73.56414504 0.36078431 0.29803922 0.23921569
v -8.28220944 -1.10000000 -74.90962644 0.36078431 0.29803922 0.23921569
v -8.28220944 -3.70000000 -74.90962644 0.36078431 0.29803922 0.23921569
v -4.17683815 -1.10000000 -75.72623556 0.36078431 0.29803922 0.23921569
v -4.17683815 -3.70000000 -75.72623556 0.36078431 0.29803922 0.23921569
v -0.00000000 -1.10000000 -76.00000000 0.36078431 0.29803922 0.23921569
v -0.00000000 -3.70000000 -76.00000000 0.36078431 0.29803922 0.23921569
v 4.17683815 -1.10000000 -75.72623556 0.36078431 0.29803922 0.23921569
v 4.17683815 -3.70000000 -75.72623556 0.36078431 0.29803922 0.23921569
v 8.28220944 -1.10000000 -74.90962644 0.36078431 0.29803922 0.23921569
v 8.28220944 -3.70000000 -74.90962644 0.36078431 0.29803922 0.23921569
v 12.24586984 -1.10000000 -73.56414504 0.36078431 0.29803922 0.23921569
v 12.24586984 -3.70000000 -73.56414504 0.36078431 0.29803922 0.23921569
v 16.00000000 -1.10000000 -71.71281292 0.36078431 0.29803922 0.23921569
v 16.00000000 -3.70000000 -71.71281292 0.36078431 0.29803922 0.23921569
v 19.48036573 -1.10000000 -69.38730689 0.36078431 0.29803922 0.23921569
v 19.48036573 -3.70000000 -69.38730689 0.36078431 0.29803922 0.23921569
v 22.62741700 -1.10000000 -66.62741700 0.36078431 0.29803922 0.23921569
v 22.62741700 -3.70000000 -66.62741700 0.36078431 0.29803922 0.23921569
v 25.38730689 -1.10000000 -63.48036573 0.36078431 0.29803922 0.23921569
v 25.38730689 -3.70000000 -63.48036573 0.36078431 0.29803922 0.23921569
v 27.71281292 -1.10000000 -60.00000000 0.36078431 0.29803922 0.23921569
v 27.71281292 -3.70000000 -60.00000000 0.36078431 0.29803922 0.23921569
v 29.56414504 -1.10000000 -56.24586984 0.36078431 0.29803922 0.23921569
v 29.56414504 -3.70000000 -56.24586984 0.36078431 0.29803922 0.23921569
v 30.90962644 -1.10000000 -52.28220944 0.36078431 0.29803922 0.23921569
v 30.90962644 -3.70000000 -52.28220944 0.36078431 0.29803922 0.23921569
v 31.72623556 -1.10000000 -48.17683815 0.36078431 0.29803922 0.23921569
v 31.72623556 -3.70000000 -48.17683815 0.36078431 0.29803922 0.23921569
v 0.00000000 -3.62500000 -44.00000000 0.29019608 0.23921569 0.19215686
v 26.00000000 -3.62500000 -44.00000000 0.29019608 0.23921569 0.19215686
v 26.00000000 -3.77500000 -44.00000000 0.29019608 0.23921569 0.19215686
v 0.00000000 -3.77500000 -44.00000000 0.29019608 0.23921569 0.19215686
v 25.87480289 -3.62500000 -41.45155435 0.29019608 0.23921569 0.19215686
v 25.87480289 -3.77500000 -41.45155435 0.29019608 0.23921569 0.19215686
v 25.50041729 -3.62500000 -38.92765163 0.29019608 0.23921569 0.19215686
v 25.50041729 -3.77500000 -38.92765163 0.29019608 0.23921569 0.19215686
v 24.88044873 -3.62500000 -36.45259839 0.29019608 0.23921569 0.19215686
v 24.88044873 -3.77500000 -36.45259839 0.29019608 0.23921569 0.19215686
v 24.02086785 -3.62500000 -34.05023076 0.29019608 0.23921569 0.19215686
v 24.02086785 -3.77500000 -34.05023076 0.29019608 0.23921569 0.19215686
v 22.92995287 -3.62500000 -31.74368484 0.29019608 0.23921569 0.19215686
v 22.92995287 -3.77500000 -31.74368484 0.29019608 0.23921569 0.19215686
v 21.61820992 -3.62500000 -29.55517394 0.29019608 0.23921569 0.19215686
v 21.61820992 -3.77500000 -29.55517394 0.29019608 0.23921569 0.19215686
v 20.09827179 -3.62500000 -27.50577461 0.29019608 0.23921569 0.19215686
v 20.09827179 -3.77500000 -27.50577461 0.29019608 0.23921569 0.19215686
v 18.38477631 -3.62500000 -25.61522369 0.29019608 0.23921569 0.19215686
v 18.38477631 -3.77500000 -25.61522369 0.29019608 0.23921569 0.19215686
v 16.49422539 -3.62500000 -23.90172821 0.29019608 0.23921569 0.19215686
v 16.49422539 -3.77500000 -23.90172821 0.29019608 0.23921569 0.19215686
v 14.44482606 -3.62500000 -22.38179008 0.29019608 0.23921569 0.19215686
v 14.44482606 -3.77500000 -22.38179008 0.29019608 0.23921569 0.19215686
v 12.25631516 -3.62500000 -21.07004713 0.29019608 0.23921569 0.19215686
v 12.25631516 -3.77500000 -21.07004713 0.29019608 0.23921569 0.19215686
v 9.94976924 -3.62500000 -19.97913215 0.29019608 0.23921569 0.19215686
v 9.94976924 -3.77500000 -19.97913215 0.29019608 0.23921569 0.19215686
v 7.54740161 -3.62500000 -19.11955127 0.29019608 0.23921569 0.19215686
v 7.54740161 -3.77500000 -19.11955127 0.29019608 0.23921569 0.19215686
v 5.07234837 -3.62500000 -18.49958271 0.29019608 0.23921569 0.19215686
v 5.07234837 -3.77500000 -18.49958271 0.29019608 0.23921569 0.19215686
v 2.54844565 -3.62500000 -18.12519711 0.29019608 0.23921569 0.19215686
v 2.54844565 -3.77500000 -18.12519711 0.29019608 0.23921569 0.19215686
v 0.00000000 -3.62500000 -18.00000000 0.29019608 0.23921569 0.19215686
v 0.00000000 -3.77500000 -18.00000000 0.29019608 0.23921569 0.19215686
v -2.54844565 -3.62500000 -18.12519711 0.29019608 0.23921569 0.19215686
v -2.54844565 -3.77500000 -18.12519711 0.29019608 0.23921569 0.19215686
v -5.07234837 -3.62500000 -18.49958271 0.29019608 0.23921569 0.19215686
v -5.07234837 -3.77500000 -18.49958271 0.29019608 0.23921569 0.19215686
v -7.54740161 -3.62500000 -19.11955127 0.29019608 0.23921569 0.19215686
v -7.54740161 -3.77500000 -19.11955127 0.29019608 0.23921569 0.19215686
v -9.94976924 -3.62500000 -19.97913215 0.29019608 0.23921569 0.19215686
v -9.94976924 -3.77500000 -19.97913215 0.29019608 0.23921569 0.19215686
v -12.25631516 -3.62500000 -21.07004713 0.29019608 0.23921569 0.19215686
v -12.25631516 -3.77500000 -21.07004713 0.29019608 0.23921569 0.19215686
v -14.44482606 -3.62500000 -22.38179008 0.29019608 0.23921569 0.19215686
v -14.44482606 -3.77500000 -22.38179008 0.29019608 0.23921569 0.19215686
v -16.49422539 -3.62500000 -23.90172821 0.29019608 0.23921569 0.19215686
v -16.49422539 -3.77500000 -23.90172821 0.29019608 0.23921569 0.19215686
v -18.38477631 -3.62500000 -25.61522369 0.29019608 0.23921569 0.19215686
v -18.38477631 -3.77500000 -25.61522369 0.29019608 0.23921569 0.19215686
v -20.09827179 -3.62500000 -27.50577461 0.29019608 0.23921569 0.19215686
v -20.09827179 -3.77500000 -27.50577461 0.29019608 0.23921569 0.19215686
v -21.61820992 -3.62500000 -29.55517394 0.29019608 0.23921569 0.19215686
v -21.61820992 -3.77500000 -29.55517394 0.29019608 0.23921569 0.19215686
v -22.92995287 -3.62500000 -31.74368484 0.29019608 0.23921569 0.19215686
v -22.92995287 -3.77500000 -31.74368484 0.29019608 0.23921569 0.19215686
v -24.02086785 -3.62500000 -34.05023076 0.29019608 0.23921569 0.19215686
v -24.02086785 -3.77500000 -34.05023076 0.29019608 0.23921569 0.19215686
v -24.88044873 -3.62500000 -36.45259839 0.29019608 0.23921569 0.19215686
v -24.88044873 -3.77500000 -36.45259839 0.29019608 0.23921569 0.19215686
v -25.50041729 -3.62500000 -38.92765163 0.29019608 0.23921569 0.19215686
v -25.50041729 -3.77500000 -38.92765163 0.29019608 0.23921569 0.19215686
v -25.87480289 -3.62500000 -41.45155435 0.29019608 0.23921569 0.19215686
v -25.87480289 -3.77500000 -41.45155435 0.29019608 0.23921569 0.19215686
v -26.00000000 -3.62500000 -44.00000000 0.29019608 0.23921569 0.19215686
v -26.00000000 -3.77500000 -44.00000000 0.29019608 0.23921569 0.19215686
v -25.87480289 -3.62500000 -46.54844565 0.29019608 0.23921569 0.19215686
v -25.87480289 -3.77500000 -46.54844565 0.29019608 0.23921569 0.19215686
v -25.50041729 -3.62500000 -49.07234837 0.29019608 0.23921569 0.19215686
v -25.50041729 -3.77500000 -49.07234837 0.29019608 0.23921569 0.19215686
v -24.88044873 -3.62500000 -51.54740161 0.29019608 0.23921569 0.19215686
v -24.88044873 -3.77500000 -51.54740161 0.29019608 0.23921569 0.19215686
v -24.02086785 -3.62500000 -53.94976924 0.29019608 0.23921569 0.19215686
v -24.02086785 -3.77500000 -53.94976924 0.29019608 0.23921569 0.19215686
v -22.92995287 -3.62500000 -56.25631516 0.29019608 0.23921569 0.19215686
v -22.92995287 -3.77500000 -56.25631516 0.29019608 0.23921569 0.19215686
v -21.61820992 -3.62500000 -58.44482606 0.29019608 0.23921569 0.19215686
v -21.61820992 -3.77500000 -58.44482606 0.29019608 0.23921569 0.19215686
v -20.09827179 -3.62500000 -60.49422539 0.29019608 0.23921569 0.19215686
v -20.09827179 -3.77500000 -60.49422539 0.29019608 0.23921569 0.19215686
v -18.38477631 -3.62500000 -62.38477631 0.29019608 0.23921569 0.19215686
v -18.38477631 -3.77500000 -62.38477631 0.29019608 0.23921569 0.19215686
v -16.49422539 -3.62500000 -64.09827179 0.29019608 0.23921569 0.19215686
v -16.49422539 -3.77500000 -64.09827179 0.29019608 0.23921569 0.19215686
v -14.44482606 -3.62500000 -65.61820992 0.29019608 0.23921569 0.19215686
v -14.44482606 -3.77500000 -65.61820992 0.29019608 0.23921569 0.19215686
v -12.25631516 -3.62500000 -66.92995287 0.29019608 0.23921569 0.19215686
v -12.25631516 -3.77500000 -66.92995287 0.29019608 0.23921569 0.19215686
v -9.94976924 -3.62500000 -68.02086785 0.29019608 0.23921569 0.19215686
v -9.94976924 -3.77500000 -68.02086785 0.29019608 0.23921569 0.19215686
v -7.54740161 -3.62500000 -68.88044873 0.29019608 0.23921569 0.19215686
v -7.54740161 -3.77500000 -68.88044873 0.29019608 0.23921569 0.19215686
v -5.07234837 -3.62500000 -69.50041729 0.29019608 0.23921569 0.19215686
v -5.07234837 -3.77500000 -69.50041729 0.29019608 0.23921569 0.19215686
v -2.54844565 -3.62500000 -69.87480289 0.29019608 0.23921569 0.19215686
v -2.54844565 -3.77500000 -69.87480289 0.29019608 0.23921569 0.19215686
v -0.00000000 -3.62500000 -70.00000000 0.29019608 0.23921569 0.19215686
v -0.00000000 -3.77500000 -70.00000000 0.29019608 0.23921569 0.19215686
v 2.54844565 -3.62500000 -69.87480289 0.29019608 0.23921569 0.19215686
v 2.54844565 -3.77500000 -69.87480289 0.29019608 0.23921569 0.19215686
v 5.07234837 -3.62500000 -69.50041729 0.29019608 0.23921569 0.19215686
v 5.07234837 -3.77500000 -69.50041729 0.29019608 0.23921569 0.19215686
v 7.54740161 -3.62500000 -68.88044873 0.29019608 0.23921569 0.19215686
v 7.54740161 -3.77500000 -68.88044873 0.29019608 0.23921569 0.19215686
v 9.94976924 -3.62500000 -68.02086785 0.29019608 0.23921569 0.19215686
v 9.94976924 -3.77500000 -68.02086785 0.29019608 0.23921569 0.19215686
v 12.25631516 -3.62500000 -66.92995287 0.29019608 0.23921569 0.19215686
v 12.25631516 -3.77500000 -66.92995287 0.29019608 0.23921569 0.19215686
v 14.44482606 -3.62500000 -65.61820992 0.29019608 0.23921569 0.19215686
v 14.44482606 -3.77500000 -65.61820992 0.29019608 0.23921569 0.19215686
v 16.49422539 -3.62500000 -64.09827179 0.29019608 0.23921569 0.19215686
v 16.49422539 -3.77500000 -64.09827179 0.29019608 0.23921569 0.19215686
v 18.38477631 -3.62500000 -62.38477631 0.29019608 0.23921569 0.19215686
v 18.38477631 -3.77500000 -62.38477631 0.29019608 0.23921569 0.19215686
v 20.09827179 -3.62500000 -60.49422539 0.29019608 0.23921569 0.19215686
v 20.09827179 -3.77500000 -60.49422539 0.29019608 0.23921569 0.19215686
v 21.61820992 -3.62500000 -58.44482606 0.29019608 0.23921569 0.19215686
v 21.61820992 -3.77500000 -58.44482606 0.29019608 0.23921569 0.19215686
v 22.92995287 -3.62500000 -56.25631516 0.29019608 0.23921569 0.19215686
v 22.92995287 -3.77500000 -56.25631516 0.29019608 0.23921569 0.19215686
v 24.02086785 -3.62500000 -53.94976924 0.29019608 0.23921569 0.19215686
v 24.02086785 -3.77500000 -53.94976924 0.29019608 0.23921569 0.19215686
v 24.88044873 -3.62500000 -51.54740161 0.29019608 0.23921569 0.19215686
v 24.88044873 -3.77500000 -51.54740161 0.29019608 0.23921569 0.19215686
v 25.50041729 -3.62500000 -49.07234837 0.29019608 0.23921569 0.19215686
v 25.50041729 -3.77500000 -49.07234837 0.29019608 0.23921569 0.19215686
v 25.87480289 -3.62500000 -46.54844565 0.29019608 0.23921569 0.19215686
v 25.87480289 -3.77500000 -46.54844565 0.29019608 0.23921569 0.19215686
v 0.00000000 -3.70000000 -44.00000000 0.41960784 0.34509804 0.27843137
v 25.00000000 -3.70000000 -44.00000000 0.41960784 0.34509804 0.27843137
v 25.00000000 -6.30000000 -44.00000000 0.41960784 0.34509804 0.27843137
v 0.00000000 -6.30000000 -44.00000000 0.41960784 0.34509804 0.27843137
v 24.78612153 -3.70000000 -40.73684519 0.41960784 0.34509804 0.27843137
v 24.78612153 -6.30000000 -40.73684519 0.41960784 0.34509804 0.27843137
v 24.14814566 -3.70000000 -37.52952387 0.41960784 0.34509804 0.27843137
v 24.14814566 -6.30000000 -37.52952387 0.41960784 0.34509804 0.27843137
v 23.09698831 -3.70000000 -34.43291419 0.41960784 0.34509804 0.27843137
v 23.09698831 -6.30000000 -34.43291419 0.41960784 0.34509804 0.27843137
v 21.65063509 -3.70000000 -31.50000000 0.41960784 0.34509804 0.27843137
v 21.65063509 -6.30000000 -31.50000000 0.41960784 0.34509804 0.27843137
v 19.83383351 -3.70000000 -28.78096427 0.41960784 0.34509804 0.27843137
v 19.83383351 -6.30000000 -28.78096427 0.41960784 0.34509804 0.27843137
v 17.67766953 -3.70000000 -26.32233047 0.41960784 0.34509804 0.27843137
v 17.67766953 -6.30000000 -26.32233047 0.41960784 0.34509804 0.27843137
v 15.21903573 -3.70000000 -24.16616649 0.41960784 0.34509804 0.27843137
v 15.21903573 -6.30000000 -24.16616649 0.41960784 0.34509804 0.27843137
v 12.50000000 -3.70000000 -22.34936491 0.41960784 0.34509804 0.27843137
v 12.50000000 -6.30000000 -22.34936491 0.41960784 0.34509804 0.27843137
v 9.56708581 -3.70000000 -20.90301169 0.41960784 0.34509804 0.27843137
v 9.56708581 -6.30000000 -20.90301169 0.41960784 0.34509804 0.27843137
v 6.47047613 -3.70000000 -19.85185434 0.41960784 0.34509804 0.27843137
v 6.47047613 -6.30000000 -19.85185434 0.41960784 0.34509804 0.27843137
v 3.26315481 -3.70000000 -19.21387847 0.41960784 0.34509804 0.27843137
v 3.26315481 -6.30000000 -19.21387847 0.41960784 0.34509804 0.27843137
v 0.00000000 -3.70000000 -19.00000000 0.41960784 0.34509804 0.27843137
v 0.00000000 -6.30000000 -19.00000000 0.41960784 0.34509804 0.27843137
v -3.26315481 -3.70000000 -19.21387847 0.41960784 0.34509804 0.27843137
v -3.26315481 -6.30000000 -19.21387847 0.41960784 0.34509804 0.27843137
v -6.47047613 -3.70000000 -19.85185434 0.41960784 0.34509804 0.27843137
v -6.47047613 -6.30000000 -19.85185434 0.41960784 0.34509804 0.27843137
v -9.56708581 -3.70000000 -20.90301169 0.41960784 0.34509804 0.27843137
v -9.56708581 -6.30000000 -20.90301169 0.41960784 0.34509804 0.27843137
v -12.50000000 -3.70000000 -22.34936491 0.41960784 0.34509804 0.27843137
v -12.50000000 -6.30000000 -22.34936491 0.41960784 0.34509804 0.27843137
v -15.21903573 -3.70000000 -24.16616649 0.41960784 0.34509804 0.27843137
v -15.21903573 -6.30000000 -24.16616649 0.41960784 0.34509804 0.27843137
v -17.67766953 -3.70000000 -26.32233047 0.41960784 0.34509804 0.27843137
v -17.67766953 -6.30000000 -26.32233047 0.41960784 0.34509804 0.27843137
v -19.83383351 -3.70000000 -28.78096427 0.41960784 0.34509804 0.27843137
v -19.83383351 -6.30000000 -28.78096427 0.41960784 0.34509804 0.27843137
v -21.65063509 -3.70000000 -31.50000000 0.41960784 0.34509804 0.27843137
v -21.65063509 -6.30000000 -31.50000000 0.41960784 0.34509804 0.27843137
v -23.09698831 -3.70000000 -34.43291419 0.41960784 0.34509804 0.27843137
v -23.09698831 -6.30000000 -34.43291419 0.41960784 0.34509804 0.27843137
v -24.14814566 -3.70000000 -37.52952387 0.41960784 0.34509804 0.27843137
v -24.14814566 -6.30000000 -37.52952387 0.41960784 0.34509804 0.27843137
v -24.78612153 -3.70000000 -40.73684519 0.41960784 0.34509804 0.27843137
v -24.78612153 -6.30000000 -40.73684519 0.41960784 0.34509804 0.27843137
v -25.00000000 -3.70000000 -44.00000000 0.41960784 0.34509804 0.27843137
v -25.00000000 -6.30000000 -44.00000000 0.41960784 0.34509804 0.27843137
v -24.78612153 -3.70000000 -47.26315481 0.41960784 0.34509804 0.27843137
v -24.78612153 -6.30000000 -47.26315481 0.41960784 0.34509804 0.27843137
v -24.14814566 -3.70000000 -50.47047613 0.41960784 0.34509804 0.27843137
v -24.14814566 -6.30000000 -50.47047613 0.41960784 0.34509804 0.27843137
v -23.09698831 -3.70000000 -53.56708581 0.41960784 0.34509804 0.27843137
v -23.09698831 -6.30000000 -53.56708581 0.41960784 0.34509804 0.27843137
v -21.65063509 -3.70000000 -56.50000000 0.41960784 0.34509804 0.27843137
v -21.65063509 -6.30000000 -56.50000000 0.41960784 0.34509804 0.27843137
v -19.83383351 -3.70000000 -59.21903573 0.41960784 0.34509804 0.27843137
v -19.83383351 -6.30000000 -59.21903573 0.41960784 0.34509804 0.27843137
v -17.67766953 -3.70000000 -61.67766953 0.41960784 0.34509804 0.27843137
v -17.67766953 -6.30000000 -61.67766953 0.41960784 0.34509804 0.27843137
v -15.21903573 -3.70000000 -63.83383351 0.41960784 0.34509804 0.27843137
v -15.21903573 -6.30000000 -63.83383351 0.41960784 0.34509804 0.27843137
v -12.50000000 -3.70000000 -65.65063509 0.41960784 0.34509804 0.27843137
v -12.50000000 -6.30000000 -65.65063509 0.41960784 0.34509804 0.27843137
v -9.56708581 -3.70000000 -67.09698831 0.41960784 0.34509804 0.27843137
v -9.56708581 -6.30000000 -67.09698831 0.41960784 0.34509804 0.27843137
v -6.47047613 -3.70000000 -68.14814566 0.41960784 0.34509804 0.27843137
v -6.47047613 -6.30000000 -68.14814566 0.41960784 0.34509804 0.27843137
v -3.26315481 -3.70000000 -68.78612153 0.41960784 0.34509804 0.27843137
v -3.26315481 -6.30000000 -68.78612153 0.41960784 0.34509804 0.27843137
v -0.00000000 -3.70000000 -69.00000000 0.41960784 0.34509804 0.27843137
v -0.00000000 -6.30000000 -69.00000000 0.41960784 0.34509804 0.27843137
v 3.26315481 -3.70000000 -68.78612153 0.41960784 0.34509804 0.27843137
v 3.26315481 -6.30000000 -68.78612153 0.41960784 0.34509804 0.27843137
v 6.47047613 -3.70000000 -68.14814566 0.41960784 0.34509804 0.27843137
v 6.47047613 -6.30000000 -68.14814566 0.41960784 0.34509804 0.27843137
v 9.56708581 -3.70000000 -67.09698831 0.41960784 0.34509804 0.27843137
v 9.56708581 -6.30000000 -67.09698831 0.41960784 0.34509804 0.27843137
v 12.50000000 -3.70000000 -65.65063509 0.41960784 0.34509804 0.27843137
v 12.50000000 -6.30000000 -65.65063509 0.41960784 0.34509804 0.27843137
v 15.21903573 -3.70000000 -63.83383351 0.41960784 0.34509804 0.27843137
v 15.21903573 -6.30000000 -63.83383351 0.41960784 0.34509804 0.27843137
v 17.67766953 -3.70000000 -61.67766953 0.41960784 0.34509804 0.27843137
v 17.67766953 -6.30000000 -61.67766953 0.41960784 0.34509804 0.27843137
v 19.83383351 -3.70000000 -59.21903573 0.41960784 0.34509804 0.27843137
v 19.83383351 -6.30000000 -59.21903573 0.41960784 0.34509804 0.27843137
v 21.65063509 -3.70000000 -56.50000000 0.41960784 0.34509804 0.27843137
v 21.65063509 -6.30000000 -56.50000000 0.41960784 0.34509804 0.27843137
v 23.09698831 -3.70000000 -53.56708581 0.41960784 0.34509804 0.27843137
v 23.09698831 -6.30000000 -53.56708581 0.41960784 0.34509804 0.27843137
v 24.14814566 -3.70000000 -50.47047613 0.41960784 0.34509804 0.27843137
v 24.14814566 -6.30000000 -50.47047613 0.41960784 0.34509804 0.27843137
v 24.78612153 -3.70000000 -47.26315481 0.41960784 0.34509804 0.27843137
v 24.78612153 -6.30000000 -47.26315481 0.41960784 0.34509804 0.27843137
v 0.00000000 -6.22500000 -44.00000000 0.29019608 0.23921569 0.19215686
v 19.00000000 -6.22500000 -44.00000000 0.29019608 0.23921569 0.19215686
v 19.00000000 -6.37500000 -44.00000000 0.29019608 0.23921569 0.19215686
v 0.00000000 -6.37500000 -44.00000000 0.29019608 0.23921569 0.19215686
v 18.90850981 -6.22500000 -42.13767433 0.29019608 0.23921569 0.19215686
v 18.90850981 -6.37500000 -42.13767433 0.29019608 0.23921569 0.19215686
v 18.63492033 -6.22500000 -40.29328388 0.29019608 0.23921569 0.19215686
v 18.63492033 -6.37500000 -40.29328388 0.29019608 0.23921569 0.19215686
v 18.18186638 -6.22500000 -38.48459113 0.29019608 0.23921569 0.19215686
v 18.18186638 -6.37500000 -38.48459113 0.29019608 0.23921569 0.19215686
v 17.55371112 -6.22500000 -36.72901479 0.29019608 0.23921569 0.19215686
v 17.55371112 -6.37500000 -36.72901479 0.29019608 0.23921569 0.19215686
v 16.75650402 -6.22500000 -35.04346200 0.29019608 0.23921569 0.19215686
v 16.75650402 -6.37500000 -35.04346200 0.29019608 0.23921569 0.19215686
v 15.79792263 -6.22500000 -33.44416557 0.29019608 0.23921569 0.19215686
v 15.79792263 -6.37500000 -33.44416557 0.29019608 0.23921569 0.19215686
v 14.68719861 -6.22500000 -31.94652760 0.29019608 0.23921569 0.19215686
v 14.68719861 -6.37500000 -31.94652760 0.29019608 0.23921569 0.19215686
v 13.43502884 -6.22500000 -30.56497116 0.29019608 0.23921569 0.19215686
v 13.43502884 -6.37500000 -30.56497116 0.29019608 0.23921569 0.19215686
v 12.05347240 -6.22500000 -29.31280139 0.29019608 0.23921569 0.19215686
v 12.05347240 -6.37500000 -29.31280139 0.29019608 0.23921569 0.19215686
v 10.55583443 -6.22500000 -28.20207737 0.29019608 0.23921569 0.19215686
v 10.55583443 -6.37500000 -28.20207737 0.29019608 0.23921569 0.19215686
v 8.95653800 -6.22500000 -27.24349598 0.29019608 0.23921569 0.19215686
v 8.95653800 -6.37500000 -27.24349598 0.29019608 0.23921569 0.19215686
v 7.27098521 -6.22500000 -26.44628888 0.29019608 0.23921569 0.19215686
v 7.27098521 -6.37500000 -26.44628888 0.29019608 0.23921569 0.19215686
v 5.51540887 -6.22500000 -25.81813362 0.29019608 0.23921569 0.19215686
v 5.51540887 -6.37500000 -25.81813362 0.29019608 0.23921569 0.19215686
v 3.70671612 -6.22500000 -25.36507967 0.29019608 0.23921569 0.19215686
v 3.70671612 -6.37500000 -25.36507967 0.29019608 0.23921569 0.19215686
v 1.86232567 -6.22500000 -25.09149019 0.29019608 0.23921569 0.19215686
v 1.86232567 -6.37500000 -25.09149019 0.29019608 0.23921569 0.19215686
v 0.00000000 -6.22500000 -25.00000000 0.29019608 0.23921569 0.19215686
v 0.00000000 -6.37500000 -25.00000000 0.29019608 0.23921569 0.19215686
v -1.86232567 -6.22500000 -25.09149019 0.29019608 0.23921569 0.19215686
v -1.86232567 -6.37500000 -25.09149019 0.29019608 0.23921569 0.19215686
v -3.70671612 -6.22500000 -25.36507967 0.29019608 0.23921569 0.19215686
v -3.70671612 -6.37500000 -25.36507967 0.29019608 0.23921569 0.19215686
v -5.51540887 -6.22500000 -25.81813362 0.29019608 0.23921569 0.19215686
v -5.51540887 -6.37500000 -25.81813362 0.29019608 0.23921569 0.19215686
v -7.27098521 -6.22500000 -26.44628888 0.29019608 0.23921569 0.19215686
v -7.27098521 -6.37500000 -26.44628888 0.29019608 0.23921569 0.19215686
v -8.95653800 -6.22500000 -27.24349598 0.29019608 0.23921569 0.19215686
v -8.95653800 -6.37500000 -27.24349598 0.29019608 0.23921569 0.19215686
v -10.55583443 -6.22500000 -28.20207737 0.29019608 0.23921569 0.19215686
v -10.55583443 -6.37500000 -28.20207737 0.29019608 0.23921569 0.19215686
v -12.05347240 -6.22500000 -29.31280139 0.29019608 0.23921569 0.19215686
v -12.05347240 -6.37500000 -29.31280139 0.29019608 0.23921569 0.19215686
v -13.43502884 -6.22500000 -30.56497116 0.29019608 0.23921569 0.19215686
v -13.43502884 -6.37500000 -30.56497116 0.29019608 0.23921569 0.19215686
v -14.68719861 -6.22500000 -31.94652760 0.29019608 0.23921569 0.19215686
v -14.68719861 -6.37500000 -31.94652760 0.29019608 0.23921569 0.19215686
v -15.79792263 -6.22500000 -33.44416557 0.29019608 0.23921569 0.19215686
v -15.79792263 -6.37500000 -33.44416557 0.29019608 0.23921569 0.19215686
v -16.75650402 -6.22500000 -35.04346200 0.29019608 0.23921569 0.19215686
v -16.75650402 -6.37500000 -35.04346200 0.29019608 0.23921569 0.19215686
v -17.55371112 -6.22500000 -36.72901479 0.29019608 0.23921569 0.19215686
v -17.55371112 -6.37500000 -36.72901479 0.29019608 0.23921569 0.19215686
v -18.18186638 -6.22500000 -38.48459113 0.29019608 0.23921569 0.19215686
v -18.18186638 -6.37500000 -38.48459113 0.29019608 0.23921569 0.19215686
v -18.63492033 -6.22500000 -40.29328388 0.29019608 0.23921569 0.19215686
v -18.63492033 -6.37500000 -40.29328388 0.29019608 0.23921569 0.19215686
v -18.90850981 -6.22500000 -42.13767433 0.29019608 0.23921569 0.19215686
v -18.90850981 -6.37500000 -42.13767433 0.29019608 0.23921569 0.19215686
v -19.00000000 -6.22500000 -44.00000000 0.29019608 0.23921569 0.19215686
v -19.00000000 -6.37500000 -44.00000000 0.29019608 0.23921569 0.19215686
v -18.90850981 -6.22500000 -45.86232567 0.29019608 0.23921569 0.19215686
v -18.90850981 -6.37500000 -45.86232567 0.29019608 0.23921569 0.19215686
v -18.63492033 -6.22500000 -47.70671612 0.29019608 0.23921569 0.19215686
v -18.63492033 -6.37500000 -47.70671612 0.29019608 0.23921569 0.19215686
v -18.18186638 -6.22500000 -49.51540887 0.29019608 0.23921569 0.19215686
v -18.18186638 -6.37500000 -49.51540887 0.29019608 0.23921569 0.19215686
v -17.55371112 -6.22500000 -51.27098521 0.29019608 0.23921569 0.19215686
v -17.55371112 -6.37500000 -51.27098521 0.29019608 0.23921569 0.19215686
v -16.75650402 -6.22500000 -52.95653800 0.29019608 0.23921569 0.19215686
v -16.75650402 -6.37500000 -52.95653800 0.29019608 0.23921569 0.19215686
v -15.79792263 -6.22500000 -54.55583443 0.29019608 0.23921569 0.19215686
v -15.79792263 -6.37500000 -54.55583443 0.29019608 0.23921569 0.19215686
v -14.68719861 -6.22500000 -56.05347240 0.29019608 0.23921569 0.19215686
v -14.68719861 -6.37500000 -56.05347240 0.29019608 0.23921569 0.19215686
v -13.43502884 -6.22500000 -57.43502884 0.29019608 0.23921569 0.19215686
v -13.43502884 -6.37500000 -57.43502884 0.29019608 0.23921569 0.19215686
v -12.05347240 -6.22500000 -58.68719861 0.29019608 0.23921569 0.19215686
v -12.05347240 -6.37500000 -58.68719861 0.29019608 0.23921569 0.19215686
v -10.55583443 -6.22500000 -59.79792263 0.29019608 0.23921569 0.19215686
v -10.55583443 -6.37500000 -59.79792263 0.29019608 0.23921569 0.19215686
v -8.95653800 -6.22500000 -60.75650402 0.29019608 0.23921569 0.19215686
v -8.95653800 -6.37500000 -60.75650402 0.29019608 0.23921569 0.19215686
v -7.27098521 -6.22500000 -61.55371112 0.29019608 0.23921569 0.19215686
v -7.27098521 -6.37500000 -61.55371112 0.29019608 0.23921569 0.19215686
v -5.51540887 -6.22500000 -62.18186638 0.29019608 0.23921569 0.19215686
v -5.51540887 -6.37500000 -62.18186638 0.29019608 0.23921569 0.19215686
v -3.70671612 -6.22500000 -62.63492033 0.29019608 0.23921569 0.19215686
v -3.70671612 -6.37500000 -62.63492033 0.29019608 0.23921569 0.19215686
v -1.86232567 -6.22500000 -62.90850981 0.29019608 0.23921569 0.19215686
v -1.86232567 -6.37500000 -62.90850981 0.29019608 0.23921569 0.19215686
v -0.00000000 -6.22500000 -63.00000000 0.29019608 0.23921569 0.19215686
v -0.00000000 -6.37500000 -63.00000000 0.29019608 0.23921569 0.19215686
v 1.86232567 -6.22500000 -62.90850981 0.29019608 0.23921569 0.19215686
v 1.86232567 -6.37500000 -62.90850981 0.29019608 0.23921569 0.19215686
v 3.70671612 -6.22500000 -62.63492033 0.29019608 0.23921569 0.19215686
v 3.70671612 -6.37500000 -62.63492033 0.29019608 0.23921569 0.19215686
v 5.51540887 -6.22500000 -62.18186638 0.29019608 0.23921569 0.19215686
v 5.51540887 -6.37500000 -62.18186638 0.29019608 0.23921569 0.19215686
v 7.27098521 -6.22500000 -61.55371112 0.29019608 0.23921569 0.19215686
v 7.27098521 -6.37500000 -61.55371112 0.29019608 0.23921569 0.19215686
v 8.95653800 -6.22500000 -60.75650402 0.29019608 0.23921569 0.19215686
v 8.95653800 -6.37500000 -60.75650402 0.29019608 0.23921569 0.19215686
v 10.55583443 -6.22500000 -59.79792263 0.29019608 0.23921569 0.19215686
v 10.55583443 -6.37500000 -59.79792263 0.29019608 0.23921569 0.19215686
v 12.05347240 -6.22500000 -58.68719861 0.29019608 0.23921569 0.19215686
v 12.05347240 -6.37500000 -58.68719861 0.29019608 0.23921569 0.19215686
v 13.43502884 -6.22500000 -57.43502884 0.29019608 0.23921569 0.19215686
v 13.43502884 -6.37500000 -57.43502884 0.29019608 0.23921569 0.19215686
v 14.68719861 -6.22500000 -56.05347240 0.29019608 0.23921569 0.19215686
v 14.68719861 -6.37500000 -56.05347240 0.29019608 0.23921569 0.19215686
v 15.79792263 -6.22500000 -54.55583443 0.29019608 0.23921569 0.19215686
v 15.79792263 -6.37500000 -54.55583443 0.29019608 0.23921569 0.19215686
v 16.75650402 -6.22500000 -52.95653800 0.29019608 0.23921569 0.19215686
v 16.75650402 -6.37500000 -52.95653800 0.29019608 0.23921569 0.19215686
v 17.55371112 -6.22500000 -51.27098521 0.29019608 0.23921569 0.19215686
v 17.55371112 -6.37500000 -51.27098521 0.29019608 0.23921569 0.19215686
v 18.18186638 -6.22500000 -49.51540887 0.29019608 0.23921569 0.19215686
v 18.18186638 -6.37500000 -49.51540887 0.29019608 0.23921569 0.19215686
v 18.63492033 -6.22500000 -47.70671612 0.29019608 0.23921569 0.19215686
v 18.63492033 -6.37500000 -47.70671612 0.29019608 0.23921569 0.19215686
v 18.90850981 -6.22500000 -45.86232567 0.29019608 0.23921569 0.19215686
v 18.90850981 -6.37500000 -45.86232567 0.29019608 0.23921569 0.19215686
v 0.00000000 -6.30000000 -44.00000000 0.47843137 0.40000000 0.31372549
v 18.00000000 -6.30000000 -44.00000000 0.47843137 0.40000000 0.31372549
v 18.00000000 -8.90000000 -44.00000000 0.47843137 0.40000000 0.31372549
v 0.00000000 -8.90000000 -44.00000000 0.47843137 0.40000000 0.31372549
v 17.84600750 -6.30000000 -41.65052854 0.47843137 0.40000000 0.31372549
v 17.84600750 -8.90000000 -41.65052854 0.47843137 0.40000000 0.31372549
v 17.38666487 -6.30000000 -39.34125719 0.47843137 0.40000000 0.31372549
v 17.38666487 -8.90000000 -39.34125719 0.47843137 0.40000000 0.31372549
v 16.62983159 -6.30000000 -37.11169822 0.47843137 0.40000000 0.31372549
v 16.62983159 -8.90000000 -37.11169822 0.47843137 0.40000000 0.31372549
v 15.58845727 -6.30000000 -35.00000000 0.47843137 0.40000000 0.31372549
v 15.58845727 -8.90000000 -35.00000000 0.47843137 0.40000000 0.31372549
v 14.28036013 -6.30000000 -33.04229428 0.47843137 0.40000000 0.31372549
v 14.28036013 -8.90000000 -33.04229428 0.47843137 0.40000000 0.31372549
v 12.72792206 -6.30000000 -31.27207794 0.47843137 0.40000000 0.31372549
v 12.72792206 -8.90000000 -31.27207794 0.47843137 0.40000000 0.31372549
v 10.95770572 -6.30000000 -29.71963987 0.47843137 0.40000000 0.31372549
v 10.95770572 -8.90000000 -29.71963987 0.47843137 0.40000000 0.31372549
v 9.00000000 -6.30000000 -28.41154273 0.47843137 0.40000000 0.31372549
v 9.00000000 -8.90000000 -28.41154273 0.47843137 0.40000000 0.31372549
v 6.88830178 -6.30000000 -27.37016841 0.47843137 0.40000000 0.31372549
v 6.88830178 -8.90000000 -27.37016841 0.47843137 0.40000000 0.31372549
v 4.65874281 -6.30000000 -26.61333513 0.47843137 0.40000000 0.31372549
v 4.65874281 -8.90000000 -26.61333513 0.47843137 0.40000000 0.31372549
v 2.34947146 -6.30000000 -26.15399250 0.47843137 0.40000000 0.31372549
v 2.34947146 -8.90000000 -26.15399250 0.47843137 0.40000000 0.31372549
v 0.00000000 -6.30000000 -26.00000000 0.47843137 0.40000000 0.31372549
v 0.00000000 -8.90000000 -26.00000000 0.47843137 0.40000000 0.31372549
v -2.34947146 -6.30000000 -26.15399250 0.47843137 0.40000000 0.31372549
v -2.34947146 -8.90000000 -26.15399250 0.47843137 0.40000000 0.31372549
v -4.65874281 -6.30000000 -26.61333513 0.47843137 0.40000000 0.31372549
v -4.65874281 -8.90000000 -26.61333513 0.47843137 0.40000000 0.31372549
v -6.88830178 -6.30000000 -27.37016841 0.47843137 0.40000000 0.31372549
v -6.88830178 -8.90000000 -27.37016841 0.47843137 0.40000000 0.31372549
v -9.00000000 -6.30000000 -28.41154273 0.47843137 0.40000000 0.31372549
v -9.00000000 -8.90000000 -28.41154273 0.47843137 0.40000000 0.31372549
v -10.95770572 -6.30000000 -29.71963987 0.47843137 0.40000000 0.31372549
v -10.95770572 -8.90000000 -29.71963987 0.47843137 0.40000000 0.31372549
v -12.72792206 -6.30000000 -31.27207794 0.47843137 0.40000000 0.31372549
v -12.72792206 -8.90000000 -31.27207794 0.47843137 0.40000000 0.31372549
v -14.28036013 -6.30000000 -33.04229428 0.47843137 0.40000000 0.31372549
v -14.28036013 -8.90000000 -33.04229428 0.47843137 0.40000000 0.31372549
v -15.58845727 -6.30000000 -35.00000000 0.47843137 0.40000000 0.31372549
v -15.58845727 -8.90000000 -35.00000000 0.47843137 0.40000000 0.31372549
v -16.62983159 -6.30000000 -37.11169822 0.47843137 0.40000000 0.31372549
v -16.62983159 -8.90000000 -37.11169822 0.47843137 0.40000000 0.31372549
v -17.38666487 -6.30000000 -39.34125719 0.47843137 0.40000000 0.31372549
v -17.38666487 -8.90000000 -39.34125719 0.47843137 0.40000000 0.31372549
v -17.84600750 -6.30000000 -41.65052854 0.47843137 0.40000000 0.31372549
v -17.84600750 -8.90000000 -41.65052854 0.47843137 0.40000000 0.31372549
v -18.00000000 -6.30000000 -44.00000000 0.47843137 0.40000000 0.31372549
v -18.00000000 -8.90000000 -44.00000000 0.47843137 0.40000000 0.31372549
v -17.84600750 -6.30000000 -46.34947146 0.47843137 0.40000000 0.31372549
v -17.84600750 -8.90000000 -46.34947146 0.47843137 0.40000000 0.31372549
v -17.38666487 -6.30000000 -48.65874281 0.47843137 0.40000000 0.31372549
v -17.38666487 -8.90000000 -48.65874281 0.47843137 0.40000000 0.31372549
v -16.62983159 -6.30000000 -50.88830178 0.47843137 0.40000000 0.31372549
v -16.62983159 -8.90000000 -50.88830178 0.47843137 0.40000000 0.31372549
v -15.58845727 -6.30000000 -53.00000000 0.47843137 0.40000000 0.31372549
v -15.58845727 -8.90000000 -53.00000000 0.47843137 0.40000000 0.31372549
v -14.28036013 -6.30000000 -54.95770572 0.47843137 0.40000000 0.31372549
v -14.28036013 -8.90000000 -54.95770572 0.47843137 0.40000000 0.31372549
v -12.72792206 -6.30000000 -56.72792206 0.47843137 0.40000000 0.31372549
v -12.72792206 -8.90000000 -56.72792206 0.47843137 0.40000000 0.31372549
v -10.95770572 -6.30000000 -58.28036013 0.47843137 0.40000000 0.31372549
v -10.95770572 -8.90000000 -58.28036013 0.47843137 0.40000000 0.31372549
v -9.00000000 -6.30000000 -59.58845727 0.47843137 0.40000000 0.31372549
v -9.00000000 -8.90000000 -59.58845727 0.47843137 0.40000000 0.31372549
v -6.88830178 -6.30000000 -60.62983159 0.47843137 0.40000000 0.31372549
v -6.88830178 -8.90000000 -60.62983159 0.47843137 0.40000000 0.31372549
v -4.65874281 -6.30000000 -61.38666487 0.47843137 0.40000000 0.31372549
v -4.65874281 -8.90000000 -61.38666487 0.47843137 0.40000000 0.31372549
v -2.34947146 -6.30000000 -61.84600750 0.47843137 0.40000000 0.31372549
v -2.34947146 -8.90000000 -61.84600750 0.47843137 0.40000000 0.31372549
v -0.00000000 -6.30000000 -62.00000000 0.47843137 0.40000000 0.31372549
v -0.00000000 -8.90000000 -62.00000000 0.47843137 0.40000000 0.31372549
v 2.34947146 -6.30000000 -61.84600750 0.47843137 0.40000000 0.31372549
v 2.34947146 -8.90000000 -61.84600750 0.47843137 0.40000000 0.31372549
v 4.65874281 -6.30000000 -61.38666487 0.47843137 0.40000000 0.31372549
v 4.65874281 -8.90000000 -61.38666487 0.47843137 0.40000000 0.31372549
v 6.88830178 -6.30000000 -60.62983159 0.47843137 0.40000000 0.31372549
v 6.88830178 -8.90000000 -60.62983159 0.47843137 0.40000000 0.31372549
v 9.00000000 -6.30000000 -59.58845727 0.47843137 0.40000000 0.31372549
v 9.00000000 -8.90000000 -59.58845727 0.47843137 0.40000000 0.31372549
v 10.95770572 -6.30000000 -58.28036013 0.47843137 0.40000000 0.31372549
v 10.95770572 -8.90000000 -58.28036013 0.47843137 0.40000000 0.31372549
v 12.72792206 -6.30000000 -56.72792206 0.47843137 0.40000000 0.31372549
v 12.72792206 -8.90000000 -56.72792206 0.47843137 0.40000000 0.31372549
v 14.28036013 -6.30000000 -54.95770572 0.47843137 0.40000000 0.31372549
v 14.28036013 -8.90000000 -54.95770572 0.47843137 0.40000000 0.31372549
v 15.58845727 -6.30000000 -53.00000000 0.47843137 0.40000000 0.31372549
v 15.58845727 -8.90000000 -53.00000000 0.47843137 0.40000000 0.31372549
v 16.62983159 -6.30000000 -50.88830178 0.47843137 0.40000000 0.31372549
v 16.62983159 -8.90000000 -50.88830178 0.47843137 0.40000000 0.31372549
v 17.38666487 -6.30000000 -48.65874281 0.47843137 0.40000000 0.31372549
v 17.38666487 -8.90000000 -48.65874281 0.47843137 0.40000000 0.31372549
v 17.84600750 -6.30000000 -46.34947146 0.47843137 0.40000000 0.31372549
v 17.84600750 -8.90000000 -46.34947146 0.47843137 0.40000000 0.31372549
v 0.00000000 -8.82500000 -44.00000000 0.29019608 0.23921569 0.19215686
v 12.00000000 -8.82500000 -44.00000000 0.29019608 0.23921569 0.19215686
v 12.00000000 -8.97500000 -44.00000000 0.29019608 0.23921569 0.19215686
v 0.00000000 -8.97500000 -44.00000000 0.29019608 0.23921569 0.19215686
v 11.94221672 -8.82500000 -42.82379432 0.29019608 0.23921569 0.19215686
v 11.94221672 -8.97500000 -42.82379432 0.29019608 0.23921569 0.19215686
v 11.76942336 -8.82500000 -41.65891614 0.29019608 0.23921569 0.19215686
v 11.76942336 -8.97500000 -41.65891614 0.29019608 0.23921569 0.19215686
v 11.48328403 -8.82500000 -40.51658387 0.29019608 0.23921569 0.19215686
v 11.48328403 -8.97500000 -40.51658387 0.29019608 0.23921569 0.19215686
v 11.08655439 -8.82500000 -39.40779881 0.29019608 0.23921569 0.19215686
v 11.08655439 -8.97500000 -39.40779881 0.29019608 0.23921569 0.19215686
v 10.58305517 -8.82500000 -38.34323916 0.29019608 0.23921569 0.19215686
v 10.58305517 -8.97500000 -38.34323916 0.29019608 0.23921569 0.19215686
v 9.97763535 -8.82500000 -37.33315720 0.29019608 0.23921569 0.19215686
v 9.97763535 -8.97500000 -37.33315720 0.29019608 0.23921569 0.19215686
v 9.27612544 -8.82500000 -36.38728059 0.29019608 0.23921569 0.19215686
v 9.27612544 -8.97500000 -36.38728059 0.29019608 0.23921569 0.19215686
v 8.48528137 -8.82500000 -35.51471863 0.29019608 0.23921569 0.19215686
v 8.48528137 -8.97500000 -35.51471863 0.29019608 0.23921569 0.19215686
v 7.61271941 -8.82500000 -34.72387456 0.29019608 0.23921569 0.19215686
v 7.61271941 -8.97500000 -34.72387456 0.29019608 0.23921569 0.19215686
v 6.66684280 -8.82500000 -34.02236465 0.29019608 0.23921569 0.19215686
v 6.66684280 -8.97500000 -34.02236465 0.29019608 0.23921569 0.19215686
v 5.65676084 -8.82500000 -33.41694483 0.29019608 0.23921569 0.19215686
v 5.65676084 -8.97500000 -33.41694483 0.29019608 0.23921569 0.19215686
v 4.59220119 -8.82500000 -32.91344561 0.29019608 0.23921569 0.19215686
v 4.59220119 -8.97500000 -32.91344561 0.29019608 0.23921569 0.19215686
v 3.48341613 -8.82500000 -32.51671597 0.29019608 0.23921569 0.19215686
v 3.48341613 -8.97500000 -32.51671597 0.29019608 0.23921569 0.19215686
v 2.34108386 -8.82500000 -32.23057664 0.29019608 0.23921569 0.19215686
v 2.34108386 -8.97500000 -32.23057664 0.29019608 0.23921569 0.19215686
v 1.17620568 -8.82500000 -32.05778328 0.29019608 0.23921569 0.19215686
v 1.17620568 -8.97500000 -32.05778328 0.29019608 0.23921569 0.19215686
v 0.00000000 -8.82500000 -32.00000000 0.29019608 0.23921569 0.19215686
v 0.00000000 -8.97500000 -32.00000000 0.29019608 0.23921569 0.19215686
v -1.17620568 -8.82500000 -32.05778328 0.29019608 0.23921569 0.19215686
v -1.17620568 -8.97500000 -32.05778328 0.29019608 0.23921569 0.19215686
v -2.34108386 -8.82500000 -32.23057664 0.29019608 0.23921569 0.19215686
v -2.34108386 -8.97500000 -32.23057664 0.29019608 0.23921569 0.19215686
v -3.48341613 -8.82500000 -32.51671597 0.29019608 0.23921569 0.19215686
v -3.48341613 -8.97500000 -32.51671597 0.29019608 0.23921569 0.19215686
v -4.59220119 -8.82500000 -32.91344561 0.29019608 0.23921569 0.19215686
v -4.59220119 -8.97500000 -32.91344561 0.29019608 0.23921569 0.19215686
v -5.65676084 -8.82500000 -33.41694483 0.29019608 0.23921569 0.19215686
v -5.65676084 -8.97500000 -33.41694483 0.29019608 0.23921569 0.19215686
v -6.66684280 -8.82500000 -34.02236465 0.29019608 0.23921569 0.19215686
v -6.66684280 -8.97500000 -34.02236465 0.29019608 0.23921569 0.19215686
v -7.61271941 -8.82500000 -34.72387456 0.29019608 0.23921569 0.19215686
v -7.61271941 -8.97500000 -34.72387456 0.29019608 0.23921569 0.19215686
v -8.48528137 -8.82500000 -35.51471863 0.29019608 0.23921569 0.19215686
v -8.48528137 -8.97500000 -35.51471863 0.29019608 0.23921569 0.19215686
v -9.27612544 -8.82500000 -36.38728059 0.29019608 0.23921569 0.19215686
v -9.27612544 -8.97500000 -36.38728059 0.29019608 0.23921569 0.19215686
v -9.97763535 -8.82500000 -37.33315720 0.29019608 0.23921569 0.19215686
v -9.97763535 -8.97500000 -37.33315720 0.29019608 0.23921569 0.19215686
v -10.58305517 -8.82500000 -38.34323916 0.29019608 0.23921569 0.19215686
v -10.58305517 -8.97500000 -38.34323916 0.29019608 0.23921569 0.19215686
v -11.08655439 -8.82500000 -39.40779881 0.29019608 0.23921569 0.19215686
v -11.08655439 -8.97500000 -39.40779881 0.29019608 0.23921569 0.19215686
v -11.48328403 -8.82500000 -40.51658387 0.29019608 0.23921569 0.19215686
v -11.48328403 -8.97500000 -40.51658387 0.29019608 0.23921569 0.19215686
v -11.76942336 -8.82500000 -41.65891614 0.29019608 0.23921569 0.19215686
v -11.76942336 -8.97500000 -41.65891614 0.29019608 0.23921569 0.19215686
v -11.94221672 -8.82500000 -42.82379432 0.29019608 0.23921569 0.19215686
v -11.94221672 -8.97500000 -42.82379432 0.29019608 0.23921569 0.19215686
v -12.00000000 -8.82500000 -44.00000000 0.29019608 0.23921569 0.19215686
v -12.00000000 -8.97500000 -44.00000000 0.29019608 0.23921569 0.19215686
v -11.94221672 -8.82500000 -45.17620568 0.29019608 0.23921569 0.19215686
v -11.94221672 -8.97500000 -45.17620568 0.29019608 0.23921569 0.19215686
v -11.76942336 -8.82500000 -46.34108386 0.29019608 0.23921569 0.19215686
v -11.76942336 -8.97500000 -46.34108386 0.29019608 0.23921569 0.19215686
v -11.48328403 -8.82500000 -47.48341613 0.29019608 0.23921569 0.19215686
v -11.48328403 -8.97500000 -47.48341613 0.29019608 0.23921569 0.19215686
v -11.08655439 -8.82500000 -48.59220119 0.29019608 0.23921569 0.19215686
v -11.08655439 -8.97500000 -48.59220119 0.29019608 0.23921569 0.19215686
v -10.58305517 -8.82500000 -49.65676084 0.29019608 0.23921569 0.19215686
v -10.58305517 -8.97500000 -49.65676084 0.29019608 0.23921569 0.19215686
v -9.97763535 -8.82500000 -50.66684280 0.29019608 0.23921569 0.19215686
v -9.97763535 -8.97500000 -50.66684280 0.29019608 0.23921569 0.19215686
v -9.27612544 -8.82500000 -51.61271941 0.29019608 0.23921569 0.19215686
v -9.27612544 -8.97500000 -51.61271941 0.29019608 0.23921569 0.19215686
v -8.48528137 -8.82500000 -52.48528137 0.29019608 0.23921569 0.19215686
v -8.48528137 -8.97500000 -52.48528137 0.29019608 0.23921569 0.19215686
v -7.61271941 -8.82500000 -53.27612544 0.29019608 0.23921569 0.19215686
v -7.61271941 -8.97500000 -53.27612544 0.29019608 0.23921569 0.19215686
v -6.66684280 -8.82500000 -53.97763535 0.29019608 0.23921569 0.19215686
v -6.66684280 -8.97500000 -53.97763535 0.29019608 0.23921569 0.19215686
v -5.65676084 -8.82500000 -54.58305517 0.29019608 0.23921569 0.19215686
v -5.65676084 -8.97500000 -54.58305517 0.29019608 0.23921569 0.19215686
v -4.59220119 -8.82500000 -55.08655439 0.29019608 0.23921569 0.19215686
v -4.59220119 -8.97500000 -55.08655439 0.29019608 0.23921569 0.19215686
v -3.48341613 -8.82500000 -55.48328403 0.29019608 0.23921569 0.19215686
v -3.48341613 -8.97500000 -55.48328403 0.29019608 0.23921569 0.19215686
v -2.34108386 -8.82500000 -55.76942336 0.29019608 0.23921569 0.19215686
v -2.34108386 -8.97500000 -55.76942336 0.29019608 0.23921569 0.19215686
v -1.17620568 -8.82500000 -55.94221672 0.29019608 0.23921569 0.19215686
v -1.17620568 -8.97500000 -55.94221672 0.29019608 0.23921569 0.19215686
v -0.00000000 -8.82500000 -56.00000000 0.29019608 0.23921569 0.19215686
v -0.00000000 -8.97500000 -56.00000000 0.29019608 0.23921569 0.19215686
v 1.17620568 -8.82500000 -55.94221672 0.29019608 0.23921569 0.19215686
v 1.17620568 -8.97500000 -55.94221672 0.29019608 0.23921569 0.19215686
v 2.34108386 -8.82500000 -55.76942336 0.29019608 0.23921569 0.19215686
v 2.34108386 -8.97500000 -55.76942336 0.29019608 0.23921569 0.19215686
v 3.48341613 -8.82500000 -55.48328403 0.29019608 0.23921569 0.19215686
v 3.48341613 -8.97500000 -55.48328403 0.29019608 0.23921569 0.19215686
v 4.59220119 -8.82500000 -55.08655439 0.29019608 0.23921569 0.19215686
v 4.59220119 -8.97500000 -55.08655439 0.29019608 0.23921569 0.19215686
v 5.65676084 -8.82500000 -54.58305517 0.29019608 0.23921569 0.19215686
v 5.65676084 -8.97500000 -54.58305517 0.29019608 0.23921569 0.19215686
v 6.66684280 -8.82500000 -53.97763535 0.29019608 0.23921569 0.19215686
v 6.66684280 -8.97500000 -53.97763535 0.29019608 0.23921569 0.19215686
v 7.61271941 -8.82500000 -53.27612544 0.29019608 0.23921569 0.19215686
v 7.61271941 -8.97500000 -53.27612544 0.29019608 0.23921569 0.19215686
v 8.48528137 -8.82500000 -52.48528137 0.29019608 0.23921569 0.19215686
v 8.48528137 -8.97500000 -52.48528137 0.29019608 0.23921569 0.19215686
v 9.27612544 -8.82500000 -51.61271941 0.29019608 0.23921569 0.19215686
v 9.27612544 -8.97500000 -51.61271941 0.29019608 0.23921569 0.19215686
v 9.97763535 -8.82500000 -50.66684280 0.29019608 0.23921569 0.19215686
v 9.97763535 -8.97500000 -50.66684280 0.29019608 0.23921569 0.19215686
v 10.58305517 -8.82500000 -49.65676084 0.29019608 0.23921569 0.19215686
v 10.58305517 -8.97500000 -49.65676084 0.29019608 0.23921569 0.19215686
v 11.08655439 -8.82500000 -48.59220119 0.29019608 0.23921569 0.19215686
v 11.08655439 -8.97500000 -48.59220119 0.29019608 0.23921569 0.19215686
v 11.48328403 -8.82500000 -47.48341613 0.29019608 0.23921569 0.19215686
v 11.48328403 -8.97500000 -47.48341613 0.29019608 0.23921569 0.19215686
v 11.76942336 -8.82500000 -46.34108386 0.29019608 0.23921569 0.19215686
v 11.76942336 -8.97500000 -46.34108386 0.29019608 0.23921569 0.19215686
v 11.94221672 -8.82500000 -45.17620568 0.29019608 0.23921569 0.19215686
v 11.94221672 -8.97500000 -45.17620568 0.29019608 0.23921569 0.19215686
v -17.50000000 0.05000000 96.00000000 0.20392157 0.81960784 0.65098039
v -24.50000000 0.05000000 96.00000000 0.20392157 0.81960784 0.65098039
v -17.50000000 0.05000000 -8.00000000 0.20392157 0.81960784 0.65098039
v -24.50000000 0.05000000 -8.00000000 0.20392157 0.81960784 0.65098039
v -17.52200727 0.05000000 -7.60812433 0.20392157 0.81960784 0.65098039
v -24.47799273 0.05000000 -8.39187567 0.20392157 0.81960784 0.65098039
v -17.06123846 0.05000000 -11.89411634 0.20392157 0.81960784 0.65098039
v -23.88573385 0.05000000 -13.45176288 0.20392157 0.81960784 0.65098039
v -15.76695519 0.05000000 -15.59296543 0.20392157 0.81960784 0.65098039
v -22.07373726 0.05000000 -18.63015161 0.20392157 0.81960784 0.65098039
v -13.68205094 0.05000000 -18.91107153 0.20392157 0.81960784 0.65098039
v -19.15487132 0.05000000 -23.27550015 0.20392157 0.81960784 0.65098039
v -10.91107153 0.05000000 -21.68205094 0.20392157 0.81960784 0.65098039
v -15.27550015 0.05000000 -27.15487132 0.20392157 0.81960784 0.65098039
v -7.59296543 0.05000000 -23.76695519 0.20392157 0.81960784 0.65098039
v -10.63015161 0.05000000 -30.07373726 0.20392157 0.81960784 0.65098039
v -3.89411634 0.05000000 -25.06123846 0.20392157 0.81960784 0.65098039
v -5.45176288 0.05000000 -31.88573385 0.20392157 0.81960784 0.65098039
v 0.00000000 0.05000000 -25.50000000 0.20392157 0.81960784 0.65098039
v 0.00000000 0.05000000 -32.50000000 0.20392157 0.81960784 0.65098039
v 3.89411634 0.05000000 -25.06123846 0.20392157 0.81960784 0.65098039
v 5.45176288 0.05000000 -31.88573385 0.20392157 0.81960784 0.65098039
v 7.59296543 0.05000000 -23.76695519 0.20392157 0.81960784 0.65098039
v 10.63015161 0.05000000 -30.07373726 0.20392157 0.81960784 0.65098039
v 10.91107153 0.05000000 -21.68205094 0.20392157 0.81960784 0.65098039
v 15.27550015 0.05000000 -27.15487132 0.20392157 0.81960784 0.65098039
v 13.68205094 0.05000000 -18.91107153 0.20392157 0.81960784 0.65098039
v 19.15487132 0.05000000 -23.27550015 0.20392157 0.81960784 0.65098039
v 15.76695519 0.05000000 -15.59296543 0.20392157 0.81960784 0.65098039
v 22.07373726 0.05000000 -18.63015161 0.20392157 0.81960784 0.65098039
v 17.06123846 0.05000000 -11.89411634 0.20392157 0.81960784 0.65098039
v 23.88573385 0.05000000 -13.45176288 0.20392157 0.81960784 0.65098039
v 17.52200727 0.05000000 -7.60812433 0.20392157 0.81960784 0.65098039
v 24.47799273 0.05000000 -8.39187567 0.20392157 0.81960784 0.65098039
v 17.50000000 0.05000000 -8.00000000 0.20392157 0.81960784 0.65098039
v 24.50000000 0.05000000 -8.00000000 0.20392157 0.81960784 0.65098039
v 17.50000000 0.05000000 96.00000000 0.20392157 0.81960784 0.65098039
v 24.50000000 0.05000000 96.00000000 0.20392157 0.81960784 0.65098039
v -36.50000000 0.02000000 102.00000000 0.30196078 0.61568627 0.89803922
v -43.50000000 0.02000000 102.00000000 0.30196078 0.61568627 0.89803922
v -36.50000000 0.02000000 -34.00000000 0.30196078 0.61568627 0.89803922
v -43.50000000 0.02000000 -34.00000000 0.30196078 0.61568627 0.89803922
v -36.51331856 0.02000000 -33.69495490 0.30196078 0.61568627 0.89803922
v -43.48668144 0.02000000 -34.30504510 0.30196078 0.61568627 0.89803922
v -35.94548298 0.02000000 -40.33815848 0.30196078 0.61568627 0.89803922
v -42.83913726 0.02000000 -41.55369573 0.30196078 0.61568627 0.89803922
v -34.29878066 0.02000000 -46.48373523 0.30196078 0.61568627 0.89803922
v -40.87662900 0.02000000 -48.87787623 0.30196078 0.61568627 0.89803922
v -31.60992724 0.02000000 -52.25000000 0.30196078 0.61568627 0.89803922
v -37.67210506 0.02000000 -55.75000000 0.30196078 0.61568627 0.89803922
v -27.96062217 0.02000000 -57.46174775 0.30196078 0.61568627 0.89803922
v -33.32293328 0.02000000 -61.96126102 0.30196078 0.61568627 0.89803922
v -23.46174775 0.02000000 -61.96062217 0.30196078 0.61568627 0.89803922
v -27.96126102 0.02000000 -67.32293328 0.30196078 0.61568627 0.89803922
v -18.25000000 0.02000000 -65.60992724 0.30196078 0.61568627 0.89803922
v -21.75000000 0.02000000 -71.67210506 0.30196078 0.61568627 0.89803922
v -12.48373523 0.02000000 -68.29878066 0.30196078 0.61568627 0.89803922
v -14.87787623 0.02000000 -74.87662900 0.30196078 0.61568627 0.89803922
v -6.33815848 0.02000000 -69.94548298 0.30196078 0.61568627 0.89803922
v -7.55369573 0.02000000 -76.83913726 0.30196078 0.61568627 0.89803922
v 0.00000000 0.02000000 -70.50000000 0.30196078 0.61568627 0.89803922
v 0.00000000 0.02000000 -77.50000000 0.30196078 0.61568627 0.89803922
v 6.33815848 0.02000000 -69.94548298 0.30196078 0.61568627 0.89803922
v 7.55369573 0.02000000 -76.83913726 0.30196078 0.61568627 0.89803922
v 12.48373523 0.02000000 -68.29878066 0.30196078 0.61568627 0.89803922
v 14.87787623 0.02000000 -74.87662900 0.30196078 0.61568627 0.89803922
v 18.25000000 0.02000000 -65.60992724 0.30196078 0.61568627 0.89803922
v 21.75000000 0.02000000 -71.67210506 0.30196078 0.61568627 0.89803922
v 23.46174775 0.02000000 -61.96062217 0.30196078 0.61568627 0.89803922
v 27.96126102 0.02000000 -67.32293328 0.30196078 0.61568627 0.89803922
v 27.96062217 0.02000000 -57.46174775 0.30196078 0.61568627 0.89803922
v 33.32293328 0.02000000 -61.96126102 0.30196078 0.61568627 0.89803922
v 31.60992724 0.02000000 -52.25000000 0.30196078 0.61568627 0.89803922
v 37.67210506 0.02000000 -55.75000000 0.30196078 0.61568627 0.89803922
v 34.29878066 0.02000000 -46.48373523 0.30196078 0.61568627 0.89803922
v 40.87662900 0.02000000 -48.87787623 0.30196078 0.61568627 0.89803922
v 35.94548298 0.02000000 -40.33815848 0.30196078 0.61568627 0.89803922
v 42.83913726 0.02000000 -41.55369573 0.30196078 0.61568627 0.89803922
v 36.51331856 0.02000000 -33.69495490 0.30196078 0.61568627 0.89803922
v 43.48668144 0.02000000 -34.30504510 0.30196078 0.61568627 0.89803922
v 36.50000000 0.02000000 -34.00000000 0.30196078 0.61568627 0.89803922
v 43.50000000 0.02000000 -34.00000000 0.30196078 0.61568627 0.89803922
v 36.50000000 0.02000000 102.00000000 0.30196078 0.61568627 0.89803922
v 43.50000000 0.02000000 102.00000000 0.30196078 0.61568627 0.89803922
v -30.00000000 1.40000000 103.00000000 0.13725490 0.16862745 0.19215686
v -18.00000000 1.40000000 103.00000000 0.13725490 0.16862745 0.19215686
v -18.00000000 0.00000000 103.00000000 0.13725490 0.16862745 0.19215686
v -30.00000000 0.00000000 103.00000000 0.13725490 0.16862745 0.19215686
v -18.10266166 1.40000000 104.56631431 0.13725490 0.16862745 0.19215686
v -18.10266166 0.00000000 104.56631431 0.13725490 0.16862745 0.19215686
v -18.40889008 1.40000000 106.10582854 0.13725490 0.16862745 0.19215686
v -18.40889008 0.00000000 106.10582854 0.13725490 0.16862745 0.19215686
v -18.91344561 1.40000000 107.59220119 0.13725490 0.16862745 0.19215686
v -18.91344561 0.00000000 107.59220119 0.13725490 0.16862745 0.19215686
v -19.60769515 1.40000000 109.00000000 0.13725490 0.16862745 0.19215686
v -19.60769515 0.00000000 109.00000000 0.13725490 0.16862745 0.19215686
v -20.47975992 1.40000000 110.30513715 0.13725490 0.16862745 0.19215686
v -20.47975992 0.00000000 110.30513715 0.13725490 0.16862745 0.19215686
v -21.51471863 1.40000000 111.48528137 0.13725490 0.16862745 0.19215686
v -21.51471863 0.00000000 111.48528137 0.13725490 0.16862745 0.19215686
v -22.69486285 1.40000000 112.52024008 0.13725490 0.16862745 0.19215686
v -22.69486285 0.00000000 112.52024008 0.13725490 0.16862745 0.19215686
v -24.00000000 1.40000000 113.39230485 0.13725490 0.16862745 0.19215686
v -24.00000000 0.00000000 113.39230485 0.13725490 0.16862745 0.19215686
v -25.40779881 1.40000000 114.08655439 0.13725490 0.16862745 0.19215686
v -25.40779881 0.00000000 114.08655439 0.13725490 0.16862745 0.19215686
v -26.89417146 1.40000000 114.59110992 0.13725490 0.16862745 0.19215686
v -26.89417146 0.00000000 114.59110992 0.13725490 0.16862745 0.19215686
v -28.43368569 1.40000000 114.89733834 0.13725490 0.16862745 0.19215686
v -28.43368569 0.00000000 114.89733834 0.13725490 0.16862745 0.19215686
v -30.00000000 1.40000000 115.00000000 0.13725490 0.16862745 0.19215686
v -30.00000000 0.00000000 115.00000000 0.13725490 0.16862745 0.19215686
v -31.56631431 1.40000000 114.89733834 0.13725490 0.16862745 0.19215686
v -31.56631431 0.00000000 114.89733834 0.13725490 0.16862745 0.19215686
v -33.10582854 1.40000000 114.59110992 0.13725490 0.16862745 0.19215686
v -33.10582854 0.00000000 114.59110992 0.13725490 0.16862745 0.19215686
v -34.59220119 1.40000000 114.08655439 0.13725490 0.16862745 0.19215686
v -34.59220119 0.00000000 114.08655439 0.13725490 0.16862745 0.19215686
v -36.00000000 1.40000000 113.39230485 0.13725490 0.16862745 0.19215686
v -36.00000000 0.00000000 113.39230485 0.13725490 0.16862745 0.19215686
v -37.30513715 1.40000000 112.52024008 0.13725490 0.16862745 0.19215686
v -37.30513715 0.00000000 112.52024008 0.13725490 0.16862745 0.19215686
v -38.48528137 1.40000000 111.48528137 0.13725490 0.16862745 0.19215686
v -38.48528137 0.00000000 111.48528137 0.13725490 0.16862745 0.19215686
v -39.52024008 1.40000000 110.30513715 0.13725490 0.16862745 0.19215686
v -39.52024008 0.00000000 110.30513715 0.13725490 0.16862745 0.19215686
v -40.39230485 1.40000000 109.00000000 0.13725490 0.16862745 0.19215686
v -40.39230485 0.00000000 109.00000000 0.13725490 0.16862745 0.19215686
v -41.08655439 1.40000000 107.59220119 0.13725490 0.16862745 0.19215686
v -41.08655439 0.00000000 107.59220119 0.13725490 0.16862745 0.19215686
v -41.59110992 1.40000000 106.10582854 0.13725490 0.16862745 0.19215686
v -41.59110992 0.00000000 106.10582854 0.13725490 0.16862745 0.19215686
v -41.89733834 1.40000000 104.56631431 0.13725490 0.16862745 0.19215686
v -41.89733834 0.00000000 104.56631431 0.13725490 0.16862745 0.19215686
v -42.00000000 1.40000000 103.00000000 0.13725490 0.16862745 0.19215686
v -42.00000000 0.00000000 103.00000000 0.13725490 0.16862745 0.19215686
v -41.89733834 1.40000000 101.43368569 0.13725490 0.16862745 0.19215686
v -41.89733834 -0.00000000 101.43368569 0.13725490 0.16862745 0.19215686
v -41.59110992 1.40000000 99.89417146 0.13725490 0.16862745 0.19215686
v -41.59110992 -0.00000000 99.89417146 0.13725490 0.16862745 0.19215686
v -41.08655439 1.40000000 98.40779881 0.13725490 0.16862745 0.19215686
v -41.08655439 -0.00000000 98.40779881 0.13725490 0.16862745 0.19215686
v -40.39230485 1.40000000 97.00000000 0.13725490 0.16862745 0.19215686
v -40.39230485 -0.00000000 97.00000000 0.13725490 0.16862745 0.19215686
v -39.52024008 1.40000000 95.69486285 0.13725490 0.16862745 0.19215686
v -39.52024008 -0.00000000 95.69486285 0.13725490 0.16862745 0.19215686
v -38.48528137 1.40000000 94.51471863 0.13725490 0.16862745 0.19215686
v -38.48528137 -0.00000000 94.51471863 0.13725490 0.16862745 0.19215686
v -37.30513715 1.40000000 93.47975992 0.13725490 0.16862745 0.19215686
v -37.30513715 -0.00000000 93.47975992 0.13725490 0.16862745 0.19215686
v -36.00000000 1.40000000 92.60769515 0.13725490 0.16862745 0.19215686
v -36.00000000 -0.00000000 92.60769515 0.13725490 0.16862745 0.19215686
v -34.59220119 1.40000000 91.91344561 0.13725490 0.16862745 0.19215686
v -34.59220119 -0.00000000 91.91344561 0.13725490 0.16862745 0.19215686
v -33.10582854 1.40000000 91.40889008 0.13725490 0.16862745 0.19215686
v -33.10582854 -0.00000000 91.40889008 0.13725490 0.16862745 0.19215686
v -31.56631431 1.40000000 91.10266166 0.13725490 0.16862745 0.19215686
v -31.56631431 -0.00000000 91.10266166 0.13725490 0.16862745 0.19215686
v -30.00000000 1.40000000 91.00000000 0.13725490 0.16862745 0.19215686
v -30.00000000 -0.00000000 91.00000000 0.13725490 0.16862745 0.19215686
v -28.43368569 1.40000000 91.10266166 0.13725490 0.16862745 0.19215686
v -28.43368569 -0.00000000 91.10266166 0.13725490 0.16862745 0.19215686
v -26.89417146 1.40000000 91.40889008 0.13725490 0.16862745 0.19215686
v -26.89417146 -0.00000000 91.40889008 0.13725490 0.16862745 0.19215686
v -25.40779881 1.40000000 91.91344561 0.13725490 0.16862745 0.19215686
v -25.40779881 -0.00000000 91.91344561 0.13725490 0.16862745 0.19215686
v -24.00000000 1.40000000 92.60769515 0.13725490 0.16862745 0.19215686
v -24.00000000 -0.00000000 92.60769515 0.13725490 0.16862745 0.19215686
v -22.69486285 1.40000000 93.47975992 0.13725490 0.16862745 0.19215686
v -22.69486285 -0.00000000 93.47975992 0.13725490 0.16862745 0.19215686
v -21.51471863 1.40000000 94.51471863 0.13725490 0.16862745 0.19215686
v -21.51471863 -0.00000000 94.51471863 0.13725490 0.16862745 0.19215686
v -20.47975992 1.40000000 95.69486285 0.13725490 0.16862745 0.19215686
v -20.47975992 -0.00000000 95.69486285 0.13725490 0.16862745 0.19215686
v -19.60769515 1.40000000 97.00000000 0.13725490 0.16862745 0.19215686
v -19.60769515 -0.00000000 97.00000000 0.13725490 0.16862745 0.19215686
v -18.91344561 1.40000000 98.40779881 0.13725490 0.16862745 0.19215686
v -18.91344561 -0.00000000 98.40779881 0.13725490 0.16862745 0.19215686
v -18.40889008 1.40000000 99.89417146 0.13725490 0.16862745 0.19215686
v -18.40889008 -0.00000000 99.89417146 0.13725490 0.16862745 0.19215686
v -18.10266166 1.40000000 101.43368569 0.13725490 0.16862745 0.19215686
v -18.10266166 -0.00000000 101.43368569 0.13725490 0.16862745 0.19215686
v -30.00000000 1.52500000 103.00000000 0.30196078 0.61568627 0.89803922
v -19.40000000 1.52500000 103.00000000 0.30196078 0.61568627 0.89803922
v -19.40000000 1.37500000 103.00000000 0.30196078 0.61568627 0.89803922
v -30.00000000 1.37500000 103.00000000 0.30196078 0.61568627 0.89803922
v -19.45104190 1.52500000 104.03898169 0.30196078 0.61568627 0.89803922
v -19.45104190 1.37500000 104.03898169 0.30196078 0.61568627 0.89803922
v -19.60367603 1.52500000 105.06795741 0.30196078 0.61568627 0.89803922
v -19.60367603 1.37500000 105.06795741 0.30196078 0.61568627 0.89803922
v -19.85643244 1.52500000 106.07701758 0.30196078 0.61568627 0.89803922
v -19.85643244 1.37500000 106.07701758 0.30196078 0.61568627 0.89803922
v -20.20687696 1.52500000 107.05644438 0.30196078 0.61568627 0.89803922
v -20.20687696 1.37500000 107.05644438 0.30196078 0.61568627 0.89803922
v -20.65163460 1.52500000 107.99680541 0.30196078 0.61568627 0.89803922
v -20.65163460 1.37500000 107.99680541 0.30196078 0.61568627 0.89803922
v -21.18642211 1.52500000 108.88904447 0.30196078 0.61568627 0.89803922
v -21.18642211 1.37500000 108.88904447 0.30196078 0.61568627 0.89803922
v -21.80608919 1.52500000 109.72456881 0.30196078 0.61568627 0.89803922
v -21.80608919 1.37500000 109.72456881 0.30196078 0.61568627 0.89803922
v -22.50466812 1.52500000 110.49533188 0.30196078 0.61568627 0.89803922
v -22.50466812 1.37500000 110.49533188 0.30196078 0.61568627 0.89803922
v -23.27543119 1.52500000 111.19391081 0.30196078 0.61568627 0.89803922
v -23.27543119 1.37500000 111.19391081 0.30196078 0.61568627 0.89803922
v -24.11095553 1.52500000 111.81357789 0.30196078 0.61568627 0.89803922
v -24.11095553 1.37500000 111.81357789 0.30196078 0.61568627 0.89803922
v -25.00319459 1.52500000 112.34836540 0.30196078 0.61568627 0.89803922
v -25.00319459 1.37500000 112.34836540 0.30196078 0.61568627 0.89803922
v -25.94355562 1.52500000 112.79312304 0.30196078 0.61568627 0.89803922
v -25.94355562 1.37500000 112.79312304 0.30196078 0.61568627 0.89803922
v -26.92298242 1.52500000 113.14356756 0.30196078 0.61568627 0.89803922
v -26.92298242 1.37500000 113.14356756 0.30196078 0.61568627 0.89803922
v -27.93204259 1.52500000 113.39632397 0.30196078 0.61568627 0.89803922
v -27.93204259 1.37500000 113.39632397 0.30196078 0.61568627 0.89803922
v -28.96101831 1.52500000 113.54895810 0.30196078 0.61568627 0.89803922
v -28.96101831 1.37500000 113.54895810 0.30196078 0.61568627 0.89803922
v -30.00000000 1.52500000 113.60000000 0.30196078 0.61568627 0.89803922
v -30.00000000 1.37500000 113.60000000 0.30196078 0.61568627 0.89803922
v -31.03898169 1.52500000 113.54895810 0.30196078 0.61568627 0.89803922
v -31.03898169 1.37500000 113.54895810 0.30196078 0.61568627 0.89803922
v -32.06795741 1.52500000 113.39632397 0.30196078 0.61568627 0.89803922
v -32.06795741 1.37500000 113.39632397 0.30196078 0.61568627 0.89803922
v -33.07701758 1.52500000 113.14356756 0.30196078 0.61568627 0.89803922
v -33.07701758 1.37500000 113.14356756 0.30196078 0.61568627 0.89803922
v -34.05644438 1.52500000 112.79312304 0.30196078 0.61568627 0.89803922
v -34.05644438 1.37500000 112.79312304 0.30196078 0.61568627 0.89803922
v -34.99680541 1.52500000 112.34836540 0.30196078 0.61568627 0.89803922
v -34.99680541 1.37500000 112.34836540 0.30196078 0.61568627 0.89803922
v -35.88904447 1.52500000 111.81357789 0.30196078 0.61568627 0.89803922
v -35.88904447 1.37500000 111.81357789 0.30196078 0.61568627 0.89803922
v -36.72456881 1.52500000 111.19391081 0.30196078 0.61568627 0.89803922
v -36.72456881 1.37500000 111.19391081 0.30196078 0.61568627 0.89803922
v -37.49533188 1.52500000 110.49533188 0.30196078 0.61568627 0.89803922
v -37.49533188 1.37500000 110.49533188 0.30196078 0.61568627 0.89803922
v -38.19391081 1.52500000 109.72456881 0.30196078 0.61568627 0.89803922
v -38.19391081 1.37500000 109.72456881 0.30196078 0.61568627 0.89803922
v -38.81357789 1.52500000 108.88904447 0.30196078 0.61568627 0.89803922
v -38.81357789 1.37500000 108.88904447 0.30196078 0.61568627 0.89803922
v -39.34836540 1.52500000 107.99680541 0.30196078 0.61568627 0.89803922
v -39.34836540 1.37500000 107.99680541 0.30196078 0.61568627 0.89803922
v -39.79312304 1.52500000 107.05644438 0.30196078 0.61568627 0.89803922
v -39.79312304 1.37500000 107.05644438 0.30196078 0.61568627 0.89803922
v -40.14356756 1.52500000 106.07701758 0.30196078 0.61568627 0.89803922
v -40.14356756 1.37500000 106.07701758 0.30196078 0.61568627 0.89803922
v -40.39632397 1.52500000 105.06795741 0.30196078 0.61568627 0.89803922
v -40.39632397 1.37500000 105.06795741 0.30196078 0.61568627 0.89803922
v -40.54895810 1.52500000 104.03898169 0.30196078 0.61568627 0.89803922
v -40.54895810 1.37500000 104.03898169 0.30196078 0.61568627 0.89803922
v -40.60000000 1.52500000 103.00000000 0.30196078 0.61568627 0.89803922
v -40.60000000 1.37500000 103.00000000 0.30196078 0.61568627 0.89803922
v -40.54895810 1.52500000 101.96101831 0.30196078 0.61568627 0.89803922
v -40.54895810 1.37500000 101.96101831 0.30196078 0.61568627 0.89803922
v -40.39632397 1.52500000 100.93204259 0.30196078 0.61568627 0.89803922
v -40.39632397 1.37500000 100.93204259 0.30196078 0.61568627 0.89803922
v -40.14356756 1.52500000 99.92298242 0.30196078 0.61568627 0.89803922
v -40.14356756 1.37500000 99.92298242 0.30196078 0.61568627 0.89803922
v -39.79312304 1.52500000 98.94355562 0.30196078 0.61568627 0.89803922
v -39.79312304 1.37500000 98.94355562 0.30196078 0.61568627 0.89803922
v -39.34836540 1.52500000 98.00319459 0.30196078 0.61568627 0.89803922
v -39.34836540 1.37500000 98.00319459 0.30196078 0.61568627 0.89803922
v -38.81357789 1.52500000 97.11095553 0.30196078 0.61568627 0.89803922
v -38.81357789 1.37500000 97.11095553 0.30196078 0.61568627 0.89803922
v -38.19391081 1.52500000 96.27543119 0.30196078 0.61568627 0.89803922
v -38.19391081 1.37500000 96.27543119 0.30196078 0.61568627 0.89803922
v -37.49533188 1.52500000 95.50466812 0.30196078 0.61568627 0.89803922
v -37.49533188 1.37500000 95.50466812 0.30196078 0.61568627 0.89803922
v -36.72456881 1.52500000 94.80608919 0.30196078 0.61568627 0.89803922
v -36.72456881 1.37500000 94.80608919 0.30196078 0.61568627 0.89803922
v -35.88904447 1.52500000 94.18642211 0.30196078 0.61568627 0.89803922
v -35.88904447 1.37500000 94.18642211 0.30196078 0.61568627 0.89803922
v -34.99680541 1.52500000 93.65163460 0.30196078 0.61568627 0.89803922
v -34.99680541 1.37500000 93.65163460 0.30196078 0.61568627 0.89803922
v -34.05644438 1.52500000 93.20687696 0.30196078 0.61568627 0.89803922
v -34.05644438 1.37500000 93.20687696 0.30196078 0.61568627 0.89803922
v -33.07701758 1.52500000 92.85643244 0.30196078 0.61568627 0.89803922
v -33.07701758 1.37500000 92.85643244 0.30196078 0.61568627 0.89803922
v -32.06795741 1.52500000 92.60367603 0.30196078 0.61568627 0.89803922
v -32.06795741 1.37500000 92.60367603 0.30196078 0.61568627 0.89803922
v -31.03898169 1.52500000 92.45104190 0.30196078 0.61568627 0.89803922
v -31.03898169 1.37500000 92.45104190 0.30196078 0.61568627 0.89803922
v -30.00000000 1.52500000 92.40000000 0.30196078 0.61568627 0.89803922
v -30.00000000 1.37500000 92.40000000 0.30196078 0.61568627 0.89803922
v -28.96101831 1.52500000 92.45104190 0.30196078 0.61568627 0.89803922
v -28.96101831 1.37500000 92.45104190 0.30196078 0.61568627 0.89803922
v -27.93204259 1.52500000 92.60367603 0.30196078 0.61568627 0.89803922
v -27.93204259 1.37500000 92.60367603 0.30196078 0.61568627 0.89803922
v -26.92298242 1.52500000 92.85643244 0.30196078 0.61568627 0.89803922
v -26.92298242 1.37500000 92.85643244 0.30196078 0.61568627 0.89803922
v -25.94355562 1.52500000 93.20687696 0.30196078 0.61568627 0.89803922
v -25.94355562 1.37500000 93.20687696 0.30196078 0.61568627 0.89803922
v -25.00319459 1.52500000 93.65163460 0.30196078 0.61568627 0.89803922
v -25.00319459 1.37500000 93.65163460 0.30196078 0.61568627 0.89803922
v -24.11095553 1.52500000 94.18642211 0.30196078 0.61568627 0.89803922
v -24.11095553 1.37500000 94.18642211 0.30196078 0.61568627 0.89803922
v -23.27543119 1.52500000 94.80608919 0.30196078 0.61568627 0.89803922
v -23.27543119 1.37500000 94.80608919 0.30196078 0.61568627 0.89803922
v -22.50466812 1.52500000 95.50466812 0.30196078 0.61568627 0.89803922
v -22.50466812 1.37500000 95.50466812 0.30196078 0.61568627 0.89803922
v -21.80608919 1.52500000 96.27543119 0.30196078 0.61568627 0.89803922
v -21.80608919 1.37500000 96.27543119 0.30196078 0.61568627 0.89803922
v -21.18642211 1.52500000 97.11095553 0.30196078 0.61568627 0.89803922
v -21.18642211 1.37500000 97.11095553 0.30196078 0.61568627 0.89803922
v -20.65163460 1.52500000 98.00319459 0.30196078 0.61568627 0.89803922
v -20.65163460 1.37500000 98.00319459 0.30196078 0.61568627 0.89803922
v -20.20687696 1.52500000 98.94355562 0.30196078 0.61568627 0.89803922
v -20.20687696 1.37500000 98.94355562 0.30196078 0.61568627 0.89803922
v -19.85643244 1.52500000 99.92298242 0.30196078 0.61568627 0.89803922
v -19.85643244 1.37500000 99.92298242 0.30196078 0.61568627 0.89803922
v -19.60367603 1.52500000 100.93204259 0.30196078 0.61568627 0.89803922
v -19.60367603 1.37500000 100.93204259 0.30196078 0.61568627 0.89803922
v -19.45104190 1.52500000 101.96101831 0.30196078 0.61568627 0.89803922
v -19.45104190 1.37500000 101.96101831 0.30196078 0.61568627 0.89803922
v -39.00000000 0.00000000 111.50000000 0.16862745 0.20784314 0.23921569
v -39.00000000 0.00000000 120.50000000 0.16862745 0.20784314 0.23921569
v -39.00000000 10.00000000 111.50000000 0.16862745 0.20784314 0.23921569
v -39.00000000 10.00000000 120.50000000 0.16862745 0.20784314 0.23921569
v -21.00000000 0.00000000 111.50000000 0.16862745 0.20784314 0.23921569
v -21.00000000 0.00000000 120.50000000 0.16862745 0.20784314 0.23921569
v -21.00000000 10.00000000 111.50000000 0.16862745 0.20784314 0.23921569
v -21.00000000 10.00000000 120.50000000 0.16862745 0.20784314 0.23921569
v -25.00000000 0.00000000 92.00000000 0.16862745 0.20784314 0.23921569
v -25.00000000 0.00000000 98.00000000 0.16862745 0.20784314 0.23921569
v -25.00000000 16.00000000 92.00000000 0.16862745 0.20784314 0.23921569
v -25.00000000 16.00000000 98.00000000 0.16862745 0.20784314 0.23921569
v -19.00000000 0.00000000 92.00000000 0.16862745 0.20784314 0.23921569
v -19.00000000 0.00000000 98.00000000 0.16862745 0.20784314 0.23921569
v -19.00000000 16.00000000 92.00000000 0.16862745 0.20784314 0.23921569
v -19.00000000 16.00000000 98.00000000 0.16862745 0.20784314 0.23921569
v 30.00000000 1.40000000 103.00000000 0.13725490 0.16862745 0.19215686
v 42.00000000 1.40000000 103.00000000 0.13725490 0.16862745 0.19215686
v 42.00000000 0.00000000 103.00000000 0.13725490 0.16862745 0.19215686
v 30.00000000 0.00000000 103.00000000 0.13725490 0.16862745 0.19215686
v 41.89733834 1.40000000 104.56631431 0.13725490 0.16862745 0.19215686
v 41.89733834 0.00000000 104.56631431 0.13725490 0.16862745 0.19215686
v 41.59110992 1.40000000 106.10582854 0.13725490 0.16862745 0.19215686
v 41.59110992 0.00000000 106.10582854 0.13725490 0.16862745 0.19215686
v 41.08655439 1.40000000 107.59220119 0.13725490 0.16862745 0.19215686
v 41.08655439 0.00000000 107.59220119 0.13725490 0.16862745 0.19215686
v 40.39230485 1.40000000 109.00000000 0.13725490 0.16862745 0.19215686
v 40.39230485 0.00000000 109.00000000 0.13725490 0.16862745 0.19215686
v 39.52024008 1.40000000 110.30513715 0.13725490 0.16862745 0.19215686
v 39.52024008 0.00000000 110.30513715 0.13725490 0.16862745 0.19215686
v 38.48528137 1.40000000 111.48528137 0.13725490 0.16862745 0.19215686
v 38.48528137 0.00000000 111.48528137 0.13725490 0.16862745 0.19215686
v 37.30513715 1.40000000 112.52024008 0.13725490 0.16862745 0.19215686
v 37.30513715 0.00000000 112.52024008 0.13725490 0.16862745 0.19215686
v 36.00000000 1.40000000 113.39230485 0.13725490 0.16862745 0.19215686
v 36.00000000 0.00000000 113.39230485 0.13725490 0.16862745 0.19215686
v 34.59220119 1.40000000 114.08655439 0.13725490 0.16862745 0.19215686
v 34.59220119 0.00000000 114.08655439 0.13725490 0.16862745 0.19215686
v 33.10582854 1.40000000 114.59110992 0.13725490 0.16862745 0.19215686
v 33.10582854 0.00000000 114.59110992 0.13725490 0.16862745 0.19215686
v 31.56631431 1.40000000 114.89733834 0.13725490 0.16862745 0.19215686
v 31.56631431 0.00000000 114.89733834 0.13725490 0.16862745 0.19215686
v 30.00000000 1.40000000 115.00000000 0.13725490 0.16862745 0.19215686
v 30.00000000 0.00000000 115.00000000 0.13725490 0.16862745 0.19215686
v 28.43368569 1.40000000 114.89733834 0.13725490 0.16862745 0.19215686
v 28.43368569 0.00000000 114.89733834 0.13725490 0.16862745 0.19215686
v 26.89417146 1.40000000 114.59110992 0.13725490 0.16862745 0.19215686
v 26.89417146 0.00000000 114.59110992 0.13725490 0.16862745 0.19215686
v 25.40779881 1.40000000 114.08655439 0.13725490 0.16862745 0.19215686
v 25.40779881 0.00000000 114.08655439 0.13725490 0.16862745 0.19215686
v 24.00000000 1.40000000 113.39230485 0.13725490 0.16862745 0.19215686
v 24.00000000 0.00000000 113.39230485 0.13725490 0.16862745 0.19215686
v 22.69486285 1.40000000 112.52024008 0.13725490 0.16862745 0.19215686
v 22.69486285 0.00000000 112.52024008 0.13725490 0.16862745 0.19215686
v 21.51471863 1.40000000 111.48528137 0.13725490 0.16862745 0.19215686
v 21.51471863 0.00000000 111.48528137 0.13725490 0.16862745 0.19215686
v 20.47975992 1.40000000 110.30513715 0.13725490 0.16862745 0.19215686
v 20.47975992 0.00000000 110.30513715 0.13725490 0.16862745 0.19215686
v 19.60769515 1.40000000 109.00000000 0.13725490 0.16862745 0.19215686
v 19.60769515 0.00000000 109.00000000 0.13725490 0.16862745 0.19215686
v 18.91344561 1.40000000 107.59220119 0.13725490 0.16862745 0.19215686
v 18.91344561 0.00000000 107.59220119 0.13725490 0.16862745 0.19215686
v 18.40889008 1.40000000 106.10582854 0.13725490 0.16862745 0.19215686
v 18.40889008 0.00000000 106.10582854 0.13725490 0.16862745 0.19215686
v 18.10266166 1.40000000 104.56631431 0.13725490 0.16862745 0.19215686
v 18.10266166 0.00000000 104.56631431 0.13725490 0.16862745 0.19215686
v 18.00000000 1.40000000 103.00000000 0.13725490 0.16862745 0.19215686
v 18.00000000 0.00000000 103.00000000 0.13725490 0.16862745 0.19215686
v 18.10266166 1.40000000 101.43368569 0.13725490 0.16862745 0.19215686
v 18.10266166 -0.00000000 101.43368569 0.13725490 0.16862745 0.19215686
v 18.40889008 1.40000000 99.89417146 0.13725490 0.16862745 0.19215686
v 18.40889008 -0.00000000 99.89417146 0.13725490 0.16862745 0.19215686
v 18.91344561 1.40000000 98.40779881 0.13725490 0.16862745 0.19215686
v 18.91344561 -0.00000000 98.40779881 0.13725490 0.16862745 0.19215686
v 19.60769515 1.40000000 97.00000000 0.13725490 0.16862745 0.19215686
v 19.60769515 -0.00000000 97.00000000 0.13725490 0.16862745 0.19215686
v 20.47975992 1.40000000 95.69486285 0.13725490 0.16862745 0.19215686
v 20.47975992 -0.00000000 95.69486285 0.13725490 0.16862745 0.19215686
v 21.51471863 1.40000000 94.51471863 0.13725490 0.16862745 0.19215686
v 21.51471863 -0.00000000 94.51471863 0.13725490 0.16862745 0.19215686
v 22.69486285 1.40000000 93.47975992 0.13725490 0.16862745 0.19215686
v 22.69486285 -0.00000000 93.47975992 0.13725490 0.16862745 0.19215686
v 24.00000000 1.40000000 92.60769515 0.13725490 0.16862745 0.19215686
v 24.00000000 -0.00000000 92.60769515 0.13725490 0.16862745 0.19215686
v 25.40779881 1.40000000 91.91344561 0.13725490 0.16862745 0.19215686
v 25.40779881 -0.00000000 91.91344561 0.13725490 0.16862745 0.19215686
v 26.89417146 1.40000000 91.40889008 0.13725490 0.16862745 0.19215686
v 26.89417146 -0.00000000 91.40889008 0.13725490 0.16862745 0.19215686
v 28.43368569 1.40000000 91.10266166 0.13725490 0.16862745 0.19215686
v 28.43368569 -0.00000000 91.10266166 0.13725490 0.16862745 0.19215686
v 30.00000000 1.40000000 91.00000000 0.13725490 0.16862745 0.19215686
v 30.00000000 -0.00000000 91.00000000 0.13725490 0.16862745 0.19215686
v 31.56631431 1.40000000 91.10266166 0.13725490 0.16862745 0.19215686
v 31.56631431 -0.00000000 91.10266166 0.13725490 0.16862745 0.19215686
v 33.10582854 1.40000000 91.40889008 0.13725490 0.16862745 0.19215686
v 33.10582854 -0.00000000 91.40889008 0.13725490 0.16862745 0.19215686
v 34.59220119 1.40000000 91.91344561 0.13725490 0.16862745 0.19215686
v 34.59220119 -0.00000000 91.91344561 0.13725490 0.16862745 0.19215686
v 36.00000000 1.40000000 92.60769515 0.13725490 0.16862745 0.19215686
v 36.00000000 -0.00000000 92.60769515 0.13725490 0.16862745 0.19215686
v 37.30513715 1.40000000 93.47975992 0.13725490 0.16862745 0.19215686
v 37.30513715 -0.00000000 93.47975992 0.13725490 0.16862745 0.19215686
v 38.48528137 1.40000000 94.51471863 0.13725490 0.16862745 0.19215686
v 38.48528137 -0.00000000 94.51471863 0.13725490 0.16862745 0.19215686
v 39.52024008 1.40000000 95.69486285 0.13725490 0.16862745 0.19215686
v 39.52024008 -0.00000000 95.69486285 0.13725490 0.16862745 0.19215686
v 40.39230485 1.40000000 97.00000000 0.13725490 0.16862745 0.19215686
v 40.39230485 -0.00000000 97.00000000 0.13725490 0.16862745 0.19215686
v 41.08655439 1.40000000 98.40779881 0.13725490 0.16862745 0.19215686
v 41.08655439 -0.00000000 98.40779881 0.13725490 0.16862745 0.19215686
v 41.59110992 1.40000000 99.89417146 0.13725490 0.16862745 0.19215686
v 41.59110992 -0.00000000 99.89417146 0.13725490 0.16862745 0.19215686
v 41.89733834 1.40000000 101.43368569 0.13725490 0.16862745 0.19215686
v 41.89733834 -0.00000000 101.43368569 0.13725490 0.16862745 0.19215686
v 30.00000000 1.52500000 103.00000000 0.20392157 0.81960784 0.65098039
v 40.60000000 1.52500000 103.00000000 0.20392157 0.81960784 0.65098039
v 40.60000000 1.37500000 103.00000000 0.20392157 0.81960784 0.65098039
v 30.00000000 1.37500000 103.00000000 0.20392157 0.81960784 0.65098039
v 40.54895810 1.52500000 104.03898169 0.20392157 0.81960784 0.65098039
v 40.54895810 1.37500000 104.03898169 0.20392157 0.81960784 0.65098039
v 40.39632397 1.52500000 105.06795741 0.20392157 0.81960784 0.65098039
v 40.39632397 1.37500000 105.06795741 0.20392157 0.81960784 0.65098039
v 40.14356756 1.52500000 106.07701758 0.20392157 0.81960784 0.65098039
v 40.14356756 1.37500000 106.07701758 0.20392157 0.81960784 0.65098039
v 39.79312304 1.52500000 107.05644438 0.20392157 0.81960784 0.65098039
v 39.79312304 1.37500000 107.05644438 0.20392157 0.81960784 0.65098039
v 39.34836540 1.52500000 107.99680541 0.20392157 0.81960784 0.65098039
v 39.34836540 1.37500000 107.99680541 0.20392157 0.81960784 0.65098039
v 38.81357789 1.52500000 108.88904447 0.20392157 0.81960784 0.65098039
v 38.81357789 1.37500000 108.88904447 0.20392157 0.81960784 0.65098039
v 38.19391081 1.52500000 109.72456881 0.20392157 0.81960784 0.65098039
v 38.19391081 1.37500000 109.72456881 0.20392157 0.81960784 0.65098039
v 37.49533188 1.52500000 110.49533188 0.20392157 0.81960784 0.65098039
v 37.49533188 1.37500000 110.49533188 0.20392157 0.81960784 0.65098039
v 36.72456881 1.52500000 111.19391081 0.20392157 0.81960784 0.65098039
v 36.72456881 1.37500000 111.19391081 0.20392157 0.81960784 0.65098039
v 35.88904447 1.52500000 111.81357789 0.20392157 0.81960784 0.65098039
v 35.88904447 1.37500000 111.81357789 0.20392157 0.81960784 0.65098039
v 34.99680541 1.52500000 112.34836540 0.20392157 0.81960784 0.65098039
v 34.99680541 1.37500000 112.34836540 0.20392157 0.81960784 0.65098039
v 34.05644438 1.52500000 112.79312304 0.20392157 0.81960784 0.65098039
v 34.05644438 1.37500000 112.79312304 0.20392157 0.81960784 0.65098039
v 33.07701758 1.52500000 113.14356756 0.20392157 0.81960784 0.65098039
v 33.07701758 1.37500000 113.14356756 0.20392157 0.81960784 0.65098039
v 32.06795741 1.52500000 113.39632397 0.20392157 0.81960784 0.65098039
v 32.06795741 1.37500000 113.39632397 0.20392157 0.81960784 0.65098039
v 31.03898169 1.52500000 113.54895810 0.20392157 0.81960784 0.65098039
v 31.03898169 1.37500000 113.54895810 0.20392157 0.81960784 0.65098039
v 30.00000000 1.52500000 113.60000000 0.20392157 0.81960784 0.65098039
v 30.00000000 1.37500000 113.60000000 0.20392157 0.81960784 0.65098039
v 28.96101831 1.52500000 113.54895810 0.20392157 0.81960784 0.65098039
v 28.96101831 1.37500000 113.54895810 0.20392157 0.81960784 0.65098039
v 27.93204259 1.52500000 113.39632397 0.20392157 0.81960784 0.65098039
v 27.93204259 1.37500000 113.39632397 0.20392157 0.81960784 0.65098039
v 26.92298242 1.52500000 113.14356756 0.20392157 0.81960784 0.65098039
v 26.92298242 1.37500000 113.14356756 0.20392157 0.81960784 0.65098039
v 25.94355562 1.52500000 112.79312304 0.20392157 0.81960784 0.65098039
v 25.94355562 1.37500000 112.79312304 0.20392157 0.81960784 0.65098039
v 25.00319459 1.52500000 112.34836540 0.20392157 0.81960784 0.65098039
v 25.00319459 1.37500000 112.34836540 0.20392157 0.81960784 0.65098039
v 24.11095553 1.52500000 111.81357789 0.20392157 0.81960784 0.65098039
v 24.11095553 1.37500000 111.81357789 0.20392157 0.81960784 0.65098039
v 23.27543119 1.52500000 111.19391081 0.20392157 0.81960784 0.65098039
v 23.27543119 1.37500000 111.19391081 0.20392157 0.81960784 0.65098039
v 22.50466812 1.52500000 110.49533188 0.20392157 0.81960784 0.65098039
v 22.50466812 1.37500000 110.49533188 0.20392157 0.81960784 0.65098039
v 21.80608919 1.52500000 109.72456881 0.20392157 0.81960784 0.65098039
v 21.80608919 1.37500000 109.72456881 0.20392157 0.81960784 0.65098039
v 21.18642211 1.52500000 108.88904447 0.20392157 0.81960784 0.65098039
v 21.18642211 1.37500000 108.88904447 0.20392157 0.81960784 0.65098039
v 20.65163460 1.52500000 107.99680541 0.20392157 0.81960784 0.65098039
v 20.65163460 1.37500000 107.99680541 0.20392157 0.81960784 0.65098039
v 20.20687696 1.52500000 107.05644438 0.20392157 0.81960784 0.65098039
v 20.20687696 1.37500000 107.05644438 0.20392157 0.81960784 0.65098039
v 19.85643244 1.52500000 106.07701758 0.20392157 0.81960784 0.65098039
v 19.85643244 1.37500000 106.07701758 0.20392157 0.81960784 0.65098039
v 19.60367603 1.52500000 105.06795741 0.20392157 0.81960784 0.65098039
v 19.60367603 1.37500000 105.06795741 0.20392157 0.81960784 0.65098039
v 19.45104190 1.52500000 104.03898169 0.20392157 0.81960784 0.65098039
v 19.45104190 1.37500000 104.03898169 0.20392157 0.81960784 0.65098039
v 19.40000000 1.52500000 103.00000000 0.20392157 0.81960784 0.65098039
v 19.40000000 1.37500000 103.00000000 0.20392157 0.81960784 0.65098039
v 19.45104190 1.52500000 101.96101831 0.20392157 0.81960784 0.65098039
v 19.45104190 1.37500000 101.96101831 0.20392157 0.81960784 0.65098039
v 19.60367603 1.52500000 100.93204259 0.20392157 0.81960784 0.65098039
v 19.60367603 1.37500000 100.93204259 0.20392157 0.81960784 0.65098039
v 19.85643244 1.52500000 99.92298242 0.20392157 0.81960784 0.65098039
v 19.85643244 1.37500000 99.92298242 0.20392157 0.81960784 0.65098039
v 20.20687696 1.52500000 98.94355562 0.20392157 0.81960784 0.65098039
v 20.20687696 1.37500000 98.94355562 0.20392157 0.81960784 0.65098039
v 20.65163460 1.52500000 98.00319459 0.20392157 0.81960784 0.65098039
v 20.65163460 1.37500000 98.00319459 0.20392157 0.81960784 0.65098039
v 21.18642211 1.52500000 97.11095553 0.20392157 0.81960784 0.65098039
v 21.18642211 1.37500000 97.11095553 0.20392157 0.81960784 0.65098039
v 21.80608919 1.52500000 96.27543119 0.20392157 0.81960784 0.65098039
v 21.80608919 1.37500000 96.27543119 0.20392157 0.81960784 0.65098039
v 22.50466812 1.52500000 95.50466812 0.20392157 0.81960784 0.65098039
v 22.50466812 1.37500000 95.50466812 0.20392157 0.81960784 0.65098039
v 23.27543119 1.52500000 94.80608919 0.20392157 0.81960784 0.65098039
v 23.27543119 1.37500000 94.80608919 0.20392157 0.81960784 0.65098039
v 24.11095553 1.52500000 94.18642211 0.20392157 0.81960784 0.65098039
v 24.11095553 1.37500000 94.18642211 0.20392157 0.81960784 0.65098039
v 25.00319459 1.52500000 93.65163460 0.20392157 0.81960784 0.65098039
v 25.00319459 1.37500000 93.65163460 0.20392157 0.81960784 0.65098039
v 25.94355562 1.52500000 93.20687696 0.20392157 0.81960784 0.65098039
v 25.94355562 1.37500000 93.20687696 0.20392157 0.81960784 0.65098039
v 26.92298242 1.52500000 92.85643244 0.20392157 0.81960784 0.65098039
v 26.92298242 1.37500000 92.85643244 0.20392157 0.81960784 0.65098039
v 27.93204259 1.52500000 92.60367603 0.20392157 0.81960784 0.65098039
v 27.93204259 1.37500000 92.60367603 0.20392157 0.81960784 0.65098039
v 28.96101831 1.52500000 92.45104190 0.20392157 0.81960784 0.65098039
v 28.96101831 1.37500000 92.45104190 0.20392157 0.81960784 0.65098039
v 30.00000000 1.52500000 92.40000000 0.20392157 0.81960784 0.65098039
v 30.00000000 1.37500000 92.40000000 0.20392157 0.81960784 0.65098039
v 31.03898169 1.52500000 92.45104190 0.20392157 0.81960784 0.65098039
v 31.03898169 1.37500000 92.45104190 0.20392157 0.81960784 0.65098039
v 32.06795741 1.52500000 92.60367603 0.20392157 0.81960784 0.65098039
v 32.06795741 1.37500000 92.60367603 0.20392157 0.81960784 0.65098039
v 33.07701758 1.52500000 92.85643244 0.20392157 0.81960784 0.65098039
v 33.07701758 1.37500000 92.85643244 0.20392157 0.81960784 0.65098039
v 34.05644438 1.52500000 93.20687696 0.20392157 0.81960784 0.65098039
v 34.05644438 1.37500000 93.20687696 0.20392157 0.81960784 0.65098039
v 34.99680541 1.52500000 93.65163460 0.20392157 0.81960784 0.65098039
v 34.99680541 1.37500000 93.65163460 0.20392157 0.81960784 0.65098039
v 35.88904447 1.52500000 94.18642211 0.20392157 0.81960784 0.65098039
v 35.88904447 1.37500000 94.18642211 0.20392157 0.81960784 0.65098039
v 36.72456881 1.52500000 94.80608919 0.20392157 0.81960784 0.65098039
v 36.72456881 1.37500000 94.80608919 0.20392157 0.81960784 0.65098039
v 37.49533188 1.52500000 95.50466812 0.20392157 0.81960784 0.65098039
v 37.49533188 1.37500000 95.50466812 0.20392157 0.81960784 0.65098039
v 38.19391081 1.52500000 96.27543119 0.20392157 0.81960784 0.65098039
v 38.19391081 1.37500000 96.27543119 0.20392157 0.81960784 0.65098039
v 38.81357789 1.52500000 97.11095553 0.20392157 0.81960784 0.65098039
v 38.81357789 1.37500000 97.11095553 0.20392157 0.81960784 0.65098039
v 39.34836540 1.52500000 98.00319459 0.20392157 0.81960784 0.65098039
v 39.34836540 1.37500000 98.00319459 0.20392157 0.81960784 0.65098039
v 39.79312304 1.52500000 98.94355562 0.20392157 0.81960784 0.65098039
v 39.79312304 1.37500000 98.94355562 0.20392157 0.81960784 0.65098039
v 40.14356756 1.52500000 99.92298242 0.20392157 0.81960784 0.65098039
v 40.14356756 1.37500000 99.92298242 0.20392157 0.81960784 0.65098039
v 40.39632397 1.52500000 100.93204259 0.20392157 0.81960784 0.65098039
v 40.39632397 1.37500000 100.93204259 0.20392157 0.81960784 0.65098039
v 40.54895810 1.52500000 101.96101831 0.20392157 0.81960784 0.65098039
v 40.54895810 1.37500000 101.96101831 0.20392157 0.81960784 0.65098039
v 21.00000000 0.00000000 108.50000000 0.14117647 0.21176471 0.22745098
v 21.00000000 0.00000000 123.50000000 0.14117647 0.21176471 0.22745098
v 21.00000000 13.00000000 108.50000000 0.14117647 0.21176471 0.22745098
v 21.00000000 13.00000000 123.50000000 0.14117647 0.21176471 0.22745098
v 39.00000000 0.00000000 108.50000000 0.14117647 0.21176471 0.22745098
v 39.00000000 0.00000000 123.50000000 0.14117647 0.21176471 0.22745098
v 39.00000000 13.00000000 108.50000000 0.14117647 0.21176471 0.22745098
v 39.00000000 13.00000000 123.50000000 0.14117647 0.21176471 0.22745098
v 18.00000000 0.00000000 91.00000000 0.14117647 0.21176471 0.22745098
v 18.00000000 0.00000000 99.00000000 0.14117647 0.21176471 0.22745098
v 18.00000000 20.00000000 91.00000000 0.14117647 0.21176471 0.22745098
v 18.00000000 20.00000000 99.00000000 0.14117647 0.21176471 0.22745098
v 26.00000000 0.00000000 91.00000000 0.14117647 0.21176471 0.22745098
v 26.00000000 0.00000000 99.00000000 0.14117647 0.21176471 0.22745098
v 26.00000000 20.00000000 91.00000000 0.14117647 0.21176471 0.22745098
v 26.00000000 20.00000000 99.00000000 0.14117647 0.21176471 0.22745098
v 0.00000000 9.00000000 -36.00000000 0.18823529 0.21176471 0.23921569
v 0.35000000 9.00000000 -36.00000000 0.18823529 0.21176471 0.23921569
v 0.35000000 0.00000000 -36.00000000 0.18823529 0.21176471 0.23921569
v 0.00000000 0.00000000 -36.00000000 0.18823529 0.21176471 0.23921569
v 0.34700570 9.00000000 -35.95431583 0.18823529 0.21176471 0.23921569
v 0.34700570 0.00000000 -35.95431583 0.18823529 0.21176471 0.23921569
v 0.33807404 9.00000000 -35.90941333 0.18823529 0.21176471 0.23921569
v 0.33807404 0.00000000 -35.90941333 0.18823529 0.21176471 0.23921569
v 0.32335784 9.00000000 -35.86606080 0.18823529 0.21176471 0.23921569
v 0.32335784 0.00000000 -35.86606080 0.18823529 0.21176471 0.23921569
v 0.30310889 9.00000000 -35.82500000 0.18823529 0.21176471 0.23921569
v 0.30310889 0.00000000 -35.82500000 0.18823529 0.21176471 0.23921569
v 0.27767367 9.00000000 -35.78693350 0.18823529 0.21176471 0.23921569
v 0.27767367 0.00000000 -35.78693350 0.18823529 0.21176471 0.23921569
v 0.24748737 9.00000000 -35.75251263 0.18823529 0.21176471 0.23921569
v 0.24748737 0.00000000 -35.75251263 0.18823529 0.21176471 0.23921569
v 0.21306650 9.00000000 -35.72232633 0.18823529 0.21176471 0.23921569
v 0.21306650 0.00000000 -35.72232633 0.18823529 0.21176471 0.23921569
v 0.17500000 9.00000000 -35.69689111 0.18823529 0.21176471 0.23921569
v 0.17500000 0.00000000 -35.69689111 0.18823529 0.21176471 0.23921569
v 0.13393920 9.00000000 -35.67664216 0.18823529 0.21176471 0.23921569
v 0.13393920 0.00000000 -35.67664216 0.18823529 0.21176471 0.23921569
v 0.09058667 9.00000000 -35.66192596 0.18823529 0.21176471 0.23921569
v 0.09058667 0.00000000 -35.66192596 0.18823529 0.21176471 0.23921569
v 0.04568417 9.00000000 -35.65299430 0.18823529 0.21176471 0.23921569
v 0.04568417 0.00000000 -35.65299430 0.18823529 0.21176471 0.23921569
v 0.00000000 9.00000000 -35.65000000 0.18823529 0.21176471 0.23921569
v 0.00000000 0.00000000 -35.65000000 0.18823529 0.21176471 0.23921569
v -0.04568417 9.00000000 -35.65299430 0.18823529 0.21176471 0.23921569
v -0.04568417 0.00000000 -35.65299430 0.18823529 0.21176471 0.23921569
v -0.09058667 9.00000000 -35.66192596 0.18823529 0.21176471 0.23921569
v -0.09058667 0.00000000 -35.66192596 0.18823529 0.21176471 0.23921569
v -0.13393920 9.00000000 -35.67664216 0.18823529 0.21176471 0.23921569
v -0.13393920 0.00000000 -35.67664216 0.18823529 0.21176471 0.23921569
v -0.17500000 9.00000000 -35.69689111 0.18823529 0.21176471 0.23921569
v -0.17500000 0.00000000 -35.69689111 0.18823529 0.21176471 0.23921569
v -0.21306650 9.00000000 -35.72232633 0.18823529 0.21176471 0.23921569
v -0.21306650 0.00000000 -35.72232633 0.18823529 0.21176471 0.23921569
v -0.24748737 9.00000000 -35.75251263 0.18823529 0.21176471 0.23921569
v -0.24748737 0.00000000 -35.75251263 0.18823529 0.21176471 0.23921569
v -0.27767367 9.00000000 -35.78693350 0.18823529 0.21176471 0.23921569
v -0.27767367 0.00000000 -35.78693350 0.18823529 0.21176471 0.23921569
v -0.30310889 9.00000000 -35.82500000 0.18823529 0.21176471 0.23921569
v -0.30310889 0.00000000 -35.82500000 0.18823529 0.21176471 0.23921569
v -0.32335784 9.00000000 -35.86606080 0.18823529 0.21176471 0.23921569
v -0.32335784 0.00000000 -35.86606080 0.18823529 0.21176471 0.23921569
v -0.33807404 9.00000000 -35.90941333 0.18823529 0.21176471 0.23921569
v -0.33807404 0.00000000 -35.90941333 0.18823529 0.21176471 0.23921569
v -0.34700570 9.00000000 -35.95431583 0.18823529 0.21176471 0.23921569
v -0.34700570 0.00000000 -35.95431583 0.18823529 0.21176471 0.23921569
v -0.35000000 9.00000000 -36.00000000 0.18823529 0.21176471 0.23921569
v -0.35000000 0.00000000 -36.00000000 0.18823529 0.21176471 0.23921569
v -0.34700570 9.00000000 -36.04568417 0.18823529 0.21176471 0.23921569
v -0.34700570 0.00000000 -36.04568417 0.18823529 0.21176471 0.23921569
v -0.33807404 9.00000000 -36.09058667 0.18823529 0.21176471 0.23921569
v -0.33807404 0.00000000 -36.09058667 0.18823529 0.21176471 0.23921569
v -0.32335784 9.00000000 -36.13393920 0.18823529 0.21176471 0.23921569
v -0.32335784 0.00000000 -36.13393920 0.18823529 0.21176471 0.23921569
v -0.30310889 9.00000000 -36.17500000 0.18823529 0.21176471 0.23921569
v -0.30310889 0.00000000 -36.17500000 0.18823529 0.21176471 0.23921569
v -0.27767367 9.00000000 -36.21306650 0.18823529 0.21176471 0.23921569
v -0.27767367 0.00000000 -36.21306650 0.18823529 0.21176471 0.23921569
v -0.24748737 9.00000000 -36.24748737 0.18823529 0.21176471 0.23921569
v -0.24748737 0.00000000 -36.24748737 0.18823529 0.21176471 0.23921569
v -0.21306650 9.00000000 -36.27767367 0.18823529 0.21176471 0.23921569
v -0.21306650 0.00000000 -36.27767367 0.18823529 0.21176471 0.23921569
v -0.17500000 9.00000000 -36.30310889 0.18823529 0.21176471 0.23921569
v -0.17500000 0.00000000 -36.30310889 0.18823529 0.21176471 0.23921569
v -0.13393920 9.00000000 -36.32335784 0.18823529 0.21176471 0.23921569
v -0.13393920 0.00000000 -36.32335784 0.18823529 0.21176471 0.23921569
v -0.09058667 9.00000000 -36.33807404 0.18823529 0.21176471 0.23921569
v -0.09058667 0.00000000 -36.33807404 0.18823529 0.21176471 0.23921569
v -0.04568417 9.00000000 -36.34700570 0.18823529 0.21176471 0.23921569
v -0.04568417 0.00000000 -36.34700570 0.18823529 0.21176471 0.23921569
v -0.00000000 9.00000000 -36.35000000 0.18823529 0.21176471 0.23921569
v -0.00000000 0.00000000 -36.35000000 0.18823529 0.21176471 0.23921569
v 0.04568417 9.00000000 -36.34700570 0.18823529 0.21176471 0.23921569
v 0.04568417 0.00000000 -36.34700570 0.18823529 0.21176471 0.23921569
v 0.09058667 9.00000000 -36.33807404 0.18823529 0.21176471 0.23921569
v 0.09058667 0.00000000 -36.33807404 0.18823529 0.21176471 0.23921569
v 0.13393920 9.00000000 -36.32335784 0.18823529 0.21176471 0.23921569
v 0.13393920 0.00000000 -36.32335784 0.18823529 0.21176471 0.23921569
v 0.17500000 9.00000000 -36.30310889 0.18823529 0.21176471 0.23921569
v 0.17500000 0.00000000 -36.30310889 0.18823529 0.21176471 0.23921569
v 0.21306650 9.00000000 -36.27767367 0.18823529 0.21176471 0.23921569
v 0.21306650 0.00000000 -36.27767367 0.18823529 0.21176471 0.23921569
v 0.24748737 9.00000000 -36.24748737 0.18823529 0.21176471 0.23921569
v 0.24748737 0.00000000 -36.24748737 0.18823529 0.21176471 0.23921569
v 0.27767367 9.00000000 -36.21306650 0.18823529 0.21176471 0.23921569
v 0.27767367 0.00000000 -36.21306650 0.18823529 0.21176471 0.23921569
v 0.30310889 9.00000000 -36.17500000 0.18823529 0.21176471 0.23921569
v 0.30310889 0.00000000 -36.17500000 0.18823529 0.21176471 0.23921569
v 0.32335784 9.00000000 -36.13393920 0.18823529 0.21176471 0.23921569
v 0.32335784 0.00000000 -36.13393920 0.18823529 0.21176471 0.23921569
v 0.33807404 9.00000000 -36.09058667 0.18823529 0.21176471 0.23921569
v 0.33807404 0.00000000 -36.09058667 0.18823529 0.21176471 0.23921569
v 0.34700570 9.00000000 -36.04568417 0.18823529 0.21176471 0.23921569
v 0.34700570 0.00000000 -36.04568417 0.18823529 0.21176471 0.23921569
v -0.60459078 10.27824843 -36.00000000 0.30196078 0.61568627 0.89803922
v 0.60459078 10.27824843 -36.00000000 0.30196078 0.61568627 0.89803922
v -0.60459078 8.32175157 -36.00000000 0.30196078 0.61568627 0.89803922
v 0.60459078 8.32175157 -36.00000000 0.30196078 0.61568627 0.89803922
v 0.00000000 8.69540922 -35.02175157 0.30196078 0.61568627 0.89803922
v 0.00000000 9.90459078 -35.02175157 0.30196078 0.61568627 0.89803922
v 0.00000000 8.69540922 -36.97824843 0.30196078 0.61568627 0.89803922
v 0.00000000 9.90459078 -36.97824843 0.30196078 0.61568627 0.89803922
v 0.97824843 9.30000000 -36.60459078 0.30196078 0.61568627 0.89803922
v 0.97824843 9.30000000 -35.39540922 0.30196078 0.61568627 0.89803922
v -0.97824843 9.30000000 -36.60459078 0.30196078 0.61568627 0.89803922
v -0.97824843 9.30000000 -35.39540922 0.30196078 0.61568627 0.89803922
v 0.00000000 10.45000000 -36.00000000 0.30196078 0.61568627 0.89803922
v 0.00000000 8.15000000 -36.00000000 0.30196078 0.61568627 0.89803922
v -0.35536954 8.36963046 -35.42500000 0.30196078 0.61568627 0.89803922
v 0.35536954 8.36963046 -35.42500000 0.30196078 0.61568627 0.89803922
v -0.35536954 10.23036954 -35.42500000 0.30196078 0.61568627 0.89803922
v 0.35536954 10.23036954 -35.42500000 0.30196078 0.61568627 0.89803922
v 0.00000000 9.30000000 -34.85000000 0.30196078 0.61568627 0.89803922
v -0.35536954 8.36963046 -36.57500000 0.30196078 0.61568627 0.89803922
v 0.35536954 8.36963046 -36.57500000 0.30196078 0.61568627 0.89803922
v -0.35536954 10.23036954 -36.57500000 0.30196078 0.61568627 0.89803922
v 0.35536954 10.23036954 -36.57500000 0.30196078 0.61568627 0.89803922
v 0.00000000 9.30000000 -37.15000000 0.30196078 0.61568627 0.89803922
v 0.93036954 9.87500000 -36.35536954 0.30196078 0.61568627 0.89803922
v 0.93036954 8.72500000 -36.35536954 0.30196078 0.61568627 0.89803922
v 0.57500000 8.94463046 -36.93036954 0.30196078 0.61568627 0.89803922
v 0.57500000 9.65536954 -36.93036954 0.30196078 0.61568627 0.89803922
v 0.93036954 9.87500000 -35.64463046 0.30196078 0.61568627 0.89803922
v 0.93036954 8.72500000 -35.64463046 0.30196078 0.61568627 0.89803922
v 0.57500000 8.94463046 -35.06963046 0.30196078 0.61568627 0.89803922
v 0.57500000 9.65536954 -35.06963046 0.30196078 0.61568627 0.89803922
v 1.15000000 9.30000000 -36.00000000 0.30196078 0.61568627 0.89803922
v -0.93036954 9.87500000 -36.35536954 0.30196078 0.61568627 0.89803922
v -0.93036954 8.72500000 -36.35536954 0.30196078 0.61568627 0.89803922
v -0.57500000 8.94463046 -36.93036954 0.30196078 0.61568627 0.89803922
v -0.57500000 9.65536954 -36.93036954 0.30196078 0.61568627 0.89803922
v -0.93036954 9.87500000 -35.64463046 0.30196078 0.61568627 0.89803922
v -0.93036954 8.72500000 -35.64463046 0.30196078 0.61568627 0.89803922
v -0.57500000 8.94463046 -35.06963046 0.30196078 0.61568627 0.89803922
v -0.57500000 9.65536954 -35.06963046 0.30196078 0.61568627 0.89803922
v -1.15000000 9.30000000 -36.00000000 0.30196078 0.61568627 0.89803922
v -0.31425651 10.40622911 -36.00000000 0.30196078 0.61568627 0.89803922
v 0.31425651 10.40622911 -36.00000000 0.30196078 0.61568627 0.89803922
v -0.31425651 8.19377089 -36.00000000 0.30196078 0.61568627 0.89803922
v 0.31425651 8.19377089 -36.00000000 0.30196078 0.61568627 0.89803922
v -0.49897185 8.30793125 -35.70112430 0.30196078 0.61568627 0.89803922
v -0.18471534 8.50215245 -35.19264659 0.30196078 0.61568627 0.89803922
v -0.18682883 8.20628501 -35.69770461 0.30196078 0.61568627 0.89803922
v 0.49897185 8.30793125 -35.70112430 0.30196078 0.61568627 0.89803922
v 0.18471534 8.50215245 -35.19264659 0.30196078 0.61568627 0.89803922
v 0.18682883 8.20628501 -35.69770461 0.30196078 0.61568627 0.89803922
v 0.00000000 8.32175157 -35.39540922 0.30196078 0.61568627 0.89803922
v -0.49897185 10.29206875 -35.70112430 0.30196078 0.61568627 0.89803922
v -0.18471534 10.09784755 -35.19264659 0.30196078 0.61568627 0.89803922
v -0.18682883 10.39371499 -35.69770461 0.30196078 0.61568627 0.89803922
v 0.49897185 10.29206875 -35.70112430 0.30196078 0.61568627 0.89803922
v 0.18471534 10.09784755 -35.19264659 0.30196078 0.61568627 0.89803922
v 0.18682883 10.39371499 -35.69770461 0.30196078 0.61568627 0.89803922
v 0.00000000 10.27824843 -35.39540922 0.30196078 0.61568627 0.89803922
v 0.00000000 8.98574349 -34.89377089 0.30196078 0.61568627 0.89803922
v 0.00000000 9.61425651 -34.89377089 0.30196078 0.61568627 0.89803922
v -0.49897185 8.30793125 -36.29887570 0.30196078 0.61568627 0.89803922
v -0.18471534 8.50215245 -36.80735341 0.30196078 0.61568627 0.89803922
v -0.18682883 8.20628501 -36.30229539 0.30196078 0.61568627 0.89803922
v 0.49897185 8.30793125 -36.29887570 0.30196078 0.61568627 0.89803922
v 0.18471534 8.50215245 -36.80735341 0.30196078 0.61568627 0.89803922
v 0.18682883 8.20628501 -36.30229539 0.30196078 0.61568627 0.89803922
v 0.00000000 8.32175157 -36.60459078 0.30196078 0.61568627 0.89803922
v -0.49897185 10.29206875 -36.29887570 0.30196078 0.61568627 0.89803922
v -0.18471534 10.09784755 -36.80735341 0.30196078 0.61568627 0.89803922
v -0.18682883 10.39371499 -36.30229539 0.30196078 0.61568627 0.89803922
v 0.49897185 10.29206875 -36.29887570 0.30196078 0.61568627 0.89803922
v 0.18471534 10.09784755 -36.80735341 0.30196078 0.61568627 0.89803922
v 0.18682883 10.39371499 -36.30229539 0.30196078 0.61568627 0.89803922
v 0.00000000 10.27824843 -36.60459078 0.30196078 0.61568627 0.89803922
v 0.00000000 8.98574349 -37.10622911 0.30196078 0.61568627 0.89803922
v 0.00000000 9.61425651 -37.10622911 0.30196078 0.61568627 0.89803922
v 0.79784755 10.10735341 -36.18471534 0.30196078 0.61568627 0.89803922
v 0.99206875 9.59887570 -36.49897185 0.30196078 0.61568627 0.89803922
v 0.67595304 10.09141960 -36.48912421 0.30196078 0.61568627 0.89803922
v 0.79784755 8.49264659 -36.18471534 0.30196078 0.61568627 0.89803922
v 0.99206875 9.00112430 -36.49897185 0.30196078 0.61568627 0.89803922
v 0.67595304 8.50858040 -36.48912421 0.30196078 0.61568627 0.89803922
v 0.29887570 8.80102815 -36.99206875 0.30196078 0.61568627 0.89803922
v 0.80735341 9.11528466 -36.79784755 0.30196078 0.61568627 0.89803922
v 0.48912421 8.62404696 -36.79141960 0.30196078 0.61568627 0.89803922
v 0.30229539 9.11317117 -37.09371499 0.30196078 0.61568627 0.89803922
v 0.79141960 8.81087579 -36.67595304 0.30196078 0.61568627 0.89803922
v 0.29887570 9.79897185 -36.99206875 0.30196078 0.61568627 0.89803922
v 0.80735341 9.48471534 -36.79784755 0.30196078 0.61568627 0.89803922
v 0.48912421 9.97595304 -36.79141960 0.30196078 0.61568627 0.89803922
v 0.30229539 9.48682883 -37.09371499 0.30196078 0.61568627 0.89803922
v 0.79141960 9.78912421 -36.67595304 0.30196078 0.61568627 0.89803922
v 0.60459078 9.30000000 -36.97824843 0.30196078 0.61568627 0.89803922
v 0.79784755 10.10735341 -35.81528466 0.30196078 0.61568627 0.89803922
v 0.99206875 9.59887570 -35.50102815 0.30196078 0.61568627 0.89803922
v 0.67595304 10.09141960 -35.51087579 0.30196078 0.61568627 0.89803922
v 0.97824843 9.90459078 -36.00000000 0.30196078 0.61568627 0.89803922
v 0.79784755 8.49264659 -35.81528466 0.30196078 0.61568627 0.89803922
v 0.99206875 9.00112430 -35.50102815 0.30196078 0.61568627 0.89803922
v 0.67595304 8.50858040 -35.51087579 0.30196078 0.61568627 0.89803922
v 0.97824843 8.69540922 -36.00000000 0.30196078 0.61568627 0.89803922
v 0.29887570 8.80102815 -35.00793125 0.30196078 0.61568627 0.89803922
v 0.80735341 9.11528466 -35.20215245 0.30196078 0.61568627 0.89803922
v 0.48912421 8.62404696 -35.20858040 0.30196078 0.61568627 0.89803922
v 0.30229539 9.11317117 -34.90628501 0.30196078 0.61568627 0.89803922
v 0.79141960 8.81087579 -35.32404696 0.30196078 0.61568627 0.89803922
v 0.29887570 9.79897185 -35.00793125 0.30196078 0.61568627 0.89803922
v 0.80735341 9.48471534 -35.20215245 0.30196078 0.61568627 0.89803922
v 0.48912421 9.97595304 -35.20858040 0.30196078 0.61568627 0.89803922
v 0.30229539 9.48682883 -34.90628501 0.30196078 0.61568627 0.89803922
v 0.79141960 9.78912421 -35.32404696 0.30196078 0.61568627 0.89803922
v 0.60459078 9.30000000 -35.02175157 0.30196078 0.61568627 0.89803922
v 1.10622911 9.30000000 -36.31425651 0.30196078 0.61568627 0.89803922
v 1.10622911 9.30000000 -35.68574349 0.30196078 0.61568627 0.89803922
v 1.09371499 9.60229539 -36.18682883 0.30196078 0.61568627 0.89803922
v 1.09371499 8.99770461 -36.18682883 0.30196078 0.61568627 0.89803922
v 1.09371499 9.60229539 -35.81317117 0.30196078 0.61568627 0.89803922
v 1.09371499 8.99770461 -35.81317117 0.30196078 0.61568627 0.89803922
v -0.79784755 10.10735341 -36.18471534 0.30196078 0.61568627 0.89803922
v -0.99206875 9.59887570 -36.49897185 0.30196078 0.61568627 0.89803922
v -0.67595304 10.09141960 -36.48912421 0.30196078 0.61568627 0.89803922
v -0.79784755 8.49264659 -36.18471534 0.30196078 0.61568627 0.89803922
v -0.99206875 9.00112430 -36.49897185 0.30196078 0.61568627 0.89803922
v -0.67595304 8.50858040 -36.48912421 0.30196078 0.61568627 0.89803922
v -0.29887570 8.80102815 -36.99206875 0.30196078 0.61568627 0.89803922
v -0.80735341 9.11528466 -36.79784755 0.30196078 0.61568627 0.89803922
v -0.48912421 8.62404696 -36.79141960 0.30196078 0.61568627 0.89803922
v -0.30229539 9.11317117 -37.09371499 0.30196078 0.61568627 0.89803922
v -0.79141960 8.81087579 -36.67595304 0.30196078 0.61568627 0.89803922
v -0.29887570 9.79897185 -36.99206875 0.30196078 0.61568627 0.89803922
v -0.80735341 9.48471534 -36.79784755 0.30196078 0.61568627 0.89803922
v -0.48912421 9.97595304 -36.79141960 0.30196078 0.61568627 0.89803922
v -0.30229539 9.48682883 -37.09371499 0.30196078 0.61568627 0.89803922
v -0.79141960 9.78912421 -36.67595304 0.30196078 0.61568627 0.89803922
v -0.60459078 9.30000000 -36.97824843 0.30196078 0.61568627 0.89803922
v -0.79784755 10.10735341 -35.81528466 0.30196078 0.61568627 0.89803922
v -0.99206875 9.59887570 -35.50102815 0.30196078 0.61568627 0.89803922
v -0.67595304 10.09141960 -35.51087579 0.30196078 0.61568627 0.89803922
v -0.97824843 9.90459078 -36.00000000 0.30196078 0.61568627 0.89803922
v -0.79784755 8.49264659 -35.81528466 0.30196078 0.61568627 0.89803922
v -0.99206875 9.00112430 -35.50102815 0.30196078 0.61568627 0.89803922
v -0.67595304 8.50858040 -35.51087579 0.30196078 0.61568627 0.89803922
v -0.97824843 8.69540922 -36.00000000 0.30196078 0.61568627 0.89803922
v -0.29887570 8.80102815 -35.00793125 0.30196078 0.61568627 0.89803922
v -0.80735341 9.11528466 -35.20215245 0.30196078 0.61568627 0.89803922
v -0.48912421 8.62404696 -35.20858040 0.30196078 0.61568627 0.89803922
v -0.30229539 9.11317117 -34.90628501 0.30196078 0.61568627 0.89803922
v -0.79141960 8.81087579 -35.32404696 0.30196078 0.61568627 0.89803922
v -0.29887570 9.79897185 -35.00793125 0.30196078 0.61568627 0.89803922
v -0.80735341 9.48471534 -35.20215245 0.30196078 0.61568627 0.89803922
v -0.48912421 9.97595304 -35.20858040 0.30196078 0.61568627 0.89803922
v -0.30229539 9.48682883 -34.90628501 0.30196078 0.61568627 0.89803922
v -0.79141960 9.78912421 -35.32404696 0.30196078 0.61568627 0.89803922
v -0.60459078 9.30000000 -35.02175157 0.30196078 0.61568627 0.89803922
v -1.10622911 9.30000000 -36.31425651 0.30196078 0.61568627 0.89803922
v -1.10622911 9.30000000 -35.68574349 0.30196078 0.61568627 0.89803922
v -1.09371499 9.60229539 -36.18682883 0.30196078 0.61568627 0.89803922
v -1.09371499 8.99770461 -36.18682883 0.30196078 0.61568627 0.89803922
v -1.09371499 9.60229539 -35.81317117 0.30196078 0.61568627 0.89803922
v -1.09371499 8.99770461 -35.81317117 0.30196078 0.61568627 0.89803922
v -0.46385865 10.35229993 -36.00000000 0.30196078 0.61568627 0.89803922
v -0.15864508 10.43900471 -36.00000000 0.30196078 0.61568627 0.89803922
v 0.46385865 10.35229993 -36.00000000 0.30196078 0.61568627 0.89803922
v 0.15864508 10.43900471 -36.00000000 0.30196078 0.61568627 0.89803922
v -0.46385865 8.24770007 -36.00000000 0.30196078 0.61568627 0.89803922
v -0.15864508 8.16099529 -36.00000000 0.30196078 0.61568627 0.89803922
v 0.46385865 8.24770007 -36.00000000 0.30196078 0.61568627 0.89803922
v 0.15864508 8.16099529 -36.00000000 0.30196078 0.61568627 0.89803922
v -0.55710789 8.30533126 -35.84911956 0.30196078 0.61568627 0.89803922
v -0.43129435 8.32950180 -35.55884421 0.30196078 0.61568627 0.89803922
v -0.41196311 8.23704971 -35.84859632 0.30196078 0.61568627 0.89803922
v -0.09324924 8.59201168 -35.09858050 0.30196078 0.61568627 0.89803922
v -0.27264927 8.42754985 -35.30215108 0.30196078 0.61568627 0.89803922
v -0.09457884 8.16415841 -35.84696823 0.30196078 0.61568627 0.89803922
v -0.27447847 8.27534250 -35.55588451 0.30196078 0.61568627 0.89803922
v -0.25313458 8.18864851 -35.84728865 0.30196078 0.61568627 0.89803922
v -0.34644771 8.24631920 -35.69630484 0.30196078 0.61568627 0.89803922
v 0.55710789 8.30533126 -35.84911956 0.30196078 0.61568627 0.89803922
v 0.43129435 8.32950180 -35.55884421 0.30196078 0.61568627 0.89803922
v 0.41196311 8.23704971 -35.84859632 0.30196078 0.61568627 0.89803922
v 0.09324924 8.59201168 -35.09858050 0.30196078 0.61568627 0.89803922
v 0.27264927 8.42754985 -35.30215108 0.30196078 0.61568627 0.89803922
v 0.00000000 8.49165691 -35.18202600 0.30196078 0.61568627 0.89803922
v 0.09457884 8.16415841 -35.84696823 0.30196078 0.61568627 0.89803922
v 0.27447847 8.27534250 -35.55588451 0.30196078 0.61568627 0.89803922
v 0.25313458 8.18864851 -35.84728865 0.30196078 0.61568627 0.89803922
v 0.00000000 8.19155955 -35.69363459 0.30196078 0.61568627 0.89803922
v 0.34644771 8.24631920 -35.69630484 0.30196078 0.61568627 0.89803922
v -0.17989963 8.33379543 -35.40285274 0.30196078 0.61568627 0.89803922
v 0.17989963 8.33379543 -35.40285274 0.30196078 0.61568627 0.89803922
v -0.09331313 8.40276497 -35.28672448 0.30196078 0.61568627 0.89803922
v -0.09467212 8.25007013 -35.54045189 0.30196078 0.61568627 0.89803922
v 0.09331313 8.40276497 -35.28672448 0.30196078 0.61568627 0.89803922
v 0.09467212 8.25007013 -35.54045189 0.30196078 0.61568627 0.89803922
v -0.55710789 10.29466874 -35.84911956 0.30196078 0.61568627 0.89803922
v -0.43129435 10.27049820 -35.55884421 0.30196078 0.61568627 0.89803922
v -0.41196311 10.36295029 -35.84859632 0.30196078 0.61568627 0.89803922
v -0.09324924 10.00798832 -35.09858050 0.30196078 0.61568627 0.89803922
v -0.27264927 10.17245015 -35.30215108 0.30196078 0.61568627 0.89803922
v -0.09457884 10.43584159 -35.84696823 0.30196078 0.61568627 0.89803922
v -0.27447847 10.32465750 -35.55588451 0.30196078 0.61568627 0.89803922
v -0.25313458 10.41135149 -35.84728865 0.30196078 0.61568627 0.89803922
v -0.34644771 10.35368080 -35.69630484 0.30196078 0.61568627 0.89803922
v 0.55710789 10.29466874 -35.84911956 0.30196078 0.61568627 0.89803922
v 0.43129435 10.27049820 -35.55884421 0.30196078 0.61568627 0.89803922
v 0.41196311 10.36295029 -35.84859632 0.30196078 0.61568627 0.89803922
v 0.09324924 10.00798832 -35.09858050 0.30196078 0.61568627 0.89803922
v 0.27264927 10.17245015 -35.30215108 0.30196078 0.61568627 0.89803922
v 0.00000000 10.10834309 -35.18202600 0.30196078 0.61568627 0.89803922
v 0.09457884 10.43584159 -35.84696823 0.30196078 0.61568627 0.89803922
v 0.27447847 10.32465750 -35.55588451 0.30196078 0.61568627 0.89803922
v 0.25313458 10.41135149 -35.84728865 0.30196078 0.61568627 0.89803922
v 0.00000000 10.40844045 -35.69363459 0.30196078 0.61568627 0.89803922
v 0.34644771 10.35368080 -35.69630484 0.30196078 0.61568627 0.89803922
v -0.17989963 10.26620457 -35.40285274 0.30196078 0.61568627 0.89803922
v 0.17989963 10.26620457 -35.40285274 0.30196078 0.61568627 0.89803922
v -0.09331313 10.19723503 -35.28672448 0.30196078 0.61568627 0.89803922
v -0.09467212 10.34992987 -35.54045189 0.30196078 0.61568627 0.89803922
v 0.09331313 10.19723503 -35.28672448 0.30196078 0.61568627 0.89803922
v 0.09467212 10.34992987 -35.54045189 0.30196078 0.61568627 0.89803922
v 0.00000000 8.83614135 -34.94770007 0.30196078 0.61568627 0.89803922
v 0.00000000 9.14135492 -34.86099529 0.30196078 0.61568627 0.89803922
v 0.00000000 9.76385865 -34.94770007 0.30196078 0.61568627 0.89803922
v 0.00000000 9.45864508 -34.86099529 0.30196078 0.61568627 0.89803922
v -0.55710789 8.30533126 -36.15088044 0.30196078 0.61568627 0.89803922
v -0.43129435 8.32950180 -36.44115579 0.30196078 0.61568627 0.89803922
v -0.41196311 8.23704971 -36.15140368 0.30196078 0.61568627 0.89803922
v -0.09324924 8.59201168 -36.90141950 0.30196078 0.61568627 0.89803922
v -0.27264927 8.42754985 -36.69784892 0.30196078 0.61568627 0.89803922
v -0.09457884 8.16415841 -36.15303177 0.30196078 0.61568627 0.89803922
v -0.27447847 8.27534250 -36.44411549 0.30196078 0.61568627 0.89803922
v -0.25313458 8.18864851 -36.15271135 0.30196078 0.61568627 0.89803922
v -0.34644771 8.24631920 -36.30369516 0.30196078 0.61568627 0.89803922
v 0.55710789 8.30533126 -36.15088044 0.30196078 0.61568627 0.89803922
v 0.43129435 8.32950180 -36.44115579 0.30196078 0.61568627 0.89803922
v 0.41196311 8.23704971 -36.15140368 0.30196078 0.61568627 0.89803922
v 0.09324924 8.59201168 -36.90141950 0.30196078 0.61568627 0.89803922
v 0.27264927 8.42754985 -36.69784892 0.30196078 0.61568627 0.89803922
v 0.00000000 8.49165691 -36.81797400 0.30196078 0.61568627 0.89803922
v 0.09457884 8.16415841 -36.15303177 0.30196078 0.61568627 0.89803922
v 0.27447847 8.27534250 -36.44411549 0.30196078 0.61568627 0.89803922
v 0.25313458 8.18864851 -36.15271135 0.30196078 0.61568627 0.89803922
v 0.00000000 8.19155955 -36.30636541 0.30196078 0.61568627 0.89803922
v 0.34644771 8.24631920 -36.30369516 0.30196078 0.61568627 0.89803922
v -0.17989963 8.33379543 -36.59714726 0.30196078 0.61568627 0.89803922
v 0.17989963 8.33379543 -36.59714726 0.30196078 0.61568627 0.89803922
v -0.09331313 8.40276497 -36.71327552 0.30196078 0.61568627 0.89803922
v -0.09467212 8.25007013 -36.45954811 0.30196078 0.61568627 0.89803922
v 0.09331313 8.40276497 -36.71327552 0.30196078 0.61568627 0.89803922
v 0.09467212 8.25007013 -36.45954811 0.30196078 0.61568627 0.89803922
v -0.55710789 10.29466874 -36.15088044 0.30196078 0.61568627 0.89803922
v -0.43129435 10.27049820 -36.44115579 0.30196078 0.61568627 0.89803922
v -0.41196311 10.36295029 -36.15140368 0.30196078 0.61568627 0.89803922
v -0.09324924 10.00798832 -36.90141950 0.30196078 0.61568627 0.89803922
v -0.27264927 10.17245015 -36.69784892 0.30196078 0.61568627 0.89803922
v -0.09457884 10.43584159 -36.15303177 0.30196078 0.61568627 0.89803922
v -0.27447847 10.32465750 -36.44411549 0.30196078 0.61568627 0.89803922
v -0.25313458 10.41135149 -36.15271135 0.30196078 0.61568627 0.89803922
v -0.34644771 10.35368080 -36.30369516 0.30196078 0.61568627 0.89803922
v 0.55710789 10.29466874 -36.15088044 0.30196078 0.61568627 0.89803922
v 0.43129435 10.27049820 -36.44115579 0.30196078 0.61568627 0.89803922
v 0.41196311 10.36295029 -36.15140368 0.30196078 0.61568627 0.89803922
v 0.09324924 10.00798832 -36.90141950 0.30196078 0.61568627 0.89803922
v 0.27264927 10.17245015 -36.69784892 0.30196078 0.61568627 0.89803922
v 0.00000000 10.10834309 -36.81797400 0.30196078 0.61568627 0.89803922
v 0.09457884 10.43584159 -36.15303177 0.30196078 0.61568627 0.89803922
v 0.27447847 10.32465750 -36.44411549 0.30196078 0.61568627 0.89803922
v 0.25313458 10.41135149 -36.15271135 0.30196078 0.61568627 0.89803922
v 0.00000000 10.40844045 -36.30636541 0.30196078 0.61568627 0.89803922
v 0.34644771 10.35368080 -36.30369516 0.30196078 0.61568627 0.89803922
v -0.17989963 10.26620457 -36.59714726 0.30196078 0.61568627 0.89803922
v 0.17989963 10.26620457 -36.59714726 0.30196078 0.61568627 0.89803922
v -0.09331313 10.19723503 -36.71327552 0.30196078 0.61568627 0.89803922
v -0.09467212 10.34992987 -36.45954811 0.30196078 0.61568627 0.89803922
v 0.09331313 10.19723503 -36.71327552 0.30196078 0.61568627 0.89803922
v 0.09467212 10.34992987 -36.45954811 0.30196078 0.61568627 0.89803922
v 0.00000000 8.83614135 -37.05229993 0.30196078 0.61568627 0.89803922
v 0.00000000 9.14135492 -37.13900471 0.30196078 0.61568627 0.89803922
v 0.00000000 9.76385865 -37.05229993 0.30196078 0.61568627 0.89803922
v 0.00000000 9.45864508 -37.13900471 0.30196078 0.61568627 0.89803922
v 0.70798832 10.20141950 -36.09324924 0.30196078 0.61568627 0.89803922
v 0.87245015 9.99784892 -36.27264927 0.30196078 0.61568627 0.89803922
v 0.65693941 10.21154661 -36.24497630 0.30196078 0.61568627 0.89803922
v 0.99466874 9.45088044 -36.55710789 0.30196078 0.61568627 0.89803922
v 0.97049820 9.74115579 -36.43129435 0.30196078 0.61568627 0.89803922
v 0.52208907 10.17162573 -36.53869433 0.30196078 0.61568627 0.89803922
v 0.81317280 9.99172610 -36.42751024 0.30196078 0.61568627 0.89803922
v 0.59353986 10.20096945 -36.39807597 0.30196078 0.61568627 0.89803922
v 0.74452368 10.10765632 -36.34040528 0.30196078 0.61568627 0.89803922
v 0.70798832 8.39858050 -36.09324924 0.30196078 0.61568627 0.89803922
v 0.87245015 8.60215108 -36.27264927 0.30196078 0.61568627 0.89803922
v 0.65693941 8.38845339 -36.24497630 0.30196078 0.61568627 0.89803922
v 0.99466874 9.14911956 -36.55710789 0.30196078 0.61568627 0.89803922
v 0.97049820 8.85884421 -36.43129435 0.30196078 0.61568627 0.89803922
v 0.52208907 8.42837427 -36.53869433 0.30196078 0.61568627 0.89803922
v 0.81317280 8.60827390 -36.42751024 0.30196078 0.61568627 0.89803922
v 0.59353986 8.39903055 -36.39807597 0.30196078 0.61568627 0.89803922
v 0.74452368 8.49234368 -36.34040528 0.30196078 0.61568627 0.89803922
v 0.15088044 8.74289211 -36.99466874 0.30196078 0.61568627 0.89803922
v 0.44115579 8.86870565 -36.97049820 0.30196078 0.61568627 0.89803922
v 0.24497630 8.64306059 -36.91154661 0.30196078 0.61568627 0.89803922
v 0.15140368 8.88803689 -37.06295029 0.30196078 0.61568627 0.89803922
v 0.90141950 9.20675076 -36.70798832 0.30196078 0.61568627 0.89803922
v 0.69784892 9.02735073 -36.87245015 0.30196078 0.61568627 0.89803922
v 0.91154661 9.05502370 -36.65693941 0.30196078 0.61568627 0.89803922
v 0.42751024 8.48682720 -36.69172610 0.30196078 0.61568627 0.89803922
v 0.53869433 8.77791093 -36.87162573 0.30196078 0.61568627 0.89803922
v 0.34040528 8.55547632 -36.80765632 0.30196078 0.61568627 0.89803922
v 0.59038176 8.55643554 -36.64889234 0.30196078 0.61568627 0.89803922
v 0.39807597 8.70646014 -36.90096945 0.30196078 0.61568627 0.89803922
v 0.15303177 9.20542116 -37.13584159 0.30196078 0.61568627 0.89803922
v 0.44411549 9.02552153 -37.02465750 0.30196078 0.61568627 0.89803922
v 0.15271135 9.04686542 -37.11135149 0.30196078 0.61568627 0.89803922
v 0.30369516 8.95355229 -37.05368080 0.30196078 0.61568627 0.89803922
v 0.87162573 8.76130567 -36.52208907 0.30196078 0.61568627 0.89803922
v 0.69172610 8.87248976 -36.81317280 0.30196078 0.61568627 0.89803922
v 0.90096945 8.90192403 -36.59353986 0.30196078 0.61568627 0.89803922
v 0.74356446 8.65110766 -36.59038176 0.30196078 0.61568627 0.89803922
v 0.80765632 8.95959472 -36.74452368 0.30196078 0.61568627 0.89803922
v 0.64889234 8.70961824 -36.74356446 0.30196078 0.61568627 0.89803922
v 0.15088044 9.85710789 -36.99466874 0.30196078 0.61568627 0.89803922
v 0.44115579 9.73129435 -36.97049820 0.30196078 0.61568627 0.89803922
v 0.24497630 9.95693941 -36.91154661 0.30196078 0.61568627 0.89803922
v 0.15140368 9.71196311 -37.06295029 0.30196078 0.61568627 0.89803922
v 0.90141950 9.39324924 -36.70798832 0.30196078 0.61568627 0.89803922
v 0.69784892 9.57264927 -36.87245015 0.30196078 0.61568627 0.89803922
v 0.91154661 9.54497630 -36.65693941 0.30196078 0.61568627 0.89803922
v 0.81797400 9.30000000 -36.80834309 0.30196078 0.61568627 0.89803922
v 0.42751024 10.11317280 -36.69172610 0.30196078 0.61568627 0.89803922
v 0.53869433 9.82208907 -36.87162573 0.30196078 0.61568627 0.89803922
v 0.34040528 10.04452368 -36.80765632 0.30196078 0.61568627 0.89803922
v 0.59038176 10.04356446 -36.64889234 0.30196078 0.61568627 0.89803922
v 0.39807597 9.89353986 -36.90096945 0.30196078 0.61568627 0.89803922
v 0.15303177 9.39457884 -37.13584159 0.30196078 0.61568627 0.89803922
v 0.44411549 9.57447847 -37.02465750 0.30196078 0.61568627 0.89803922
v 0.15271135 9.55313458 -37.11135149 0.30196078 0.61568627 0.89803922
v 0.30636541 9.30000000 -37.10844045 0.30196078 0.61568627 0.89803922
v 0.30369516 9.64644771 -37.05368080 0.30196078 0.61568627 0.89803922
v 0.87162573 9.83869433 -36.52208907 0.30196078 0.61568627 0.89803922
v 0.69172610 9.72751024 -36.81317280 0.30196078 0.61568627 0.89803922
v 0.90096945 9.69807597 -36.59353986 0.30196078 0.61568627 0.89803922
v 0.74356446 9.94889234 -36.59038176 0.30196078 0.61568627 0.89803922
v 0.80765632 9.64040528 -36.74452368 0.30196078 0.61568627 0.89803922
v 0.64889234 9.89038176 -36.74356446 0.30196078 0.61568627 0.89803922
v 0.59714726 9.12010037 -36.96620457 0.30196078 0.61568627 0.89803922
v 0.59714726 9.47989963 -36.96620457 0.30196078 0.61568627 0.89803922
v 0.71327552 9.20668687 -36.89723503 0.30196078 0.61568627 0.89803922
v 0.45954811 9.20532788 -37.04992987 0.30196078 0.61568627 0.89803922
v 0.71327552 9.39331313 -36.89723503 0.30196078 0.61568627 0.89803922
v 0.45954811 9.39467212 -37.04992987 0.30196078 0.61568627 0.89803922
v 0.70798832 10.20141950 -35.90675076 0.30196078 0.61568627 0.89803922
v 0.87245015 9.99784892 -35.72735073 0.30196078 0.61568627 0.89803922
v 0.65693941 10.21154661 -35.75502370 0.30196078 0.61568627 0.89803922
v 0.80834309 10.11797400 -36.00000000 0.30196078 0.61568627 0.89803922
v 0.99466874 9.45088044 -35.44289211 0.30196078 0.61568627 0.89803922
v 0.97049820 9.74115579 -35.56870565 0.30196078 0.61568627 0.89803922
v 0.52208907 10.17162573 -35.46130567 0.30196078 0.61568627 0.89803922
v 0.81317280 9.99172610 -35.57248976 0.30196078 0.61568627 0.89803922
v 0.59353986 10.20096945 -35.60192403 0.30196078 0.61568627 0.89803922
v 0.74452368 10.10765632 -35.65959472 0.30196078 0.61568627 0.89803922
v 0.96620457 9.89714726 -36.17989963 0.30196078 0.61568627 0.89803922
v 0.96620457 9.89714726 -35.82010037 0.30196078 0.61568627 0.89803922
v 0.89723503 10.01327552 -36.09331313 0.30196078 0.61568627 0.89803922
v 0.89723503 10.01327552 -35.90668687 0.30196078 0.61568627 0.89803922
v 0.70798832 8.39858050 -35.90675076 0.30196078 0.61568627 0.89803922
v 0.87245015 8.60215108 -35.72735073 0.30196078 0.61568627 0.89803922
v 0.65693941 8.38845339 -35.75502370 0.30196078 0.61568627 0.89803922
v 0.80834309 8.48202600 -36.00000000 0.30196078 0.61568627 0.89803922
v 0.99466874 9.14911956 -35.44289211 0.30196078 0.61568627 0.89803922
v 0.97049820 8.85884421 -35.56870565 0.30196078 0.61568627 0.89803922
v 0.52208907 8.42837427 -35.46130567 0.30196078 0.61568627 0.89803922
v 0.81317280 8.60827390 -35.57248976 0.30196078 0.61568627 0.89803922
v 0.59353986 8.39903055 -35.60192403 0.30196078 0.61568627 0.89803922
v 0.74452368 8.49234368 -35.65959472 0.30196078 0.61568627 0.89803922
v 0.96620457 8.70285274 -36.17989963 0.30196078 0.61568627 0.89803922
v 0.96620457 8.70285274 -35.82010037 0.30196078 0.61568627 0.89803922
v 0.89723503 8.58672448 -36.09331313 0.30196078 0.61568627 0.89803922
v 0.89723503 8.58672448 -35.90668687 0.30196078 0.61568627 0.89803922
v 0.15088044 8.74289211 -35.00533126 0.30196078 0.61568627 0.89803922
v 0.44115579 8.86870565 -35.02950180 0.30196078 0.61568627 0.89803922
v 0.24497630 8.64306059 -35.08845339 0.30196078 0.61568627 0.89803922
v 0.15140368 8.88803689 -34.93704971 0.30196078 0.61568627 0.89803922
v 0.90141950 9.20675076 -35.29201168 0.30196078 0.61568627 0.89803922
v 0.69784892 9.02735073 -35.12754985 0.30196078 0.61568627 0.89803922
v 0.91154661 9.05502370 -35.34306059 0.30196078 0.61568627 0.89803922
v 0.42751024 8.48682720 -35.30827390 0.30196078 0.61568627 0.89803922
v 0.53869433 8.77791093 -35.12837427 0.30196078 0.61568627 0.89803922
v 0.34040528 8.55547632 -35.19234368 0.30196078 0.61568627 0.89803922
v 0.59038176 8.55643554 -35.35110766 0.30196078 0.61568627 0.89803922
v 0.39807597 8.70646014 -35.09903055 0.30196078 0.61568627 0.89803922
v 0.15303177 9.20542116 -34.86415841 0.30196078 0.61568627 0.89803922
v 0.44411549 9.02552153 -34.97534250 0.30196078 0.61568627 0.89803922
v 0.15271135 9.04686542 -34.88864851 0.30196078 0.61568627 0.89803922
v 0.30369516 8.95355229 -34.94631920 0.30196078 0.61568627 0.89803922
v 0.87162573 8.76130567 -35.47791093 0.30196078 0.61568627 0.89803922
v 0.69172610 8.87248976 -35.18682720 0.30196078 0.61568627 0.89803922
v 0.90096945 8.90192403 -35.40646014 0.30196078 0.61568627 0.89803922
v 0.74356446 8.65110766 -35.40961824 0.30196078 0.61568627 0.89803922
v 0.80765632 8.95959472 -35.25547632 0.30196078 0.61568627 0.89803922
v 0.64889234 8.70961824 -35.25643554 0.30196078 0.61568627 0.89803922
v 0.15088044 9.85710789 -35.00533126 0.30196078 0.61568627 0.89803922
v 0.44115579 9.73129435 -35.02950180 0.30196078 0.61568627 0.89803922
v 0.24497630 9.95693941 -35.08845339 0.30196078 0.61568627 0.89803922
v 0.15140368 9.71196311 -34.93704971 0.30196078 0.61568627 0.89803922
v 0.90141950 9.39324924 -35.29201168 0.30196078 0.61568627 0.89803922
v 0.69784892 9.57264927 -35.12754985 0.30196078 0.61568627 0.89803922
v 0.91154661 9.54497630 -35.34306059 0.30196078 0.61568627 0.89803922
v 0.81797400 9.30000000 -35.19165691 0.30196078 0.61568627 0.89803922
v 0.42751024 10.11317280 -35.30827390 0.30196078 0.61568627 0.89803922
v 0.53869433 9.82208907 -35.12837427 0.30196078 0.61568627 0.89803922
v 0.34040528 10.04452368 -35.19234368 0.30196078 0.61568627 0.89803922
v 0.59038176 10.04356446 -35.35110766 0.30196078 0.61568627 0.89803922
v 0.39807597 9.89353986 -35.09903055 0.30196078 0.61568627 0.89803922
v 0.15303177 9.39457884 -34.86415841 0.30196078 0.61568627 0.89803922
v 0.44411549 9.57447847 -34.97534250 0.30196078 0.61568627 0.89803922
v 0.15271135 9.55313458 -34.88864851 0.30196078 0.61568627 0.89803922
v 0.30636541 9.30000000 -34.89155955 0.30196078 0.61568627 0.89803922
v 0.30369516 9.64644771 -34.94631920 0.30196078 0.61568627 0.89803922
v 0.87162573 9.83869433 -35.47791093 0.30196078 0.61568627 0.89803922
v 0.69172610 9.72751024 -35.18682720 0.30196078 0.61568627 0.89803922
v 0.90096945 9.69807597 -35.40646014 0.30196078 0.61568627 0.89803922
v 0.74356446 9.94889234 -35.40961824 0.30196078 0.61568627 0.89803922
v 0.80765632 9.64040528 -35.25547632 0.30196078 0.61568627 0.89803922
v 0.64889234 9.89038176 -35.25643554 0.30196078 0.61568627 0.89803922
v 0.59714726 9.12010037 -35.03379543 0.30196078 0.61568627 0.89803922
v 0.59714726 9.47989963 -35.03379543 0.30196078 0.61568627 0.89803922
v 0.71327552 9.20668687 -35.10276497 0.30196078 0.61568627 0.89803922
v 0.45954811 9.20532788 -34.95007013 0.30196078 0.61568627 0.89803922
v 0.71327552 9.39331313 -35.10276497 0.30196078 0.61568627 0.89803922
v 0.45954811 9.39467212 -34.95007013 0.30196078 0.61568627 0.89803922
v 1.05229993 9.30000000 -36.46385865 0.30196078 0.61568627 0.89803922
v 1.13900471 9.30000000 -36.15864508 0.30196078 0.61568627 0.89803922
v 1.06295029 9.45140368 -36.41196311 0.30196078 0.61568627 0.89803922
v 1.06295029 9.14859632 -36.41196311 0.30196078 0.61568627 0.89803922
v 1.05229993 9.30000000 -35.53614135 0.30196078 0.61568627 0.89803922
v 1.13900471 9.30000000 -35.84135492 0.30196078 0.61568627 0.89803922
v 1.06295029 9.45140368 -35.58803689 0.30196078 0.61568627 0.89803922
v 1.06295029 9.14859632 -35.58803689 0.30196078 0.61568627 0.89803922
v 1.02465750 9.74411549 -36.27447847 0.30196078 0.61568627 0.89803922
v 1.13584159 9.45303177 -36.09457884 0.30196078 0.61568627 0.89803922
v 1.05368080 9.60369516 -36.34644771 0.30196078 0.61568627 0.89803922
v 1.04992987 9.75954811 -36.09467212 0.30196078 0.61568627 0.89803922
v 1.11135149 9.45271135 -36.25313458 0.30196078 0.61568627 0.89803922
v 1.02465750 8.85588451 -36.27447847 0.30196078 0.61568627 0.89803922
v 1.13584159 9.14696823 -36.09457884 0.30196078 0.61568627 0.89803922
v 1.05368080 8.99630484 -36.34644771 0.30196078 0.61568627 0.89803922
v 1.04992987 8.84045189 -36.09467212 0.30196078 0.61568627 0.89803922
v 1.11135149 9.14728865 -36.25313458 0.30196078 0.61568627 0.89803922
v 1.02465750 9.74411549 -35.72552153 0.30196078 0.61568627 0.89803922
v 1.13584159 9.45303177 -35.90542116 0.30196078 0.61568627 0.89803922
v 1.05368080 9.60369516 -35.65355229 0.30196078 0.61568627 0.89803922
v 1.04992987 9.75954811 -35.90532788 0.30196078 0.61568627 0.89803922
v 1.11135149 9.45271135 -35.74686542 0.30196078 0.61568627 0.89803922
v 1.10844045 9.60636541 -36.00000000 0.30196078 0.61568627 0.89803922
v 1.02465750 8.85588451 -35.72552153 0.30196078 0.61568627 0.89803922
v 1.13584159 9.14696823 -35.90542116 0.30196078 0.61568627 0.89803922
v 1.05368080 8.99630484 -35.65355229 0.30196078 0.61568627 0.89803922
v 1.04992987 8.84045189 -35.90532788 0.30196078 0.61568627 0.89803922
v 1.11135149 9.14728865 -35.74686542 0.30196078 0.61568627 0.89803922
v 1.10844045 8.99363459 -36.00000000 0.30196078 0.61568627 0.89803922
v -0.70798832 10.20141950 -36.09324924 0.30196078 0.61568627 0.89803922
v -0.87245015 9.99784892 -36.27264927 0.30196078 0.61568627 0.89803922
v -0.65693941 10.21154661 -36.24497630 0.30196078 0.61568627 0.89803922
v -0.99466874 9.45088044 -36.55710789 0.30196078 0.61568627 0.89803922
v -0.97049820 9.74115579 -36.43129435 0.30196078 0.61568627 0.89803922
v -0.52208907 10.17162573 -36.53869433 0.30196078 0.61568627 0.89803922
v -0.81317280 9.99172610 -36.42751024 0.30196078 0.61568627 0.89803922
v -0.59353986 10.20096945 -36.39807597 0.30196078 0.61568627 0.89803922
v -0.74452368 10.10765632 -36.34040528 0.30196078 0.61568627 0.89803922
v -0.70798832 8.39858050 -36.09324924 0.30196078 0.61568627 0.89803922
v -0.87245015 8.60215108 -36.27264927 0.30196078 0.61568627 0.89803922
v -0.65693941 8.38845339 -36.24497630 0.30196078 0.61568627 0.89803922
v -0.99466874 9.14911956 -36.55710789 0.30196078 0.61568627 0.89803922
v -0.97049820 8.85884421 -36.43129435 0.30196078 0.61568627 0.89803922
v -0.52208907 8.42837427 -36.53869433 0.30196078 0.61568627 0.89803922
v -0.81317280 8.60827390 -36.42751024 0.30196078 0.61568627 0.89803922
v -0.59353986 8.39903055 -36.39807597 0.30196078 0.61568627 0.89803922
v -0.74452368 8.49234368 -36.34040528 0.30196078 0.61568627 0.89803922
v -0.15088044 8.74289211 -36.99466874 0.30196078 0.61568627 0.89803922
v -0.44115579 8.86870565 -36.97049820 0.30196078 0.61568627 0.89803922
v -0.24497630 8.64306059 -36.91154661 0.30196078 0.61568627 0.89803922
v -0.15140368 8.88803689 -37.06295029 0.30196078 0.61568627 0.89803922
v -0.90141950 9.20675076 -36.70798832 0.30196078 0.61568627 0.89803922
v -0.69784892 9.02735073 -36.87245015 0.30196078 0.61568627 0.89803922
v -0.91154661 9.05502370 -36.65693941 0.30196078 0.61568627 0.89803922
v -0.42751024 8.48682720 -36.69172610 0.30196078 0.61568627 0.89803922
v -0.53869433 8.77791093 -36.87162573 0.30196078 0.61568627 0.89803922
v -0.34040528 8.55547632 -36.80765632 0.30196078 0.61568627 0.89803922
v -0.59038176 8.55643554 -36.64889234 0.30196078 0.61568627 0.89803922
v -0.39807597 8.70646014 -36.90096945 0.30196078 0.61568627 0.89803922
v -0.15303177 9.20542116 -37.13584159 0.30196078 0.61568627 0.89803922
v -0.44411549 9.02552153 -37.02465750 0.30196078 0.61568627 0.89803922
v -0.15271135 9.04686542 -37.11135149 0.30196078 0.61568627 0.89803922
v -0.30369516 8.95355229 -37.05368080 0.30196078 0.61568627 0.89803922
v -0.87162573 8.76130567 -36.52208907 0.30196078 0.61568627 0.89803922
v -0.69172610 8.87248976 -36.81317280 0.30196078 0.61568627 0.89803922
v -0.90096945 8.90192403 -36.59353986 0.30196078 0.61568627 0.89803922
v -0.74356446 8.65110766 -36.59038176 0.30196078 0.61568627 0.89803922
v -0.80765632 8.95959472 -36.74452368 0.30196078 0.61568627 0.89803922
v -0.64889234 8.70961824 -36.74356446 0.30196078 0.61568627 0.89803922
v -0.15088044 9.85710789 -36.99466874 0.30196078 0.61568627 0.89803922
v -0.44115579 9.73129435 -36.97049820 0.30196078 0.61568627 0.89803922
v -0.24497630 9.95693941 -36.91154661 0.30196078 0.61568627 0.89803922
v -0.15140368 9.71196311 -37.06295029 0.30196078 0.61568627 0.89803922
v -0.90141950 9.39324924 -36.70798832 0.30196078 0.61568627 0.89803922
v -0.69784892 9.57264927 -36.87245015 0.30196078 0.61568627 0.89803922
v -0.91154661 9.54497630 -36.65693941 0.30196078 0.61568627 0.89803922
v -0.81797400 9.30000000 -36.80834309 0.30196078 0.61568627 0.89803922
v -0.42751024 10.11317280 -36.69172610 0.30196078 0.61568627 0.89803922
v -0.53869433 9.82208907 -36.87162573 0.30196078 0.61568627 0.89803922
v -0.34040528 10.04452368 -36.80765632 0.30196078 0.61568627 0.89803922
v -0.59038176 10.04356446 -36.64889234 0.30196078 0.61568627 0.89803922
v -0.39807597 9.89353986 -36.90096945 0.30196078 0.61568627 0.89803922
v -0.15303177 9.39457884 -37.13584159 0.30196078 0.61568627 0.89803922
v -0.44411549 9.57447847 -37.02465750 0.30196078 0.61568627 0.89803922
v -0.15271135 9.55313458 -37.11135149 0.30196078 0.61568627 0.89803922
v -0.30636541 9.30000000 -37.10844045 0.30196078 0.61568627 0.89803922
v -0.30369516 9.64644771 -37.05368080 0.30196078 0.61568627 0.89803922
v -0.87162573 9.83869433 -36.52208907 0.30196078 0.61568627 0.89803922
v -0.69172610 9.72751024 -36.81317280 0.30196078 0.61568627 0.89803922
v -0.90096945 9.69807597 -36.59353986 0.30196078 0.61568627 0.89803922
v -0.74356446 9.94889234 -36.59038176 0.30196078 0.61568627 0.89803922
v -0.80765632 9.64040528 -36.74452368 0.30196078 0.61568627 0.89803922
v -0.64889234 9.89038176 -36.74356446 0.30196078 0.61568627 0.89803922
v -0.59714726 9.12010037 -36.96620457 0.30196078 0.61568627 0.89803922
v -0.59714726 9.47989963 -36.96620457 0.30196078 0.61568627 0.89803922
v -0.71327552 9.20668687 -36.89723503 0.30196078 0.61568627 0.89803922
v -0.45954811 9.20532788 -37.04992987 0.30196078 0.61568627 0.89803922
v -0.71327552 9.39331313 -36.89723503 0.30196078 0.61568627 0.89803922
v -0.45954811 9.39467212 -37.04992987 0.30196078 0.61568627 0.89803922
v -0.70798832 10.20141950 -35.90675076 0.30196078 0.61568627 0.89803922
v -0.87245015 9.99784892 -35.72735073 0.30196078 0.61568627 0.89803922
v -0.65693941 10.21154661 -35.75502370 0.30196078 0.61568627 0.89803922
v -0.80834309 10.11797400 -36.00000000 0.30196078 0.61568627 0.89803922
v -0.99466874 9.45088044 -35.44289211 0.30196078 0.61568627 0.89803922
v -0.97049820 9.74115579 -35.56870565 0.30196078 0.61568627 0.89803922
v -0.52208907 10.17162573 -35.46130567 0.30196078 0.61568627 0.89803922
v -0.81317280 9.99172610 -35.57248976 0.30196078 0.61568627 0.89803922
v -0.59353986 10.20096945 -35.60192403 0.30196078 0.61568627 0.89803922
v -0.74452368 10.10765632 -35.65959472 0.30196078 0.61568627 0.89803922
v -0.96620457 9.89714726 -36.17989963 0.30196078 0.61568627 0.89803922
v -0.96620457 9.89714726 -35.82010037 0.30196078 0.61568627 0.89803922
v -0.89723503 10.01327552 -36.09331313 0.30196078 0.61568627 0.89803922
v -0.89723503 10.01327552 -35.90668687 0.30196078 0.61568627 0.89803922
v -0.70798832 8.39858050 -35.90675076 0.30196078 0.61568627 0.89803922
v -0.87245015 8.60215108 -35.72735073 0.30196078 0.61568627 0.89803922
v -0.65693941 8.38845339 -35.75502370 0.30196078 0.61568627 0.89803922
v -0.80834309 8.48202600 -36.00000000 0.30196078 0.61568627 0.89803922
v -0.99466874 9.14911956 -35.44289211 0.30196078 0.61568627 0.89803922
v -0.97049820 8.85884421 -35.56870565 0.30196078 0.61568627 0.89803922
v -0.52208907 8.42837427 -35.46130567 0.30196078 0.61568627 0.89803922
v -0.81317280 8.60827390 -35.57248976 0.30196078 0.61568627 0.89803922
v -0.59353986 8.39903055 -35.60192403 0.30196078 0.61568627 0.89803922
v -0.74452368 8.49234368 -35.65959472 0.30196078 0.61568627 0.89803922
v -0.96620457 8.70285274 -36.17989963 0.30196078 0.61568627 0.89803922
v -0.96620457 8.70285274 -35.82010037 0.30196078 0.61568627 0.89803922
v -0.89723503 8.58672448 -36.09331313 0.30196078 0.61568627 0.89803922
v -0.89723503 8.58672448 -35.90668687 0.30196078 0.61568627 0.89803922
v -0.15088044 8.74289211 -35.00533126 0.30196078 0.61568627 0.89803922
v -0.44115579 8.86870565 -35.02950180 0.30196078 0.61568627 0.89803922
v -0.24497630 8.64306059 -35.08845339 0.30196078 0.61568627 0.89803922
v -0.15140368 8.88803689 -34.93704971 0.30196078 0.61568627 0.89803922
v -0.90141950 9.20675076 -35.29201168 0.30196078 0.61568627 0.89803922
v -0.69784892 9.02735073 -35.12754985 0.30196078 0.61568627 0.89803922
v -0.91154661 9.05502370 -35.34306059 0.30196078 0.61568627 0.89803922
v -0.42751024 8.48682720 -35.30827390 0.30196078 0.61568627 0.89803922
v -0.53869433 8.77791093 -35.12837427 0.30196078 0.61568627 0.89803922
v -0.34040528 8.55547632 -35.19234368 0.30196078 0.61568627 0.89803922
v -0.59038176 8.55643554 -35.35110766 0.30196078 0.61568627 0.89803922
v -0.39807597 8.70646014 -35.09903055 0.30196078 0.61568627 0.89803922
v -0.15303177 9.20542116 -34.86415841 0.30196078 0.61568627 0.89803922
v -0.44411549 9.02552153 -34.97534250 0.30196078 0.61568627 0.89803922
v -0.15271135 9.04686542 -34.88864851 0.30196078 0.61568627 0.89803922
v -0.30369516 8.95355229 -34.94631920 0.30196078 0.61568627 0.89803922
v -0.87162573 8.76130567 -35.47791093 0.30196078 0.61568627 0.89803922
v -0.69172610 8.87248976 -35.18682720 0.30196078 0.61568627 0.89803922
v -0.90096945 8.90192403 -35.40646014 0.30196078 0.61568627 0.89803922
v -0.74356446 8.65110766 -35.40961824 0.30196078 0.61568627 0.89803922
v -0.80765632 8.95959472 -35.25547632 0.30196078 0.61568627 0.89803922
v -0.64889234 8.70961824 -35.25643554 0.30196078 0.61568627 0.89803922
v -0.15088044 9.85710789 -35.00533126 0.30196078 0.61568627 0.89803922
v -0.44115579 9.73129435 -35.02950180 0.30196078 0.61568627 0.89803922
v -0.24497630 9.95693941 -35.08845339 0.30196078 0.61568627 0.89803922
v -0.15140368 9.71196311 -34.93704971 0.30196078 0.61568627 0.89803922
v -0.90141950 9.39324924 -35.29201168 0.30196078 0.61568627 0.89803922
v -0.69784892 9.57264927 -35.12754985 0.30196078 0.61568627 0.89803922
v -0.91154661 9.54497630 -35.34306059 0.30196078 0.61568627 0.89803922
v -0.81797400 9.30000000 -35.19165691 0.30196078 0.61568627 0.89803922
v -0.42751024 10.11317280 -35.30827390 0.30196078 0.61568627 0.89803922
v -0.53869433 9.82208907 -35.12837427 0.30196078 0.61568627 0.89803922
v -0.34040528 10.04452368 -35.19234368 0.30196078 0.61568627 0.89803922
v -0.59038176 10.04356446 -35.35110766 0.30196078 0.61568627 0.89803922
v -0.39807597 9.89353986 -35.09903055 0.30196078 0.61568627 0.89803922
v -0.15303177 9.39457884 -34.86415841 0.30196078 0.61568627 0.89803922
v -0.44411549 9.57447847 -34.97534250 0.30196078 0.61568627 0.89803922
v -0.15271135 9.55313458 -34.88864851 0.30196078 0.61568627 0.89803922
v -0.30636541 9.30000000 -34.89155955 0.30196078 0.61568627 0.89803922
v -0.30369516 9.64644771 -34.94631920 0.30196078 0.61568627 0.89803922
v -0.87162573 9.83869433 -35.47791093 0.30196078 0.61568627 0.89803922
v -0.69172610 9.72751024 -35.18682720 0.30196078 0.61568627 0.89803922
v -0.90096945 9.69807597 -35.40646014 0.30196078 0.61568627 0.89803922
v -0.74356446 9.94889234 -35.40961824 0.30196078 0.61568627 0.89803922
v -0.80765632 9.64040528 -35.25547632 0.30196078 0.61568627 0.89803922
v -0.64889234 9.89038176 -35.25643554 0.30196078 0.61568627 0.89803922
v -0.59714726 9.12010037 -35.03379543 0.30196078 0.61568627 0.89803922
v -0.59714726 9.47989963 -35.03379543 0.30196078 0.61568627 0.89803922
v -0.71327552 9.20668687 -35.10276497 0.30196078 0.61568627 0.89803922
v -0.45954811 9.20532788 -34.95007013 0.30196078 0.61568627 0.89803922
v -0.71327552 9.39331313 -35.10276497 0.30196078 0.61568627 0.89803922
v -0.45954811 9.39467212 -34.95007013 0.30196078 0.61568627 0.89803922
v -1.05229993 9.30000000 -36.46385865 0.30196078 0.61568627 0.89803922
v -1.13900471 9.30000000 -36.15864508 0.30196078 0.61568627 0.89803922
v -1.06295029 9.45140368 -36.41196311 0.30196078 0.61568627 0.89803922
v -1.06295029 9.14859632 -36.41196311 0.30196078 0.61568627 0.89803922
v -1.05229993 9.30000000 -35.53614135 0.30196078 0.61568627 0.89803922
v -1.13900471 9.30000000 -35.84135492 0.30196078 0.61568627 0.89803922
v -1.06295029 9.45140368 -35.58803689 0.30196078 0.61568627 0.89803922
v -1.06295029 9.14859632 -35.58803689 0.30196078 0.61568627 0.89803922
v -1.02465750 9.74411549 -36.27447847 0.30196078 0.61568627 0.89803922
v -1.13584159 9.45303177 -36.09457884 0.30196078 0.61568627 0.89803922
v -1.05368080 9.60369516 -36.34644771 0.30196078 0.61568627 0.89803922
v -1.04992987 9.75954811 -36.09467212 0.30196078 0.61568627 0.89803922
v -1.11135149 9.45271135 -36.25313458 0.30196078 0.61568627 0.89803922
v -1.02465750 8.85588451 -36.27447847 0.30196078 0.61568627 0.89803922
v -1.13584159 9.14696823 -36.09457884 0.30196078 0.61568627 0.89803922
v -1.05368080 8.99630484 -36.34644771 0.30196078 0.61568627 0.89803922
v -1.04992987 8.84045189 -36.09467212 0.30196078 0.61568627 0.89803922
v -1.11135149 9.14728865 -36.25313458 0.30196078 0.61568627 0.89803922
v -1.02465750 9.74411549 -35.72552153 0.30196078 0.61568627 0.89803922
v -1.13584159 9.45303177 -35.90542116 0.30196078 0.61568627 0.89803922
v -1.05368080 9.60369516 -35.65355229 0.30196078 0.61568627 0.89803922
v -1.04992987 9.75954811 -35.90532788 0.30196078 0.61568627 0.89803922
v -1.11135149 9.45271135 -35.74686542 0.30196078 0.61568627 0.89803922
v -1.10844045 9.60636541 -36.00000000 0.30196078 0.61568627 0.89803922
v -1.02465750 8.85588451 -35.72552153 0.30196078 0.61568627 0.89803922
v -1.13584159 9.14696823 -35.90542116 0.30196078 0.61568627 0.89803922
v -1.05368080 8.99630484 -35.65355229 0.30196078 0.61568627 0.89803922
v -1.04992987 8.84045189 -35.90532788 0.30196078 0.61568627 0.89803922
v -1.11135149 9.14728865 -35.74686542 0.30196078 0.61568627 0.89803922
v -1.10844045 8.99363459 -36.00000000 0.30196078 0.61568627 0.89803922
v -145.33072483 2.77884243 -143.49076007 0.23137255 0.19215686 0.15686275
v -141.30671889 2.77884243 -143.49076007 0.23137255 0.19215686 0.15686275
v -145.33072483 -1.77884243 -143.49076007 0.23137255 0.19215686 0.15686275
v -141.30671889 -1.77884243 -143.49076007 0.23137255 0.19215686 0.15686275
v -143.31872186 -0.90840208 -140.23527088 0.23137255 0.19215686 0.15686275
v -143.31872186 1.90840208 -140.23527088 0.23137255 0.19215686 0.15686275
v -143.31872186 -0.90840208 -146.74624926 0.23137255 0.19215686 0.15686275
v -143.31872186 1.90840208 -146.74624926 0.23137255 0.19215686 0.15686275
v -140.06323267 0.50000000 -145.50276304 0.23137255 0.19215686 0.15686275
v -140.06323267 0.50000000 -141.47875710 0.23137255 0.19215686 0.15686275
v -146.57421105 0.50000000 -145.50276304 0.23137255 0.19215686 0.15686275
v -146.57421105 0.50000000 -141.47875710 0.23137255 0.19215686 0.15686275
v -143.31872186 3.17893995 -143.49076007 0.23137255 0.19215686 0.15686275
v -143.31872186 -2.17893995 -143.49076007 0.23137255 0.19215686 0.15686275
v -144.50134754 -1.66730795 -141.57723153 0.23137255 0.19215686 0.15686275
v -142.13609619 -1.66730795 -141.57723153 0.23137255 0.19215686 0.15686275
v -144.50134754 2.66730795 -141.57723153 0.23137255 0.19215686 0.15686275
v -142.13609619 2.66730795 -141.57723153 0.23137255 0.19215686 0.15686275
v -143.31872186 0.50000000 -139.66370300 0.23137255 0.19215686 0.15686275
v -144.50134754 -1.66730795 -145.40428860 0.23137255 0.19215686 0.15686275
v -142.13609619 -1.66730795 -145.40428860 0.23137255 0.19215686 0.15686275
v -144.50134754 2.66730795 -145.40428860 0.23137255 0.19215686 0.15686275
v -142.13609619 2.66730795 -145.40428860 0.23137255 0.19215686 0.15686275
v -143.31872186 0.50000000 -147.31781714 0.23137255 0.19215686 0.15686275
v -140.22256766 1.83946997 -144.67338574 0.23137255 0.19215686 0.15686275
v -140.22256766 -0.83946997 -144.67338574 0.23137255 0.19215686 0.15686275
v -141.40519333 -0.32783797 -146.58691428 0.23137255 0.19215686 0.15686275
v -141.40519333 1.32783797 -146.58691428 0.23137255 0.19215686 0.15686275
v -140.22256766 1.83946997 -142.30813440 0.23137255 0.19215686 0.15686275
v -140.22256766 -0.83946997 -142.30813440 0.23137255 0.19215686 0.15686275
v -141.40519333 -0.32783797 -140.39460586 0.23137255 0.19215686 0.15686275
v -141.40519333 1.32783797 -140.39460586 0.23137255 0.19215686 0.15686275
v -139.49166479 0.50000000 -143.49076007 0.23137255 0.19215686 0.15686275
v -146.41487607 1.83946997 -144.67338574 0.23137255 0.19215686 0.15686275
v -146.41487607 -0.83946997 -144.67338574 0.23137255 0.19215686 0.15686275
v -145.23225040 -0.32783797 -146.58691428 0.23137255 0.19215686 0.15686275
v -145.23225040 1.32783797 -146.58691428 0.23137255 0.19215686 0.15686275
v -146.41487607 1.83946997 -142.30813440 0.23137255 0.19215686 0.15686275
v -146.41487607 -0.83946997 -142.30813440 0.23137255 0.19215686 0.15686275
v -145.23225040 -0.32783797 -140.39460586 0.23137255 0.19215686 0.15686275
v -145.23225040 1.32783797 -140.39460586 0.23137255 0.19215686 0.15686275
v -147.14577893 0.50000000 -143.49076007 0.23137255 0.19215686 0.15686275
v 22.81436268 2.95367013 159.06197448 0.23137255 0.19215686 0.15686275
v 27.14708136 2.95367013 159.06197448 0.23137255 0.19215686 0.15686275
v 22.81436268 -1.95367013 159.06197448 0.23137255 0.19215686 0.15686275
v 27.14708136 -1.95367013 159.06197448 0.23137255 0.19215686 0.15686275
v 24.98072202 -1.01645154 162.56721752 0.23137255 0.19215686 0.15686275
v 24.98072202 2.01645154 162.56721752 0.23137255 0.19215686 0.15686275
v 24.98072202 -1.01645154 155.55673143 0.23137255 0.19215686 0.15686275
v 24.98072202 2.01645154 155.55673143 0.23137255 0.19215686 0.15686275
v 28.48596507 0.50000000 156.89561514 0.23137255 0.19215686 0.15686275
v 28.48596507 0.50000000 161.22833382 0.23137255 0.19215686 0.15686275
v 21.47547898 0.50000000 156.89561514 0.23137255 0.19215686 0.15686275
v 21.47547898 0.50000000 161.22833382 0.23137255 0.19215686 0.15686275
v 24.98072202 3.38446224 159.06197448 0.23137255 0.19215686 0.15686275
v 24.98072202 -2.38446224 159.06197448 0.23137255 0.19215686 0.15686275
v 23.70736795 -1.83357897 161.12230465 0.23137255 0.19215686 0.15686275
v 26.25407610 -1.83357897 161.12230465 0.23137255 0.19215686 0.15686275
v 23.70736795 2.83357897 161.12230465 0.23137255 0.19215686 0.15686275
v 26.25407610 2.83357897 161.12230465 0.23137255 0.19215686 0.15686275
v 24.98072202 0.50000000 163.18263481 0.23137255 0.19215686 0.15686275
v 23.70736795 -1.83357897 157.00164431 0.23137255 0.19215686 0.15686275
v 26.25407610 -1.83357897 157.00164431 0.23137255 0.19215686 0.15686275
v 23.70736795 2.83357897 157.00164431 0.23137255 0.19215686 0.15686275
v 26.25407610 2.83357897 157.00164431 0.23137255 0.19215686 0.15686275
v 24.98072202 0.50000000 154.94131414 0.23137255 0.19215686 0.15686275
v 28.31440626 1.94223112 157.78862041 0.23137255 0.19215686 0.15686275
v 28.31440626 -0.94223112 157.78862041 0.23137255 0.19215686 0.15686275
v 27.04105219 -0.39134785 155.72829024 0.23137255 0.19215686 0.15686275
v 27.04105219 1.39134785 155.72829024 0.23137255 0.19215686 0.15686275
v 28.31440626 1.94223112 160.33532855 0.23137255 0.19215686 0.15686275
v 28.31440626 -0.94223112 160.33532855 0.23137255 0.19215686 0.15686275
v 27.04105219 -0.39134785 162.39565872 0.23137255 0.19215686 0.15686275
v 27.04105219 1.39134785 162.39565872 0.23137255 0.19215686 0.15686275
v 29.10138236 0.50000000 159.06197448 0.23137255 0.19215686 0.15686275
v 21.64703778 1.94223112 157.78862041 0.23137255 0.19215686 0.15686275
v 21.64703778 -0.94223112 157.78862041 0.23137255 0.19215686 0.15686275
v 22.92039186 -0.39134785 155.72829024 0.23137255 0.19215686 0.15686275
v 22.92039186 1.39134785 155.72829024 0.23137255 0.19215686 0.15686275
v 21.64703778 1.94223112 160.33532855 0.23137255 0.19215686 0.15686275
v 21.64703778 -0.94223112 160.33532855 0.23137255 0.19215686 0.15686275
v 22.92039186 -0.39134785 162.39565872 0.23137255 0.19215686 0.15686275
v 22.92039186 1.39134785 162.39565872 0.23137255 0.19215686 0.15686275
v 20.86006169 0.50000000 159.06197448 0.23137255 0.19215686 0.15686275
v 195.33219792 2.81704163 6.53221442 0.23137255 0.19215686 0.15686275
v 199.42365644 2.81704163 6.53221442 0.23137255 0.19215686 0.15686275
v 195.33219792 -1.81704163 6.53221442 0.23137255 0.19215686 0.15686275
v 199.42365644 -1.81704163 6.53221442 0.23137255 0.19215686 0.15686275
v 197.37792718 -0.93201048 9.84227389 0.23137255 0.19215686 0.15686275
v 197.37792718 1.93201048 9.84227389 0.23137255 0.19215686 0.15686275
v 197.37792718 -0.93201048 3.22215495 0.23137255 0.19215686 0.15686275
v 197.37792718 1.93201048 3.22215495 0.23137255 0.19215686 0.15686275
v 200.68798666 0.50000000 4.48648516 0.23137255 0.19215686 0.15686275
v 200.68798666 0.50000000 8.57794368 0.23137255 0.19215686 0.15686275
v 194.06786771 0.50000000 4.48648516 0.23137255 0.19215686 0.15686275
v 194.06786771 0.50000000 8.57794368 0.23137255 0.19215686 0.15686275
v 197.37792718 3.22384580 6.53221442 0.23137255 0.19215686 0.15686275
v 197.37792718 -2.22384580 6.53221442 0.23137255 0.19215686 0.15686275
v 196.17547769 -1.70363754 8.47781856 0.23137255 0.19215686 0.15686275
v 198.58037667 -1.70363754 8.47781856 0.23137255 0.19215686 0.15686275
v 196.17547769 2.70363754 8.47781856 0.23137255 0.19215686 0.15686275
v 198.58037667 2.70363754 8.47781856 0.23137255 0.19215686 0.15686275
v 197.37792718 0.50000000 10.42342271 0.23137255 0.19215686 0.15686275
v 196.17547769 -1.70363754 4.58661028 0.23137255 0.19215686 0.15686275
v 198.58037667 -1.70363754 4.58661028 0.23137255 0.19215686 0.15686275
v 196.17547769 2.70363754 4.58661028 0.23137255 0.19215686 0.15686275
v 198.58037667 2.70363754 4.58661028 0.23137255 0.19215686 0.15686275
v 197.37792718 0.50000000 2.64100613 0.23137255 0.19215686 0.15686275
v 200.52598082 1.86192290 5.32976493 0.23137255 0.19215686 0.15686275
v 200.52598082 -0.86192290 5.32976493 0.23137255 0.19215686 0.15686275
v 199.32353133 -0.34171464 3.38416079 0.23137255 0.19215686 0.15686275
v 199.32353133 1.34171464 3.38416079 0.23137255 0.19215686 0.15686275
v 200.52598082 1.86192290 7.73466391 0.23137255 0.19215686 0.15686275
v 200.52598082 -0.86192290 7.73466391 0.23137255 0.19215686 0.15686275
v 199.32353133 -0.34171464 9.68026805 0.23137255 0.19215686 0.15686275
v 199.32353133 1.34171464 9.68026805 0.23137255 0.19215686 0.15686275
v 201.26913547 0.50000000 6.53221442 0.23137255 0.19215686 0.15686275
v 194.22987355 1.86192290 5.32976493 0.23137255 0.19215686 0.15686275
v 194.22987355 -0.86192290 5.32976493 0.23137255 0.19215686 0.15686275
v 195.43232304 -0.34171464 3.38416079 0.23137255 0.19215686 0.15686275
v 195.43232304 1.34171464 3.38416079 0.23137255 0.19215686 0.15686275
v 194.22987355 1.86192290 7.73466391 0.23137255 0.19215686 0.15686275
v 194.22987355 -0.86192290 7.73466391 0.23137255 0.19215686 0.15686275
v 195.43232304 -0.34171464 9.68026805 0.23137255 0.19215686 0.15686275
v 195.43232304 1.34171464 9.68026805 0.23137255 0.19215686 0.15686275
v 193.48671890 0.50000000 6.53221442 0.23137255 0.19215686 0.15686275
v -159.17921315 1.89055359 32.26025727 0.23137255 0.19215686 0.15686275
v -156.72375777 1.89055359 32.26025727 0.23137255 0.19215686 0.15686275
v -159.17921315 -0.89055359 32.26025727 0.23137255 0.19215686 0.15686275
v -156.72375777 -0.89055359 32.26025727 0.23137255 0.19215686 0.15686275
v -157.95148546 -0.35940938 34.24676240 0.23137255 0.19215686 0.15686275
v -157.95148546 1.35940938 34.24676240 0.23137255 0.19215686 0.15686275
v -157.95148546 -0.35940938 30.27375214 0.23137255 0.19215686 0.15686275
v -157.95148546 1.35940938 30.27375214 0.23137255 0.19215686 0.15686275
v -155.96498033 0.50000000 31.03252958 0.23137255 0.19215686 0.15686275
v -155.96498033 0.50000000 33.48798496 0.23137255 0.19215686 0.15686275
v -159.93799059 0.50000000 31.03252958 0.23137255 0.19215686 0.15686275
v -159.93799059 0.50000000 33.48798496 0.23137255 0.19215686 0.15686275
v -157.95148546 2.13469379 32.26025727 0.23137255 0.19215686 0.15686275
v -157.95148546 -1.13469379 32.26025727 0.23137255 0.19215686 0.15686275
v -158.67312569 -0.82249505 33.42789569 0.23137255 0.19215686 0.15686275
v -157.22984523 -0.82249505 33.42789569 0.23137255 0.19215686 0.15686275
v -158.67312569 1.82249505 33.42789569 0.23137255 0.19215686 0.15686275
v -157.22984523 1.82249505 33.42789569 0.23137255 0.19215686 0.15686275
v -157.95148546 0.50000000 34.59553410 0.23137255 0.19215686 0.15686275
v -158.67312569 -0.82249505 31.09261885 0.23137255 0.19215686 0.15686275
v -157.22984523 -0.82249505 31.09261885 0.23137255 0.19215686 0.15686275
v -158.67312569 1.82249505 31.09261885 0.23137255 0.19215686 0.15686275
v -157.22984523 1.82249505 31.09261885 0.23137255 0.19215686 0.15686275
v -157.95148546 0.50000000 29.92498043 0.23137255 0.19215686 0.15686275
v -156.06220682 1.31734689 31.53861704 0.23137255 0.19215686 0.15686275
v -156.06220682 -0.31734689 31.53861704 0.23137255 0.19215686 0.15686275
v -156.78384705 -0.00514816 30.37097862 0.23137255 0.19215686 0.15686275
v -156.78384705 1.00514816 30.37097862 0.23137255 0.19215686 0.15686275
v -156.06220682 1.31734689 32.98189750 0.23137255 0.19215686 0.15686275
v -156.06220682 -0.31734689 32.98189750 0.23137255 0.19215686 0.15686275
v -156.78384705 -0.00514816 34.14953591 0.23137255 0.19215686 0.15686275
v -156.78384705 1.00514816 34.14953591 0.23137255 0.19215686 0.15686275
v -155.61620863 0.50000000 32.26025727 0.23137255 0.19215686 0.15686275
v -159.84076411 1.31734689 31.53861704 0.23137255 0.19215686 0.15686275
v -159.84076411 -0.31734689 31.53861704 0.23137255 0.19215686 0.15686275
v -159.11912388 -0.00514816 30.37097862 0.23137255 0.19215686 0.15686275
v -159.11912388 1.00514816 30.37097862 0.23137255 0.19215686 0.15686275
v -159.84076411 1.31734689 32.98189750 0.23137255 0.19215686 0.15686275
v -159.84076411 -0.31734689 32.98189750 0.23137255 0.19215686 0.15686275
v -159.11912388 -0.00514816 34.14953591 0.23137255 0.19215686 0.15686275
v -159.11912388 1.00514816 34.14953591 0.23137255 0.19215686 0.15686275
v -160.28676230 0.50000000 32.26025727 0.23137255 0.19215686 0.15686275
v -6.82030790 2.29449156 171.07523437 0.23137255 0.19215686 0.15686275
v -3.65157426 2.29449156 171.07523437 0.23137255 0.19215686 0.15686275
v -6.82030790 -1.29449156 171.07523437 0.23137255 0.19215686 0.15686275
v -3.65157426 -1.29449156 171.07523437 0.23137255 0.19215686 0.15686275
v -5.23594108 -0.60905677 173.63879374 0.23137255 0.19215686 0.15686275
v -5.23594108 1.60905677 173.63879374 0.23137255 0.19215686 0.15686275
v -5.23594108 -0.60905677 168.51167500 0.23137255 0.19215686 0.15686275
v -5.23594108 1.60905677 168.51167500 0.23137255 0.19215686 0.15686275
v -2.67238171 0.50000000 169.49086755 0.23137255 0.19215686 0.15686275
v -2.67238171 0.50000000 172.65960119 0.23137255 0.19215686 0.15686275
v -7.79950044 0.50000000 169.49086755 0.23137255 0.19215686 0.15686275
v -7.79950044 0.50000000 172.65960119 0.23137255 0.19215686 0.15686275
v -5.23594108 2.60955134 171.07523437 0.23137255 0.19215686 0.15686275
v -5.23594108 -1.60955134 171.07523437 0.23137255 0.19215686 0.15686275
v -6.16720853 -1.20666289 172.58205676 0.23137255 0.19215686 0.15686275
v -4.30467363 -1.20666289 172.58205676 0.23137255 0.19215686 0.15686275
v -6.16720853 2.20666289 172.58205676 0.23137255 0.19215686 0.15686275
v -4.30467363 2.20666289 172.58205676 0.23137255 0.19215686 0.15686275
v -5.23594108 0.50000000 174.08887915 0.23137255 0.19215686 0.15686275
v -6.16720853 -1.20666289 169.56841198 0.23137255 0.19215686 0.15686275
v -4.30467363 -1.20666289 169.56841198 0.23137255 0.19215686 0.15686275
v -6.16720853 2.20666289 169.56841198 0.23137255 0.19215686 0.15686275
v -4.30467363 2.20666289 169.56841198 0.23137255 0.19215686 0.15686275
v -5.23594108 0.50000000 168.06158959 0.23137255 0.19215686 0.15686275
v -2.79785124 1.55477567 170.14396692 0.23137255 0.19215686 0.15686275
v -2.79785124 -0.55477567 170.14396692 0.23137255 0.19215686 0.15686275
v -3.72911869 -0.15188722 168.63714453 0.23137255 0.19215686 0.15686275
v -3.72911869 1.15188722 168.63714453 0.23137255 0.19215686 0.15686275
v -2.79785124 1.55477567 172.00650182 0.23137255 0.19215686 0.15686275
v -2.79785124 -0.55477567 172.00650182 0.23137255 0.19215686 0.15686275
v -3.72911869 -0.15188722 173.51332421 0.23137255 0.19215686 0.15686275
v -3.72911869 1.15188722 173.51332421 0.23137255 0.19215686 0.15686275
v -2.22229630 0.50000000 171.07523437 0.23137255 0.19215686 0.15686275
v -7.67403092 1.55477567 170.14396692 0.23137255 0.19215686 0.15686275
v -7.67403092 -0.55477567 170.14396692 0.23137255 0.19215686 0.15686275
v -6.74276346 -0.15188722 168.63714453 0.23137255 0.19215686 0.15686275
v -6.74276346 1.15188722 168.63714453 0.23137255 0.19215686 0.15686275
v -7.67403092 1.55477567 172.00650182 0.23137255 0.19215686 0.15686275
v -7.67403092 -0.55477567 172.00650182 0.23137255 0.19215686 0.15686275
v -6.74276346 -0.15188722 173.51332421 0.23137255 0.19215686 0.15686275
v -6.74276346 1.15188722 173.51332421 0.23137255 0.19215686 0.15686275
v -8.24958585 0.50000000 171.07523437 0.23137255 0.19215686 0.15686275
v -199.98918476 2.80916820 -69.16244584 0.23137255 0.19215686 0.15686275
v -195.91162923 2.80916820 -69.16244584 0.23137255 0.19215686 0.15686275
v -199.98918476 -1.80916820 -69.16244584 0.23137255 0.19215686 0.15686275
v -195.91162923 -1.80916820 -69.16244584 0.23137255 0.19215686 0.15686275
v -197.95040700 -0.92714444 -65.86363412 0.23137255 0.19215686 0.15686275
v -197.95040700 1.92714444 -65.86363412 0.23137255 0.19215686 0.15686275
v -197.95040700 -0.92714444 -72.46125756 0.23137255 0.19215686 0.15686275
v -197.95040700 1.92714444 -72.46125756 0.23137255 0.19215686 0.15686275
v -194.65159528 0.50000000 -71.20122360 0.23137255 0.19215686 0.15686275
v -194.65159528 0.50000000 -67.12366807 0.23137255 0.19215686 0.15686275
v -201.24921872 0.50000000 -71.20122360 0.23137255 0.19215686 0.15686275
v -201.24921872 0.50000000 -67.12366807 0.23137255 0.19215686 0.15686275
v -197.95040700 3.21459003 -69.16244584 0.23137255 0.19215686 0.15686275
v -197.95040700 -2.21459003 -69.16244584 0.23137255 0.19215686 0.15686275
v -199.14877050 -1.69614947 -67.22345296 0.23137255 0.19215686 0.15686275
v -196.75204350 -1.69614947 -67.22345296 0.23137255 0.19215686 0.15686275
v -199.14877050 2.69614947 -67.22345296 0.23137255 0.19215686 0.15686275
v -196.75204350 2.69614947 -67.22345296 0.23137255 0.19215686 0.15686275
v -197.95040700 0.50000000 -65.28446008 0.23137255 0.19215686 0.15686275
v -199.14877050 -1.69614947 -71.10143872 0.23137255 0.19215686 0.15686275
v -196.75204350 -1.69614947 -71.10143872 0.23137255 0.19215686 0.15686275
v -199.14877050 2.69614947 -71.10143872 0.23137255 0.19215686 0.15686275
v -196.75204350 2.69614947 -71.10143872 0.23137255 0.19215686 0.15686275
v -197.95040700 0.50000000 -73.04043159 0.23137255 0.19215686 0.15686275
v -194.81305062 1.85729502 -70.36080934 0.23137255 0.19215686 0.15686275
v -194.81305062 -0.85729502 -70.36080934 0.23137255 0.19215686 0.15686275
v -196.01141412 -0.33885445 -72.29980222 0.23137255 0.19215686 0.15686275
v -196.01141412 1.33885445 -72.29980222 0.23137255 0.19215686 0.15686275
v -194.81305062 1.85729502 -67.96408233 0.23137255 0.19215686 0.15686275
v -194.81305062 -0.85729502 -67.96408233 0.23137255 0.19215686 0.15686275
v -196.01141412 -0.33885445 -66.02508946 0.23137255 0.19215686 0.15686275
v -196.01141412 1.33885445 -66.02508946 0.23137255 0.19215686 0.15686275
v -194.07242124 0.50000000 -69.16244584 0.23137255 0.19215686 0.15686275
v -201.08776338 1.85729502 -70.36080934 0.23137255 0.19215686 0.15686275
v -201.08776338 -0.85729502 -70.36080934 0.23137255 0.19215686 0.15686275
v -199.88939988 -0.33885445 -72.29980222 0.23137255 0.19215686 0.15686275
v -199.88939988 1.33885445 -72.29980222 0.23137255 0.19215686 0.15686275
v -201.08776338 1.85729502 -67.96408233 0.23137255 0.19215686 0.15686275
v -201.08776338 -0.85729502 -67.96408233 0.23137255 0.19215686 0.15686275
v -199.88939988 -0.33885445 -66.02508946 0.23137255 0.19215686 0.15686275
v -199.88939988 1.33885445 -66.02508946 0.23137255 0.19215686 0.15686275
v -201.82839276 0.50000000 -69.16244584 0.23137255 0.19215686 0.15686275
v -151.67289565 1.77780364 -145.30077140 0.23137255 0.19215686 0.15686275
v -149.41653542 1.77780364 -145.30077140 0.23137255 0.19215686 0.15686275
v -151.67289565 -0.77780364 -145.30077140 0.23137255 0.19215686 0.15686275
v -149.41653542 -0.77780364 -145.30077140 0.23137255 0.19215686 0.15686275
v -150.54471553 -0.28972608 -143.47533764 0.23137255 0.19215686 0.15686275
v -150.54471553 1.28972608 -143.47533764 0.23137255 0.19215686 0.15686275
v -150.54471553 -0.28972608 -147.12620517 0.23137255 0.19215686 0.15686275
v -150.54471553 1.28972608 -147.12620517 0.23137255 0.19215686 0.15686275
v -148.71928177 0.50000000 -146.42895152 0.23137255 0.19215686 0.15686275
v -148.71928177 0.50000000 -144.17259129 0.23137255 0.19215686 0.15686275
v -152.37014930 0.50000000 -146.42895152 0.23137255 0.19215686 0.15686275
v -152.37014930 0.50000000 -144.17259129 0.23137255 0.19215686 0.15686275
v -150.54471553 2.00214827 -145.30077140 0.23137255 0.19215686 0.15686275
v -150.54471553 -1.00214827 -145.30077140 0.23137255 0.19215686 0.15686275
v -151.20784317 -0.71526348 -144.22780836 0.23137255 0.19215686 0.15686275
v -149.88158790 -0.71526348 -144.22780836 0.23137255 0.19215686 0.15686275
v -151.20784317 1.71526348 -144.22780836 0.23137255 0.19215686 0.15686275
v -149.88158790 1.71526348 -144.22780836 0.23137255 0.19215686 0.15686275
v -150.54471553 0.50000000 -143.15484531 0.23137255 0.19215686 0.15686275
v -151.20784317 -0.71526348 -146.37373445 0.23137255 0.19215686 0.15686275
v -149.88158790 -0.71526348 -146.37373445 0.23137255 0.19215686 0.15686275
v -151.20784317 1.71526348 -146.37373445 0.23137255 0.19215686 0.15686275
v -149.88158790 1.71526348 -146.37373445 0.23137255 0.19215686 0.15686275
v -150.54471553 0.50000000 -147.44669750 0.23137255 0.19215686 0.15686275
v -148.80862485 1.25107413 -145.96389904 0.23137255 0.19215686 0.15686275
v -148.80862485 -0.25107413 -145.96389904 0.23137255 0.19215686 0.15686275
v -149.47175249 0.03581066 -147.03686208 0.23137255 0.19215686 0.15686275
v -149.47175249 0.96418934 -147.03686208 0.23137255 0.19215686 0.15686275
v -148.80862485 1.25107413 -144.63764377 0.23137255 0.19215686 0.15686275
v -148.80862485 -0.25107413 -144.63764377 0.23137255 0.19215686 0.15686275
v -149.47175249 0.03581066 -143.56468073 0.23137255 0.19215686 0.15686275
v -149.47175249 0.96418934 -143.56468073 0.23137255 0.19215686 0.15686275
v -148.39878944 0.50000000 -145.30077140 0.23137255 0.19215686 0.15686275
v -152.28080621 1.25107413 -145.96389904 0.23137255 0.19215686 0.15686275
v -152.28080621 -0.25107413 -145.96389904 0.23137255 0.19215686 0.15686275
v -151.61767858 0.03581066 -147.03686208 0.23137255 0.19215686 0.15686275
v -151.61767858 0.96418934 -147.03686208 0.23137255 0.19215686 0.15686275
v -152.28080621 1.25107413 -144.63764377 0.23137255 0.19215686 0.15686275
v -152.28080621 -0.25107413 -144.63764377 0.23137255 0.19215686 0.15686275
v -151.61767858 0.03581066 -143.56468073 0.23137255 0.19215686 0.15686275
v -151.61767858 0.96418934 -143.56468073 0.23137255 0.19215686 0.15686275
v -152.69064163 0.50000000 -145.30077140 0.23137255 0.19215686 0.15686275
v 96.92711116 1.47167989 154.53922110 0.23137255 0.19215686 0.15686275
v 98.64291458 1.47167989 154.53922110 0.23137255 0.19215686 0.15686275
v 96.92711116 -0.47167989 154.53922110 0.23137255 0.19215686 0.15686275
v 98.64291458 -0.47167989 154.53922110 0.23137255 0.19215686 0.15686275
v 97.78501287 -0.10053120 155.92733523 0.23137255 0.19215686 0.15686275
v 97.78501287 1.10053120 155.92733523 0.23137255 0.19215686 0.15686275
v 97.78501287 -0.10053120 153.15110698 0.23137255 0.19215686 0.15686275
v 97.78501287 1.10053120 153.15110698 0.23137255 0.19215686 0.15686275
v 99.17312700 0.50000000 153.68131939 0.23137255 0.19215686 0.15686275
v 99.17312700 0.50000000 155.39712281 0.23137255 0.19215686 0.15686275
v 96.39689875 0.50000000 153.68131939 0.23137255 0.19215686 0.15686275
v 96.39689875 0.50000000 155.39712281 0.23137255 0.19215686 0.15686275
v 97.78501287 1.64227822 154.53922110 0.23137255 0.19215686 0.15686275
v 97.78501287 -0.64227822 154.53922110 0.23137255 0.19215686 0.15686275
v 97.28075090 -0.42412249 155.35513411 0.23137255 0.19215686 0.15686275
v 98.28927485 -0.42412249 155.35513411 0.23137255 0.19215686 0.15686275
v 97.28075090 1.42412249 155.35513411 0.23137255 0.19215686 0.15686275
v 98.28927485 1.42412249 155.35513411 0.23137255 0.19215686 0.15686275
v 97.78501287 0.50000000 156.17104713 0.23137255 0.19215686 0.15686275
v 97.28075090 -0.42412249 153.72330809 0.23137255 0.19215686 0.15686275
v 98.28927485 -0.42412249 153.72330809 0.23137255 0.19215686 0.15686275
v 97.28075090 1.42412249 153.72330809 0.23137255 0.19215686 0.15686275
v 98.28927485 1.42412249 153.72330809 0.23137255 0.19215686 0.15686275
v 97.78501287 0.50000000 152.90739508 0.23137255 0.19215686 0.15686275
v 99.10518786 1.07113911 154.03495913 0.23137255 0.19215686 0.15686275
v 99.10518786 -0.07113911 154.03495913 0.23137255 0.19215686 0.15686275
v 98.60092588 0.14701662 153.21904612 0.23137255 0.19215686 0.15686275
v 98.60092588 0.85298338 153.21904612 0.23137255 0.19215686 0.15686275
v 99.10518786 1.07113911 155.04348307 0.23137255 0.19215686 0.15686275
v 99.10518786 -0.07113911 155.04348307 0.23137255 0.19215686 0.15686275
v 98.60092588 0.14701662 155.85939609 0.23137255 0.19215686 0.15686275
v 98.60092588 0.85298338 155.85939609 0.23137255 0.19215686 0.15686275
v 99.41683890 0.50000000 154.53922110 0.23137255 0.19215686 0.15686275
v 96.46483789 1.07113911 154.03495913 0.23137255 0.19215686 0.15686275
v 96.46483789 -0.07113911 154.03495913 0.23137255 0.19215686 0.15686275
v 96.96909986 0.14701662 153.21904612 0.23137255 0.19215686 0.15686275
v 96.96909986 0.85298338 153.21904612 0.23137255 0.19215686 0.15686275
v 96.46483789 1.07113911 155.04348307 0.23137255 0.19215686 0.15686275
v 96.46483789 -0.07113911 155.04348307 0.23137255 0.19215686 0.15686275
v 96.96909986 0.14701662 155.85939609 0.23137255 0.19215686 0.15686275
v 96.96909986 0.85298338 155.85939609 0.23137255 0.19215686 0.15686275
v 96.15318685 0.50000000 154.53922110 0.23137255 0.19215686 0.15686275
v 170.11294405 2.22599827 39.13640556 0.23137255 0.19215686 0.15686275
v 173.16073146 2.22599827 39.13640556 0.23137255 0.19215686 0.15686275
v 170.11294405 -1.22599827 39.13640556 0.23137255 0.19215686 0.15686275
v 173.16073146 -1.22599827 39.13640556 0.23137255 0.19215686 0.15686275
v 171.63683775 -0.56672559 41.60211737 0.23137255 0.19215686 0.15686275
v 171.63683775 1.56672559 41.60211737 0.23137255 0.19215686 0.15686275
v 171.63683775 -0.56672559 36.67069375 0.23137255 0.19215686 0.15686275
v 171.63683775 1.56672559 36.67069375 0.23137255 0.19215686 0.15686275
v 174.10254956 0.50000000 37.61251185 0.23137255 0.19215686 0.15686275
v 174.10254956 0.50000000 40.66029926 0.23137255 0.19215686 0.15686275
v 169.17112594 0.50000000 37.61251185 0.23137255 0.19215686 0.15686275
v 169.17112594 0.50000000 40.66029926 0.23137255 0.19215686 0.15686275
v 171.63683775 2.52903265 39.13640556 0.23137255 0.19215686 0.15686275
v 171.63683775 -1.52903265 39.13640556 0.23137255 0.19215686 0.15686275
v 170.74111551 -1.14152190 40.58571460 0.23137255 0.19215686 0.15686275
v 172.53256000 -1.14152190 40.58571460 0.23137255 0.19215686 0.15686275
v 170.74111551 2.14152190 40.58571460 0.23137255 0.19215686 0.15686275
v 172.53256000 2.14152190 40.58571460 0.23137255 0.19215686 0.15686275
v 171.63683775 0.50000000 42.03502363 0.23137255 0.19215686 0.15686275
v 170.74111551 -1.14152190 37.68709652 0.23137255 0.19215686 0.15686275
v 172.53256000 -1.14152190 37.68709652 0.23137255 0.19215686 0.15686275
v 170.74111551 2.14152190 37.68709652 0.23137255 0.19215686 0.15686275
v 172.53256000 2.14152190 37.68709652 0.23137255 0.19215686 0.15686275
v 171.63683775 0.50000000 36.23778748 0.23137255 0.19215686 0.15686275
v 173.98186904 1.51451633 38.24068331 0.23137255 0.19215686 0.15686275
v 173.98186904 -0.51451633 38.24068331 0.23137255 0.19215686 0.15686275
v 173.08614679 -0.12700557 36.79137427 0.23137255 0.19215686 0.15686275
v 173.08614679 1.12700557 36.79137427 0.23137255 0.19215686 0.15686275
v 173.98186904 1.51451633 40.03212780 0.23137255 0.19215686 0.15686275
v 173.98186904 -0.51451633 40.03212780 0.23137255 0.19215686 0.15686275
v 173.08614679 -0.12700557 41.48143684 0.23137255 0.19215686 0.15686275
v 173.08614679 1.12700557 41.48143684 0.23137255 0.19215686 0.15686275
v 174.53545583 0.50000000 39.13640556 0.23137255 0.19215686 0.15686275
v 169.29180647 1.51451633 38.24068331 0.23137255 0.19215686 0.15686275
v 169.29180647 -0.51451633 38.24068331 0.23137255 0.19215686 0.15686275
v 170.18752871 -0.12700557 36.79137427 0.23137255 0.19215686 0.15686275
v 170.18752871 1.12700557 36.79137427 0.23137255 0.19215686 0.15686275
v 169.29180647 1.51451633 40.03212780 0.23137255 0.19215686 0.15686275
v 169.29180647 -0.51451633 40.03212780 0.23137255 0.19215686 0.15686275
v 170.18752871 -0.12700557 41.48143684 0.23137255 0.19215686 0.15686275
v 170.18752871 1.12700557 41.48143684 0.23137255 0.19215686 0.15686275
v 168.73821968 0.50000000 39.13640556 0.23137255 0.19215686 0.15686275
v 158.07785922 2.31158599 -91.52062213 0.23137255 0.19215686 0.15686275
v 161.27677841 2.31158599 -91.52062213 0.23137255 0.19215686 0.15686275
v 158.07785922 -1.31158599 -91.52062213 0.23137255 0.19215686 0.15686275
v 161.27677841 -1.31158599 -91.52062213 0.23137255 0.19215686 0.15686275
v 159.67731881 -0.61962172 -88.93264214 0.23137255 0.19215686 0.15686275
v 159.67731881 1.61962172 -88.93264214 0.23137255 0.19215686 0.15686275
v 159.67731881 -0.61962172 -94.10860211 0.23137255 0.19215686 0.15686275
v 159.67731881 1.61962172 -94.10860211 0.23137255 0.19215686 0.15686275
v 162.26529880 0.50000000 -93.12008172 0.23137255 0.19215686 0.15686275
v 162.26529880 0.50000000 -89.92116253 0.23137255 0.19215686 0.15686275
v 157.08933882 0.50000000 -93.12008172 0.23137255 0.19215686 0.15686275
v 157.08933882 0.50000000 -89.92116253 0.23137255 0.19215686 0.15686275
v 159.67731881 2.62964706 -91.52062213 0.23137255 0.19215686 0.15686275
v 159.67731881 -1.62964706 -91.52062213 0.23137255 0.19215686 0.15686275
v 158.73718005 -1.22292066 -89.99944566 0.23137255 0.19215686 0.15686275
v 160.61745757 -1.22292066 -89.99944566 0.23137255 0.19215686 0.15686275
v 158.73718005 2.22292066 -89.99944566 0.23137255 0.19215686 0.15686275
v 160.61745757 2.22292066 -89.99944566 0.23137255 0.19215686 0.15686275
v 159.67731881 0.50000000 -88.47826919 0.23137255 0.19215686 0.15686275
v 158.73718005 -1.22292066 -93.04179860 0.23137255 0.19215686 0.15686275
v 160.61745757 -1.22292066 -93.04179860 0.23137255 0.19215686 0.15686275
v 158.73718005 2.22292066 -93.04179860 0.23137255 0.19215686 0.15686275
v 160.61745757 2.22292066 -93.04179860 0.23137255 0.19215686 0.15686275
v 159.67731881 0.50000000 -94.56297506 0.23137255 0.19215686 0.15686275
v 162.13863404 1.56482353 -92.46076089 0.23137255 0.19215686 0.15686275
v 162.13863404 -0.56482353 -92.46076089 0.23137255 0.19215686 0.15686275
v 161.19849528 -0.15809713 -93.98193736 0.23137255 0.19215686 0.15686275
v 161.19849528 1.15809713 -93.98193736 0.23137255 0.19215686 0.15686275
v 162.13863404 1.56482353 -90.58048336 0.23137255 0.19215686 0.15686275
v 162.13863404 -0.56482353 -90.58048336 0.23137255 0.19215686 0.15686275
v 161.19849528 -0.15809713 -89.05930689 0.23137255 0.19215686 0.15686275
v 161.19849528 1.15809713 -89.05930689 0.23137255 0.19215686 0.15686275
v 162.71967175 0.50000000 -91.52062213 0.23137255 0.19215686 0.15686275
v 157.21600358 1.56482353 -92.46076089 0.23137255 0.19215686 0.15686275
v 157.21600358 -0.56482353 -92.46076089 0.23137255 0.19215686 0.15686275
v 158.15614234 -0.15809713 -93.98193736 0.23137255 0.19215686 0.15686275
v 158.15614234 1.15809713 -93.98193736 0.23137255 0.19215686 0.15686275
v 157.21600358 1.56482353 -90.58048336 0.23137255 0.19215686 0.15686275
v 157.21600358 -0.56482353 -90.58048336 0.23137255 0.19215686 0.15686275
v 158.15614234 -0.15809713 -89.05930689 0.23137255 0.19215686 0.15686275
v 158.15614234 1.15809713 -89.05930689 0.23137255 0.19215686 0.15686275
v 156.63496587 0.50000000 -91.52062213 0.23137255 0.19215686 0.15686275
v -158.10288620 1.41425180 3.09043750 0.23137255 0.19215686 0.15686275
v -156.48848995 1.41425180 3.09043750 0.23137255 0.19215686 0.15686275
v -158.10288620 -0.41425180 3.09043750 0.23137255 0.19215686 0.15686275
v -156.48848995 -0.41425180 3.09043750 0.23137255 0.19215686 0.15686275
v -157.29568808 -0.06503869 4.39651151 0.23137255 0.19215686 0.15686275
v -157.29568808 1.06503869 4.39651151 0.23137255 0.19215686 0.15686275
v -157.29568808 -0.06503869 1.78436350 0.23137255 0.19215686 0.15686275
v -157.29568808 1.06503869 1.78436350 0.23137255 0.19215686 0.15686275
v -155.98961407 0.50000000 2.28323938 0.23137255 0.19215686 0.15686275
v -155.98961407 0.50000000 3.89763563 0.23137255 0.19215686 0.15686275
v -158.60176208 0.50000000 2.28323938 0.23137255 0.19215686 0.15686275
v -158.60176208 0.50000000 3.89763563 0.23137255 0.19215686 0.15686275
v -157.29568808 1.57476745 3.09043750 0.23137255 0.19215686 0.15686275
v -157.29568808 -0.57476745 3.09043750 0.23137255 0.19215686 0.15686275
v -157.77014723 -0.36950513 3.85812854 0.23137255 0.19215686 0.15686275
v -156.82122892 -0.36950513 3.85812854 0.23137255 0.19215686 0.15686275
v -157.77014723 1.36950513 3.85812854 0.23137255 0.19215686 0.15686275
v -156.82122892 1.36950513 3.85812854 0.23137255 0.19215686 0.15686275
v -157.29568808 0.50000000 4.62581958 0.23137255 0.19215686 0.15686275
v -157.77014723 -0.36950513 2.32274647 0.23137255 0.19215686 0.15686275
v -156.82122892 -0.36950513 2.32274647 0.23137255 0.19215686 0.15686275
v -157.77014723 1.36950513 2.32274647 0.23137255 0.19215686 0.15686275
v -156.82122892 1.36950513 2.32274647 0.23137255 0.19215686 0.15686275
v -157.29568808 0.50000000 1.55505543 0.23137255 0.19215686 0.15686275
v -156.05353788 1.03738373 2.61597835 0.23137255 0.19215686 0.15686275
v -156.05353788 -0.03738373 2.61597835 0.23137255 0.19215686 0.15686275
v -156.52799704 0.16787859 1.84828731 0.23137255 0.19215686 0.15686275
v -156.52799704 0.83212141 1.84828731 0.23137255 0.19215686 0.15686275
v -156.05353788 1.03738373 3.56489666 0.23137255 0.19215686 0.15686275
v -156.05353788 -0.03738373 3.56489666 0.23137255 0.19215686 0.15686275
v -156.52799704 0.16787859 4.33258770 0.23137255 0.19215686 0.15686275
v -156.52799704 0.83212141 4.33258770 0.23137255 0.19215686 0.15686275
v -155.76030600 0.50000000 3.09043750 0.23137255 0.19215686 0.15686275
v -158.53783827 1.03738373 2.61597835 0.23137255 0.19215686 0.15686275
v -158.53783827 -0.03738373 2.61597835 0.23137255 0.19215686 0.15686275
v -158.06337911 0.16787859 1.84828731 0.23137255 0.19215686 0.15686275
v -158.06337911 0.83212141 1.84828731 0.23137255 0.19215686 0.15686275
v -158.53783827 1.03738373 3.56489666 0.23137255 0.19215686 0.15686275
v -158.53783827 -0.03738373 3.56489666 0.23137255 0.19215686 0.15686275
v -158.06337911 0.16787859 4.33258770 0.23137255 0.19215686 0.15686275
v -158.06337911 0.83212141 4.33258770 0.23137255 0.19215686 0.15686275
v -158.83107015 0.50000000 3.09043750 0.23137255 0.19215686 0.15686275
v 65.61297306 1.75154052 176.23618842 0.23137255 0.19215686 0.15686275
v 67.82295757 1.75154052 176.23618842 0.23137255 0.19215686 0.15686275
v 65.61297306 -0.75154052 176.23618842 0.23137255 0.19215686 0.15686275
v 67.82295757 -0.75154052 176.23618842 0.23137255 0.19215686 0.15686275
v 66.71796532 -0.27349458 178.02410345 0.23137255 0.19215686 0.15686275
v 66.71796532 1.27349458 178.02410345 0.23137255 0.19215686 0.15686275
v 66.71796532 -0.27349458 174.44827339 0.23137255 0.19215686 0.15686275
v 66.71796532 1.27349458 174.44827339 0.23137255 0.19215686 0.15686275
v 68.50588034 0.50000000 175.13119617 0.23137255 0.19215686 0.15686275
v 68.50588034 0.50000000 177.34118068 0.23137255 0.19215686 0.15686275
v 64.93005029 0.50000000 175.13119617 0.23137255 0.19215686 0.15686275
v 64.93005029 0.50000000 177.34118068 0.23137255 0.19215686 0.15686275
v 66.71796532 1.97127412 176.23618842 0.23137255 0.19215686 0.15686275
v 66.71796532 -0.97127412 176.23618842 0.23137255 0.19215686 0.15686275
v 66.06846716 -0.69028577 177.28709851 0.23137255 0.19215686 0.15686275
v 67.36746347 -0.69028577 177.28709851 0.23137255 0.19215686 0.15686275
v 66.06846716 1.69028577 177.28709851 0.23137255 0.19215686 0.15686275
v 67.36746347 1.69028577 177.28709851 0.23137255 0.19215686 0.15686275
v 66.71796532 0.50000000 178.33800859 0.23137255 0.19215686 0.15686275
v 66.06846716 -0.69028577 175.18527834 0.23137255 0.19215686 0.15686275
v 67.36746347 -0.69028577 175.18527834 0.23137255 0.19215686 0.15686275
v 66.06846716 1.69028577 175.18527834 0.23137255 0.19215686 0.15686275
v 67.36746347 1.69028577 175.18527834 0.23137255 0.19215686 0.15686275
v 66.71796532 0.50000000 174.13436825 0.23137255 0.19215686 0.15686275
v 68.41837355 1.23563706 175.58669027 0.23137255 0.19215686 0.15686275
v 68.41837355 -0.23563706 175.58669027 0.23137255 0.19215686 0.15686275
v 67.76887540 0.04535129 174.53578018 0.23137255 0.19215686 0.15686275
v 67.76887540 0.95464871 174.53578018 0.23137255 0.19215686 0.15686275
v 68.41837355 1.23563706 176.88568657 0.23137255 0.19215686 0.15686275
v 68.41837355 -0.23563706 176.88568657 0.23137255 0.19215686 0.15686275
v 67.76887540 0.04535129 177.93659666 0.23137255 0.19215686 0.15686275
v 67.76887540 0.95464871 177.93659666 0.23137255 0.19215686 0.15686275
v 68.81978549 0.50000000 176.23618842 0.23137255 0.19215686 0.15686275
v 65.01755708 1.23563706 175.58669027 0.23137255 0.19215686 0.15686275
v 65.01755708 -0.23563706 175.58669027 0.23137255 0.19215686 0.15686275
v 65.66705523 0.04535129 174.53578018 0.23137255 0.19215686 0.15686275
v 65.66705523 0.95464871 174.53578018 0.23137255 0.19215686 0.15686275
v 65.01755708 1.23563706 176.88568657 0.23137255 0.19215686 0.15686275
v 65.01755708 -0.23563706 176.88568657 0.23137255 0.19215686 0.15686275
v 65.66705523 0.04535129 177.93659666 0.23137255 0.19215686 0.15686275
v 65.66705523 0.95464871 177.93659666 0.23137255 0.19215686 0.15686275
v 64.61614514 0.50000000 176.23618842 0.23137255 0.19215686 0.15686275
v -97.81497999 2.87595297 102.52545978 0.23137255 0.19215686 0.15686275
v -93.61949516 2.87595297 102.52545978 0.23137255 0.19215686 0.15686275
v -97.81497999 -1.87595297 102.52545978 0.23137255 0.19215686 0.15686275
v -93.61949516 -1.87595297 102.52545978 0.23137255 0.19215686 0.15686275
v -95.71723757 -0.96841969 105.91967831 0.23137255 0.19215686 0.15686275
v -95.71723757 1.96841969 105.91967831 0.23137255 0.19215686 0.15686275
v -95.71723757 -0.96841969 99.13124125 0.23137255 0.19215686 0.15686275
v -95.71723757 1.96841969 99.13124125 0.23137255 0.19215686 0.15686275
v -92.32301904 0.50000000 100.42771737 0.23137255 0.19215686 0.15686275
v -92.32301904 0.50000000 104.62320220 0.23137255 0.19215686 0.15686275
v -99.11145610 0.50000000 100.42771737 0.23137255 0.19215686 0.15686275
v -99.11145610 0.50000000 104.62320220 0.23137255 0.19215686 0.15686275
v -95.71723757 3.29310023 102.52545978 0.23137255 0.19215686 0.15686275
v -95.71723757 -2.29310023 102.52545978 0.23137255 0.19215686 0.15686275
v -96.95025963 -1.75966556 104.52053138 0.23137255 0.19215686 0.15686275
v -94.48421552 -1.75966556 104.52053138 0.23137255 0.19215686 0.15686275
v -96.95025963 2.75966556 104.52053138 0.23137255 0.19215686 0.15686275
v -94.48421552 2.75966556 104.52053138 0.23137255 0.19215686 0.15686275
v -95.71723757 0.50000000 106.51560297 0.23137255 0.19215686 0.15686275
v -96.95025963 -1.75966556 100.53038819 0.23137255 0.19215686 0.15686275
v -94.48421552 -1.75966556 100.53038819 0.23137255 0.19215686 0.15686275
v -96.95025963 2.75966556 100.53038819 0.23137255 0.19215686 0.15686275
v -94.48421552 2.75966556 100.53038819 0.23137255 0.19215686 0.15686275
v -95.71723757 0.50000000 98.53531660 0.23137255 0.19215686 0.15686275
v -92.48914392 1.89655012 101.29243773 0.23137255 0.19215686 0.15686275
v -92.48914392 -0.89655012 101.29243773 0.23137255 0.19215686 0.15686275
v -93.72216598 -0.36311544 99.29736613 0.23137255 0.19215686 0.15686275
v -93.72216598 1.36311544 99.29736613 0.23137255 0.19215686 0.15686275
v -92.48914392 1.89655012 103.75848184 0.23137255 0.19215686 0.15686275
v -92.48914392 -0.89655012 103.75848184 0.23137255 0.19215686 0.15686275
v -93.72216598 -0.36311544 105.75355343 0.23137255 0.19215686 0.15686275
v -93.72216598 1.36311544 105.75355343 0.23137255 0.19215686 0.15686275
v -91.72709438 0.50000000 102.52545978 0.23137255 0.19215686 0.15686275
v -98.94533122 1.89655012 101.29243773 0.23137255 0.19215686 0.15686275
v -98.94533122 -0.89655012 101.29243773 0.23137255 0.19215686 0.15686275
v -97.71230917 -0.36311544 99.29736613 0.23137255 0.19215686 0.15686275
v -97.71230917 1.36311544 99.29736613 0.23137255 0.19215686 0.15686275
v -98.94533122 1.89655012 103.75848184 0.23137255 0.19215686 0.15686275
v -98.94533122 -0.89655012 103.75848184 0.23137255 0.19215686 0.15686275
v -97.71230917 -0.36311544 105.75355343 0.23137255 0.19215686 0.15686275
v -97.71230917 1.36311544 105.75355343 0.23137255 0.19215686 0.15686275
v -99.70738076 0.50000000 102.52545978 0.23137255 0.19215686 0.15686275
v 87.48757311 2.96577939 130.98124909 0.23137255 0.19215686 0.15686275
v 91.84167446 2.96577939 130.98124909 0.23137255 0.19215686 0.15686275
v 87.48757311 -1.96577939 130.98124909 0.23137255 0.19215686 0.15686275
v 91.84167446 -1.96577939 130.98124909 0.23137255 0.19215686 0.15686275
v 89.66462378 -1.02393547 134.50379107 0.23137255 0.19215686 0.15686275
v 89.66462378 2.02393547 134.50379107 0.23137255 0.19215686 0.15686275
v 89.66462378 -1.02393547 127.45870710 0.23137255 0.19215686 0.15686275
v 89.66462378 2.02393547 127.45870710 0.23137255 0.19215686 0.15686275
v 93.18716577 0.50000000 128.80419841 0.23137255 0.19215686 0.15686275
v 93.18716577 0.50000000 133.15829976 0.23137255 0.19215686 0.15686275
v 86.14208179 0.50000000 128.80419841 0.23137255 0.19215686 0.15686275
v 86.14208179 0.50000000 133.15829976 0.23137255 0.19215686 0.15686275
v 89.66462378 3.39869752 130.98124909 0.23137255 0.19215686 0.15686275
v 89.66462378 -2.39869752 130.98124909 0.23137255 0.19215686 0.15686275
v 88.38498550 -1.84509556 133.05174732 0.23137255 0.19215686 0.15686275
v 90.94426206 -1.84509556 133.05174732 0.23137255 0.19215686 0.15686275
v 88.38498550 2.84509556 133.05174732 0.23137255 0.19215686 0.15686275
v 90.94426206 2.84509556 133.05174732 0.23137255 0.19215686 0.15686275
v 89.66462378 0.50000000 135.12224555 0.23137255 0.19215686 0.15686275
v 88.38498550 -1.84509556 128.91075085 0.23137255 0.19215686 0.15686275
v 90.94426206 -1.84509556 128.91075085 0.23137255 0.19215686 0.15686275
v 88.38498550 2.84509556 128.91075085 0.23137255 0.19215686 0.15686275
v 90.94426206 2.84509556 128.91075085 0.23137255 0.19215686 0.15686275
v 89.66462378 0.50000000 126.84025262 0.23137255 0.19215686 0.15686275
v 93.01476029 1.94934876 129.70161081 0.23137255 0.19215686 0.15686275
v 93.01476029 -0.94934876 129.70161081 0.23137255 0.19215686 0.15686275
v 91.73512201 -0.39574680 127.63111257 0.23137255 0.19215686 0.15686275
v 91.73512201 1.39574680 127.63111257 0.23137255 0.19215686 0.15686275
v 93.01476029 1.94934876 132.26088737 0.23137255 0.19215686 0.15686275
v 93.01476029 -0.94934876 132.26088737 0.23137255 0.19215686 0.15686275
v 91.73512201 -0.39574680 134.33138560 0.23137255 0.19215686 0.15686275
v 91.73512201 1.39574680 134.33138560 0.23137255 0.19215686 0.15686275
v 93.80562024 0.50000000 130.98124909 0.23137255 0.19215686 0.15686275
v 86.31448727 1.94934876 129.70161081 0.23137255 0.19215686 0.15686275
v 86.31448727 -0.94934876 129.70161081 0.23137255 0.19215686 0.15686275
v 87.59412555 -0.39574680 127.63111257 0.23137255 0.19215686 0.15686275
v 87.59412555 1.39574680 127.63111257 0.23137255 0.19215686 0.15686275
v 86.31448727 1.94934876 132.26088737 0.23137255 0.19215686 0.15686275
v 86.31448727 -0.94934876 132.26088737 0.23137255 0.19215686 0.15686275
v 87.59412555 -0.39574680 134.33138560 0.23137255 0.19215686 0.15686275
v 87.59412555 1.39574680 134.33138560 0.23137255 0.19215686 0.15686275
v 85.52362732 0.50000000 130.98124909 0.23137255 0.19215686 0.15686275
v -200.72107410 2.53595279 -12.25273251 0.23137255 0.19215686 0.15686275
v -197.12596546 2.53595279 -12.25273251 0.23137255 0.19215686 0.15686275
v -200.72107410 -1.53595279 -12.25273251 0.23137255 0.19215686 0.15686275
v -197.12596546 -1.53595279 -12.25273251 0.23137255 0.19215686 0.15686275
v -198.92351978 -0.75828802 -9.34422852 0.23137255 0.19215686 0.15686275
v -198.92351978 1.75828802 -9.34422852 0.23137255 0.19215686 0.15686275
v -198.92351978 -0.75828802 -15.16123650 0.23137255 0.19215686 0.15686275
v -198.92351978 1.75828802 -15.16123650 0.23137255 0.19215686 0.15686275
v -196.01501579 0.50000000 -14.05028683 0.23137255 0.19215686 0.15686275
v -196.01501579 0.50000000 -10.45517819 0.23137255 0.19215686 0.15686275
v -201.83202376 0.50000000 -14.05028683 0.23137255 0.19215686 0.15686275
v -201.83202376 0.50000000 -10.45517819 0.23137255 0.19215686 0.15686275
v -198.92351978 2.89340605 -12.25273251 0.23137255 0.19215686 0.15686275
v -198.92351978 -1.89340605 -12.25273251 0.23137255 0.19215686 0.15686275
v -199.98009570 -1.43630617 -10.54315676 0.23137255 0.19215686 0.15686275
v -197.86694386 -1.43630617 -10.54315676 0.23137255 0.19215686 0.15686275
v -199.98009570 2.43630617 -10.54315676 0.23137255 0.19215686 0.15686275
v -197.86694386 2.43630617 -10.54315676 0.23137255 0.19215686 0.15686275
v -198.92351978 0.50000000 -8.83358101 0.23137255 0.19215686 0.15686275
v -199.98009570 -1.43630617 -13.96230826 0.23137255 0.19215686 0.15686275
v -197.86694386 -1.43630617 -13.96230826 0.23137255 0.19215686 0.15686275
v -199.98009570 2.43630617 -13.96230826 0.23137255 0.19215686 0.15686275
v -197.86694386 2.43630617 -13.96230826 0.23137255 0.19215686 0.15686275
v -198.92351978 0.50000000 -15.67188401 0.23137255 0.19215686 0.15686275
v -196.15736811 1.69670303 -13.30930843 0.23137255 0.19215686 0.15686275
v -196.15736811 -0.69670303 -13.30930843 0.23137255 0.19215686 0.15686275
v -197.21394403 -0.23960314 -15.01888418 0.23137255 0.19215686 0.15686275
v -197.21394403 1.23960314 -15.01888418 0.23137255 0.19215686 0.15686275
v -196.15736811 1.69670303 -11.19615659 0.23137255 0.19215686 0.15686275
v -196.15736811 -0.69670303 -11.19615659 0.23137255 0.19215686 0.15686275
v -197.21394403 -0.23960314 -9.48658084 0.23137255 0.19215686 0.15686275
v -197.21394403 1.23960314 -9.48658084 0.23137255 0.19215686 0.15686275
v -195.50436828 0.50000000 -12.25273251 0.23137255 0.19215686 0.15686275
v -201.68967145 1.69670303 -13.30930843 0.23137255 0.19215686 0.15686275
v -201.68967145 -0.69670303 -13.30930843 0.23137255 0.19215686 0.15686275
v -200.63309553 -0.23960314 -15.01888418 0.23137255 0.19215686 0.15686275
v -200.63309553 1.23960314 -15.01888418 0.23137255 0.19215686 0.15686275
v -201.68967145 1.69670303 -11.19615659 0.23137255 0.19215686 0.15686275
v -201.68967145 -0.69670303 -11.19615659 0.23137255 0.19215686 0.15686275
v -200.63309553 -0.23960314 -9.48658084 0.23137255 0.19215686 0.15686275
v -200.63309553 1.23960314 -9.48658084 0.23137255 0.19215686 0.15686275
v -202.34267128 0.50000000 -12.25273251 0.23137255 0.19215686 0.15686275
v -9.20851796 2.35986465 -146.20903884 0.23137255 0.19215686 0.15686275
v -5.92434776 2.35986465 -146.20903884 0.23137255 0.19215686 0.15686275
v -9.20851796 -1.35986465 -146.20903884 0.23137255 0.19215686 0.15686275
v -5.92434776 -1.35986465 -146.20903884 0.23137255 0.19215686 0.15686275
v -7.56643286 -0.64945957 -143.55208934 0.23137255 0.19215686 0.15686275
v -7.56643286 1.64945957 -143.55208934 0.23137255 0.19215686 0.15686275
v -7.56643286 -0.64945957 -148.86598834 0.23137255 0.19215686 0.15686275
v -7.56643286 1.64945957 -148.86598834 0.23137255 0.19215686 0.15686275
v -4.90948336 0.50000000 -147.85112393 0.23137255 0.19215686 0.15686275
v -4.90948336 0.50000000 -144.56695374 0.23137255 0.19215686 0.15686275
v -10.22338236 0.50000000 -147.85112393 0.23137255 0.19215686 0.15686275
v -10.22338236 0.50000000 -144.56695374 0.23137255 0.19215686 0.15686275
v -7.56643286 2.68640202 -146.20903884 0.23137255 0.19215686 0.15686275
v -7.56643286 -1.68640202 -146.20903884 0.23137255 0.19215686 0.15686275
v -8.53162626 -1.26883639 -144.64732310 0.23137255 0.19215686 0.15686275
v -6.60123946 -1.26883639 -144.64732310 0.23137255 0.19215686 0.15686275
v -8.53162626 2.26883639 -144.64732310 0.23137255 0.19215686 0.15686275
v -6.60123946 2.26883639 -144.64732310 0.23137255 0.19215686 0.15686275
v -7.56643286 0.50000000 -143.08560737 0.23137255 0.19215686 0.15686275
v -8.53162626 -1.26883639 -147.77075457 0.23137255 0.19215686 0.15686275
v -6.60123946 -1.26883639 -147.77075457 0.23137255 0.19215686 0.15686275
v -8.53162626 2.26883639 -147.77075457 0.23137255 0.19215686 0.15686275
v -6.60123946 2.26883639 -147.77075457 0.23137255 0.19215686 0.15686275
v -7.56643286 0.50000000 -149.33247030 0.23137255 0.19215686 0.15686275
v -5.03952372 1.59320101 -147.17423224 0.23137255 0.19215686 0.15686275
v -5.03952372 -0.59320101 -147.17423224 0.23137255 0.19215686 0.15686275
v -6.00471713 -0.17563538 -148.73594797 0.23137255 0.19215686 0.15686275
v -6.00471713 1.17563538 -148.73594797 0.23137255 0.19215686 0.15686275
v -5.03952372 1.59320101 -145.24384543 0.23137255 0.19215686 0.15686275
v -5.03952372 -0.59320101 -145.24384543 0.23137255 0.19215686 0.15686275
v -6.00471713 -0.17563538 -143.68212970 0.23137255 0.19215686 0.15686275
v -6.00471713 1.17563538 -143.68212970 0.23137255 0.19215686 0.15686275
v -4.44300139 0.50000000 -146.20903884 0.23137255 0.19215686 0.15686275
v -10.09334199 1.59320101 -147.17423224 0.23137255 0.19215686 0.15686275
v -10.09334199 -0.59320101 -147.17423224 0.23137255 0.19215686 0.15686275
v -9.12814859 -0.17563538 -148.73594797 0.23137255 0.19215686 0.15686275
v -9.12814859 1.17563538 -148.73594797 0.23137255 0.19215686 0.15686275
v -10.09334199 1.59320101 -145.24384543 0.23137255 0.19215686 0.15686275
v -10.09334199 -0.59320101 -145.24384543 0.23137255 0.19215686 0.15686275
v -9.12814859 -0.17563538 -143.68212970 0.23137255 0.19215686 0.15686275
v -9.12814859 1.17563538 -143.68212970 0.23137255 0.19215686 0.15686275
v -10.68986432 0.50000000 -146.20903884 0.23137255 0.19215686 0.15686275
v -202.11251910 2.03853343 -9.81150885 0.23137255 0.19215686 0.15686275
v -199.39575923 2.03853343 -9.81150885 0.23137255 0.19215686 0.15686275
v -202.11251910 -1.03853343 -9.81150885 0.23137255 0.19215686 0.15686275
v -199.39575923 -1.03853343 -9.81150885 0.23137255 0.19215686 0.15686275
v -200.75413917 -0.45086595 -7.61360395 0.23137255 0.19215686 0.15686275
v -200.75413917 1.45086595 -7.61360395 0.23137255 0.19215686 0.15686275
v -200.75413917 -0.45086595 -12.00941376 0.23137255 0.19215686 0.15686275
v -200.75413917 1.45086595 -12.00941376 0.23137255 0.19215686 0.15686275
v -198.55623426 0.50000000 -11.16988879 0.23137255 0.19215686 0.15686275
v -198.55623426 0.50000000 -8.45312892 0.23137255 0.19215686 0.15686275
v -202.95204407 0.50000000 -11.16988879 0.23137255 0.19215686 0.15686275
v -202.95204407 0.50000000 -8.45312892 0.23137255 0.19215686 0.15686275
v -200.75413917 2.30865452 -9.81150885 0.23137255 0.19215686 0.15686275
v -200.75413917 -1.30865452 -9.81150885 0.23137255 0.19215686 0.15686275
v -201.55257486 -0.96323225 -8.51961276 0.23137255 0.19215686 0.15686275
v -199.95570348 -0.96323225 -8.51961276 0.23137255 0.19215686 0.15686275
v -201.55257486 1.96323225 -8.51961276 0.23137255 0.19215686 0.15686275
v -199.95570348 1.96323225 -8.51961276 0.23137255 0.19215686 0.15686275
v -200.75413917 0.50000000 -7.22771667 0.23137255 0.19215686 0.15686275
v -201.55257486 -0.96323225 -11.10340494 0.23137255 0.19215686 0.15686275
v -199.95570348 -0.96323225 -11.10340494 0.23137255 0.19215686 0.15686275
v -201.55257486 1.96323225 -11.10340494 0.23137255 0.19215686 0.15686275
v -199.95570348 1.96323225 -11.10340494 0.23137255 0.19215686 0.15686275
v -200.75413917 0.50000000 -12.39530103 0.23137255 0.19215686 0.15686275
v -198.66380739 1.40432726 -10.60994454 0.23137255 0.19215686 0.15686275
v -198.66380739 -0.40432726 -10.60994454 0.23137255 0.19215686 0.15686275
v -199.46224308 -0.05890498 -11.90184063 0.23137255 0.19215686 0.15686275
v -199.46224308 1.05890498 -11.90184063 0.23137255 0.19215686 0.15686275
v -198.66380739 1.40432726 -9.01307316 0.23137255 0.19215686 0.15686275
v -198.66380739 -0.40432726 -9.01307316 0.23137255 0.19215686 0.15686275
v -199.46224308 -0.05890498 -7.72117707 0.23137255 0.19215686 0.15686275
v -199.46224308 1.05890498 -7.72117707 0.23137255 0.19215686 0.15686275
v -198.17034699 0.50000000 -9.81150885 0.23137255 0.19215686 0.15686275
v -202.84447095 1.40432726 -10.60994454 0.23137255 0.19215686 0.15686275
v -202.84447095 -0.40432726 -10.60994454 0.23137255 0.19215686 0.15686275
v -202.04603526 -0.05890498 -11.90184063 0.23137255 0.19215686 0.15686275
v -202.04603526 1.05890498 -11.90184063 0.23137255 0.19215686 0.15686275
v -202.84447095 1.40432726 -9.01307316 0.23137255 0.19215686 0.15686275
v -202.84447095 -0.40432726 -9.01307316 0.23137255 0.19215686 0.15686275
v -202.04603526 -0.05890498 -7.72117707 0.23137255 0.19215686 0.15686275
v -202.04603526 1.05890498 -7.72117707 0.23137255 0.19215686 0.15686275
v -203.33793135 0.50000000 -9.81150885 0.23137255 0.19215686 0.15686275
v -118.97695667 2.08563589 -83.39176453 0.23137255 0.19215686 0.15686275
v -116.17702274 2.08563589 -83.39176453 0.23137255 0.19215686 0.15686275
v -118.97695667 -1.08563589 -83.39176453 0.23137255 0.19215686 0.15686275
v -116.17702274 -1.08563589 -83.39176453 0.23137255 0.19215686 0.15686275
v -117.57698971 -0.47997687 -81.12657040 0.23137255 0.19215686 0.15686275
v -117.57698971 1.47997687 -81.12657040 0.23137255 0.19215686 0.15686275
v -117.57698971 -0.47997687 -85.65695866 0.23137255 0.19215686 0.15686275
v -117.57698971 1.47997687 -85.65695866 0.23137255 0.19215686 0.15686275
v -115.31179558 0.50000000 -84.79173149 0.23137255 0.19215686 0.15686275
v -115.31179558 0.50000000 -81.99179757 0.23137255 0.19215686 0.15686275
v -119.84218383 0.50000000 -84.79173149 0.23137255 0.19215686 0.15686275
v -119.84218383 0.50000000 -81.99179757 0.23137255 0.19215686 0.15686275
v -117.57698971 2.36402678 -83.39176453 0.23137255 0.19215686 0.15686275
v -117.57698971 -1.36402678 -83.39176453 0.23137255 0.19215686 0.15686275
v -118.39986964 -1.00802934 -82.06031683 0.23137255 0.19215686 0.15686275
v -116.75410977 -1.00802934 -82.06031683 0.23137255 0.19215686 0.15686275
v -118.39986964 2.00802934 -82.06031683 0.23137255 0.19215686 0.15686275
v -116.75410977 2.00802934 -82.06031683 0.23137255 0.19215686 0.15686275
v -117.57698971 0.50000000 -80.72886913 0.23137255 0.19215686 0.15686275
v -118.39986964 -1.00802934 -84.72321223 0.23137255 0.19215686 0.15686275
v -116.75410977 -1.00802934 -84.72321223 0.23137255 0.19215686 0.15686275
v -118.39986964 2.00802934 -84.72321223 0.23137255 0.19215686 0.15686275
v -116.75410977 2.00802934 -84.72321223 0.23137255 0.19215686 0.15686275
v -117.57698971 0.50000000 -86.05465993 0.23137255 0.19215686 0.15686275
v -115.42266207 1.43201339 -84.21464447 0.23137255 0.19215686 0.15686275
v -115.42266207 -0.43201339 -84.21464447 0.23137255 0.19215686 0.15686275
v -116.24554200 -0.07601595 -85.54609217 0.23137255 0.19215686 0.15686275
v -116.24554200 1.07601595 -85.54609217 0.23137255 0.19215686 0.15686275
v -115.42266207 1.43201339 -82.56888460 0.23137255 0.19215686 0.15686275
v -115.42266207 -0.43201339 -82.56888460 0.23137255 0.19215686 0.15686275
v -116.24554200 -0.07601595 -81.23743690 0.23137255 0.19215686 0.15686275
v -116.24554200 1.07601595 -81.23743690 0.23137255 0.19215686 0.15686275
v -114.91409430 0.50000000 -83.39176453 0.23137255 0.19215686 0.15686275
v -119.73131734 1.43201339 -84.21464447 0.23137255 0.19215686 0.15686275
v -119.73131734 -0.43201339 -84.21464447 0.23137255 0.19215686 0.15686275
v -118.90843741 -0.07601595 -85.54609217 0.23137255 0.19215686 0.15686275
v -118.90843741 1.07601595 -85.54609217 0.23137255 0.19215686 0.15686275
v -119.73131734 1.43201339 -82.56888460 0.23137255 0.19215686 0.15686275
v -119.73131734 -0.43201339 -82.56888460 0.23137255 0.19215686 0.15686275
v -118.90843741 -0.07601595 -81.23743690 0.23137255 0.19215686 0.15686275
v -118.90843741 1.07601595 -81.23743690 0.23137255 0.19215686 0.15686275
v -120.23988511 0.50000000 -83.39176453 0.23137255 0.19215686 0.15686275
v -68.74824211 2.85146255 134.94178959 0.23137255 0.19215686 0.15686275
v -64.59600274 2.85146255 134.94178959 0.23137255 0.19215686 0.15686275
v -68.74824211 -1.85146255 134.94178959 0.23137255 0.19215686 0.15686275
v -64.59600274 -1.85146255 134.94178959 0.23137255 0.19215686 0.15686275
v -66.67212242 -0.95328378 138.30102181 0.23137255 0.19215686 0.15686275
v -66.67212242 1.95328378 138.30102181 0.23137255 0.19215686 0.15686275
v -66.67212242 -0.95328378 131.58255738 0.23137255 0.19215686 0.15686275
v -66.67212242 1.95328378 131.58255738 0.23137255 0.19215686 0.15686275
v -63.31289021 0.50000000 132.86566991 0.23137255 0.19215686 0.15686275
v -63.31289021 0.50000000 137.01790928 0.23137255 0.19215686 0.15686275
v -70.03135464 0.50000000 132.86566991 0.23137255 0.19215686 0.15686275
v -70.03135464 0.50000000 137.01790928 0.23137255 0.19215686 0.15686275
v -66.67212242 3.26431002 134.94178959 0.23137255 0.19215686 0.15686275
v -66.67212242 -2.26431002 134.94178959 0.23137255 0.19215686 0.15686275
v -67.89243495 -1.73637378 136.91629675 0.23137255 0.19215686 0.15686275
v -65.45180989 -1.73637378 136.91629675 0.23137255 0.19215686 0.15686275
v -67.89243495 2.73637378 136.91629675 0.23137255 0.19215686 0.15686275
v -65.45180989 2.73637378 136.91629675 0.23137255 0.19215686 0.15686275
v -66.67212242 0.50000000 138.89080391 0.23137255 0.19215686 0.15686275
v -67.89243495 -1.73637378 132.96728244 0.23137255 0.19215686 0.15686275
v -65.45180989 -1.73637378 132.96728244 0.23137255 0.19215686 0.15686275
v -67.89243495 2.73637378 132.96728244 0.23137255 0.19215686 0.15686275
v -65.45180989 2.73637378 132.96728244 0.23137255 0.19215686 0.15686275
v -66.67212242 0.50000000 130.99277528 0.23137255 0.19215686 0.15686275
v -63.47730273 1.88215501 133.72147706 0.23137255 0.19215686 0.15686275
v -63.47730273 -0.88215501 133.72147706 0.23137255 0.19215686 0.15686275
v -64.69761527 -0.35421877 131.74696990 0.23137255 0.19215686 0.15686275
v -64.69761527 1.35421877 131.74696990 0.23137255 0.19215686 0.15686275
v -63.47730273 1.88215501 136.16210213 0.23137255 0.19215686 0.15686275
v -63.47730273 -0.88215501 136.16210213 0.23137255 0.19215686 0.15686275
v -64.69761527 -0.35421877 138.13660928 0.23137255 0.19215686 0.15686275
v -64.69761527 1.35421877 138.13660928 0.23137255 0.19215686 0.15686275
v -62.72310811 0.50000000 134.94178959 0.23137255 0.19215686 0.15686275
v -69.86694211 1.88215501 133.72147706 0.23137255 0.19215686 0.15686275
v -69.86694211 -0.88215501 133.72147706 0.23137255 0.19215686 0.15686275
v -68.64662958 -0.35421877 131.74696990 0.23137255 0.19215686 0.15686275
v -68.64662958 1.35421877 131.74696990 0.23137255 0.19215686 0.15686275
v -69.86694211 1.88215501 136.16210213 0.23137255 0.19215686 0.15686275
v -69.86694211 -0.88215501 136.16210213 0.23137255 0.19215686 0.15686275
v -68.64662958 -0.35421877 138.13660928 0.23137255 0.19215686 0.15686275
v -68.64662958 1.35421877 138.13660928 0.23137255 0.19215686 0.15686275
v -70.62113673 0.50000000 134.94178959 0.23137255 0.19215686 0.15686275
v -153.22047579 2.44712486 143.26458880 0.23137255 0.19215686 0.15686275
v -149.78222052 2.44712486 143.26458880 0.23137255 0.19215686 0.15686275
v -153.22047579 -1.44712486 143.26458880 0.23137255 0.19215686 0.15686275
v -149.78222052 -1.44712486 143.26458880 0.23137255 0.19215686 0.15686275
v -151.50134816 -0.70338934 146.04619575 0.23137255 0.19215686 0.15686275
v -151.50134816 1.70338934 146.04619575 0.23137255 0.19215686 0.15686275
v -151.50134816 -0.70338934 140.48298186 0.23137255 0.19215686 0.15686275
v -151.50134816 1.70338934 140.48298186 0.23137255 0.19215686 0.15686275
v -148.71974121 0.50000000 141.54546117 0.23137255 0.19215686 0.15686275
v -148.71974121 0.50000000 144.98371644 0.23137255 0.19215686 0.15686275
v -154.28295510 0.50000000 141.54546117 0.23137255 0.19215686 0.15686275
v -154.28295510 0.50000000 144.98371644 0.23137255 0.19215686 0.15686275
v -151.50134816 2.78898256 143.26458880 0.23137255 0.19215686 0.15686275
v -151.50134816 -1.78898256 143.26458880 0.23137255 0.19215686 0.15686275
v -152.51182603 -1.35182579 144.89957634 0.23137255 0.19215686 0.15686275
v -150.49087029 -1.35182579 144.89957634 0.23137255 0.19215686 0.15686275
v -152.51182603 2.35182579 144.89957634 0.23137255 0.19215686 0.15686275
v -150.49087029 2.35182579 144.89957634 0.23137255 0.19215686 0.15686275
v -151.50134816 0.50000000 146.53456388 0.23137255 0.19215686 0.15686275
v -152.51182603 -1.35182579 141.62960126 0.23137255 0.19215686 0.15686275
v -150.49087029 -1.35182579 141.62960126 0.23137255 0.19215686 0.15686275
v -152.51182603 2.35182579 141.62960126 0.23137255 0.19215686 0.15686275
v -150.49087029 2.35182579 141.62960126 0.23137255 0.19215686 0.15686275
v -151.50134816 0.50000000 139.99461372 0.23137255 0.19215686 0.15686275
v -148.85588275 1.64449128 142.25411093 0.23137255 0.19215686 0.15686275
v -148.85588275 -0.64449128 142.25411093 0.23137255 0.19215686 0.15686275
v -149.86636062 -0.20733451 140.61912339 0.23137255 0.19215686 0.15686275
v -149.86636062 1.20733451 140.61912339 0.23137255 0.19215686 0.15686275
v -148.85588275 1.64449128 144.27506667 0.23137255 0.19215686 0.15686275
v -148.85588275 -0.64449128 144.27506667 0.23137255 0.19215686 0.15686275
v -149.86636062 -0.20733451 145.91005421 0.23137255 0.19215686 0.15686275
v -149.86636062 1.20733451 145.91005421 0.23137255 0.19215686 0.15686275
v -148.23137308 0.50000000 143.26458880 0.23137255 0.19215686 0.15686275
v -154.14681357 1.64449128 142.25411093 0.23137255 0.19215686 0.15686275
v -154.14681357 -0.64449128 142.25411093 0.23137255 0.19215686 0.15686275
v -153.13633570 -0.20733451 140.61912339 0.23137255 0.19215686 0.15686275
v -153.13633570 1.20733451 140.61912339 0.23137255 0.19215686 0.15686275
v -154.14681357 1.64449128 144.27506667 0.23137255 0.19215686 0.15686275
v -154.14681357 -0.64449128 144.27506667 0.23137255 0.19215686 0.15686275
v -153.13633570 -0.20733451 145.91005421 0.23137255 0.19215686 0.15686275
v -153.13633570 1.20733451 145.91005421 0.23137255 0.19215686 0.15686275
v -154.77132324 0.50000000 143.26458880 0.23137255 0.19215686 0.15686275
v -147.72531226 2.60157154 -113.23083506 0.23137255 0.19215686 0.15686275
v -144.01433329 2.60157154 -113.23083506 0.23137255 0.19215686 0.15686275
v -147.72531226 -1.60157154 -113.23083506 0.23137255 0.19215686 0.15686275
v -144.01433329 -1.60157154 -113.23083506 0.23137255 0.19215686 0.15686275
v -145.86982277 -0.79884264 -110.22859001 0.23137255 0.19215686 0.15686275
v -145.86982277 1.79884264 -110.22859001 0.23137255 0.19215686 0.15686275
v -145.86982277 -0.79884264 -116.23308012 0.23137255 0.19215686 0.15686275
v -145.86982277 1.79884264 -116.23308012 0.23137255 0.19215686 0.15686275
v -142.86757772 0.50000000 -115.08632455 0.23137255 0.19215686 0.15686275
v -142.86757772 0.50000000 -111.37534558 0.23137255 0.19215686 0.15686275
v -148.87206783 0.50000000 -115.08632455 0.23137255 0.19215686 0.15686275
v -148.87206783 0.50000000 -111.37534558 0.23137255 0.19215686 0.15686275
v -145.86982277 2.97054551 -113.23083506 0.23137255 0.19215686 0.15686275
v -145.86982277 -1.97054551 -113.23083506 0.23137255 0.19215686 0.15686275
v -146.96045213 -1.49871330 -111.46615970 0.23137255 0.19215686 0.15686275
v -144.77919342 -1.49871330 -111.46615970 0.23137255 0.19215686 0.15686275
v -146.96045213 2.49871330 -111.46615970 0.23137255 0.19215686 0.15686275
v -144.77919342 2.49871330 -111.46615970 0.23137255 0.19215686 0.15686275
v -145.86982277 0.50000000 -109.70148433 0.23137255 0.19215686 0.15686275
v -146.96045213 -1.49871330 -114.99551043 0.23137255 0.19215686 0.15686275
v -144.77919342 -1.49871330 -114.99551043 0.23137255 0.19215686 0.15686275
v -146.96045213 2.49871330 -114.99551043 0.23137255 0.19215686 0.15686275
v -144.77919342 2.49871330 -114.99551043 0.23137255 0.19215686 0.15686275
v -145.86982277 0.50000000 -116.76018580 0.23137255 0.19215686 0.15686275
v -143.01451805 1.73527276 -114.32146442 0.23137255 0.19215686 0.15686275
v -143.01451805 -0.73527276 -114.32146442 0.23137255 0.19215686 0.15686275
v -144.10514741 -0.26344055 -116.08613979 0.23137255 0.19215686 0.15686275
v -144.10514741 1.26344055 -116.08613979 0.23137255 0.19215686 0.15686275
v -143.01451805 1.73527276 -112.14020571 0.23137255 0.19215686 0.15686275
v -143.01451805 -0.73527276 -112.14020571 0.23137255 0.19215686 0.15686275
v -144.10514741 -0.26344055 -110.37553034 0.23137255 0.19215686 0.15686275
v -144.10514741 1.26344055 -110.37553034 0.23137255 0.19215686 0.15686275
v -142.34047204 0.50000000 -113.23083506 0.23137255 0.19215686 0.15686275
v -148.72512749 1.73527276 -114.32146442 0.23137255 0.19215686 0.15686275
v -148.72512749 -0.73527276 -114.32146442 0.23137255 0.19215686 0.15686275
v -147.63449814 -0.26344055 -116.08613979 0.23137255 0.19215686 0.15686275
v -147.63449814 1.26344055 -116.08613979 0.23137255 0.19215686 0.15686275
v -148.72512749 1.73527276 -112.14020571 0.23137255 0.19215686 0.15686275
v -148.72512749 -0.73527276 -112.14020571 0.23137255 0.19215686 0.15686275
v -147.63449814 -0.26344055 -110.37553034 0.23137255 0.19215686 0.15686275
v -147.63449814 1.26344055 -110.37553034 0.23137255 0.19215686 0.15686275
v -149.39917350 0.50000000 -113.23083506 0.23137255 0.19215686 0.15686275
v 98.55470044 1.82113243 138.69329899 0.23137255 0.19215686 0.15686275
v 100.88757115 1.82113243 138.69329899 0.23137255 0.19215686 0.15686275
v 98.55470044 -0.82113243 138.69329899 0.23137255 0.19215686 0.15686275
v 100.88757115 -0.82113243 138.69329899 0.23137255 0.19215686 0.15686275
v 99.72113579 -0.31650475 140.58063104 0.23137255 0.19215686 0.15686275
v 99.72113579 1.31650475 140.58063104 0.23137255 0.19215686 0.15686275
v 99.72113579 -0.31650475 136.80596694 0.23137255 0.19215686 0.15686275
v 99.72113579 1.31650475 136.80596694 0.23137255 0.19215686 0.15686275
v 101.60846784 0.50000000 137.52686364 0.23137255 0.19215686 0.15686275
v 101.60846784 0.50000000 139.85973434 0.23137255 0.19215686 0.15686275
v 97.83380375 0.50000000 137.52686364 0.23137255 0.19215686 0.15686275
v 97.83380375 0.50000000 139.85973434 0.23137255 0.19215686 0.15686275
v 99.72113579 2.05308432 138.69329899 0.23137255 0.19215686 0.15686275
v 99.72113579 -1.05308432 138.69329899 0.23137255 0.19215686 0.15686275
v 99.03552230 -0.75647161 139.80264493 0.23137255 0.19215686 0.15686275
v 100.40674929 -0.75647161 139.80264493 0.23137255 0.19215686 0.15686275
v 99.03552230 1.75647161 139.80264493 0.23137255 0.19215686 0.15686275
v 100.40674929 1.75647161 139.80264493 0.23137255 0.19215686 0.15686275
v 99.72113579 0.50000000 140.91199088 0.23137255 0.19215686 0.15686275
v 99.03552230 -0.75647161 137.58395305 0.23137255 0.19215686 0.15686275
v 100.40674929 -0.75647161 137.58395305 0.23137255 0.19215686 0.15686275
v 99.03552230 1.75647161 137.58395305 0.23137255 0.19215686 0.15686275
v 100.40674929 1.75647161 137.58395305 0.23137255 0.19215686 0.15686275
v 99.72113579 0.50000000 136.47460711 0.23137255 0.19215686 0.15686275
v 101.51609523 1.27654216 138.00768549 0.23137255 0.19215686 0.15686275
v 101.51609523 -0.27654216 138.00768549 0.23137255 0.19215686 0.15686275
v 100.83048174 0.02007055 136.89833955 0.23137255 0.19215686 0.15686275
v 100.83048174 0.97992945 136.89833955 0.23137255 0.19215686 0.15686275
v 101.51609523 1.27654216 139.37891249 0.23137255 0.19215686 0.15686275
v 101.51609523 -0.27654216 139.37891249 0.23137255 0.19215686 0.15686275
v 100.83048174 0.02007055 140.48825843 0.23137255 0.19215686 0.15686275
v 100.83048174 0.97992945 140.48825843 0.23137255 0.19215686 0.15686275
v 101.93982768 0.50000000 138.69329899 0.23137255 0.19215686 0.15686275
v 97.92617635 1.27654216 138.00768549 0.23137255 0.19215686 0.15686275
v 97.92617635 -0.27654216 138.00768549 0.23137255 0.19215686 0.15686275
v 98.61178985 0.02007055 136.89833955 0.23137255 0.19215686 0.15686275
v 98.61178985 0.97992945 136.89833955 0.23137255 0.19215686 0.15686275
v 97.92617635 1.27654216 139.37891249 0.23137255 0.19215686 0.15686275
v 97.92617635 -0.27654216 139.37891249 0.23137255 0.19215686 0.15686275
v 98.61178985 0.02007055 140.48825843 0.23137255 0.19215686 0.15686275
v 98.61178985 0.97992945 140.48825843 0.23137255 0.19215686 0.15686275
v 97.50244391 0.50000000 138.69329899 0.23137255 0.19215686 0.15686275
v -122.39339651 3.12207915 84.39439466 0.23137255 0.19215686 0.15686275
v -117.76329927 3.12207915 84.39439466 0.23137255 0.19215686 0.15686275
v -122.39339651 -2.12207915 84.39439466 0.23137255 0.19215686 0.15686275
v -117.76329927 -2.12207915 84.39439466 0.23137255 0.19215686 0.15686275
v -120.07834789 -1.12053403 88.14022202 0.23137255 0.19215686 0.15686275
v -120.07834789 2.12053403 88.14022202 0.23137255 0.19215686 0.15686275
v -120.07834789 -1.12053403 80.64856731 0.23137255 0.19215686 0.15686275
v -120.07834789 2.12053403 80.64856731 0.23137255 0.19215686 0.15686275
v -116.33252053 0.50000000 82.07934604 0.23137255 0.19215686 0.15686275
v -116.33252053 0.50000000 86.70944328 0.23137255 0.19215686 0.15686275
v -123.82417524 0.50000000 82.07934604 0.23137255 0.19215686 0.15686275
v -123.82417524 0.50000000 86.70944328 0.23137255 0.19215686 0.15686275
v -120.07834789 3.58243891 84.39439466 0.23137255 0.19215686 0.15686275
v -120.07834789 -2.58243891 84.39439466 0.23137255 0.19215686 0.15686275
v -121.43909933 -1.99374546 86.59613674 0.23137255 0.19215686 0.15686275
v -118.71759645 -1.99374546 86.59613674 0.23137255 0.19215686 0.15686275
v -121.43909933 2.99374546 86.59613674 0.23137255 0.19215686 0.15686275
v -118.71759645 2.99374546 86.59613674 0.23137255 0.19215686 0.15686275
v -120.07834789 0.50000000 88.79787881 0.23137255 0.19215686 0.15686275
v -121.43909933 -1.99374546 82.19265258 0.23137255 0.19215686 0.15686275
v -118.71759645 -1.99374546 82.19265258 0.23137255 0.19215686 0.15686275
v -121.43909933 2.99374546 82.19265258 0.23137255 0.19215686 0.15686275
v -118.71759645 2.99374546 82.19265258 0.23137255 0.19215686 0.15686275
v -120.07834789 0.50000000 79.99091051 0.23137255 0.19215686 0.15686275
v -116.51585437 2.04121945 83.03364322 0.23137255 0.19215686 0.15686275
v -116.51585437 -1.04121945 83.03364322 0.23137255 0.19215686 0.15686275
v -117.87660581 -0.45252601 80.83190115 0.23137255 0.19215686 0.15686275
v -117.87660581 1.45252601 80.83190115 0.23137255 0.19215686 0.15686275
v -116.51585437 2.04121945 85.75514610 0.23137255 0.19215686 0.15686275
v -116.51585437 -1.04121945 85.75514610 0.23137255 0.19215686 0.15686275
v -117.87660581 -0.45252601 87.95688818 0.23137255 0.19215686 0.15686275
v -117.87660581 1.45252601 87.95688818 0.23137255 0.19215686 0.15686275
v -115.67486373 0.50000000 84.39439466 0.23137255 0.19215686 0.15686275
v -123.64084140 2.04121945 83.03364322 0.23137255 0.19215686 0.15686275
v -123.64084140 -1.04121945 83.03364322 0.23137255 0.19215686 0.15686275
v -122.28008996 -0.45252601 80.83190115 0.23137255 0.19215686 0.15686275
v -122.28008996 1.45252601 80.83190115 0.23137255 0.19215686 0.15686275
v -123.64084140 2.04121945 85.75514610 0.23137255 0.19215686 0.15686275
v -123.64084140 -1.04121945 85.75514610 0.23137255 0.19215686 0.15686275
v -122.28008996 -0.45252601 87.95688818 0.23137255 0.19215686 0.15686275
v -122.28008996 1.45252601 87.95688818 0.23137255 0.19215686 0.15686275
v -124.48183204 0.50000000 84.39439466 0.23137255 0.19215686 0.15686275
v 39.53087861 1.92984378 182.52046331 0.23137255 0.19215686 0.15686275
v 42.05571305 1.92984378 182.52046331 0.23137255 0.19215686 0.15686275
v 39.53087861 -0.92984378 182.52046331 0.23137255 0.19215686 0.15686275
v 42.05571305 -0.92984378 182.52046331 0.23137255 0.19215686 0.15686275
v 40.79329583 -0.38369205 184.56309728 0.23137255 0.19215686 0.15686275
v 40.79329583 1.38369205 184.56309728 0.23137255 0.19215686 0.15686275
v 40.79329583 -0.38369205 180.47782934 0.23137255 0.19215686 0.15686275
v 40.79329583 1.38369205 180.47782934 0.23137255 0.19215686 0.15686275
v 42.83592980 0.50000000 181.25804609 0.23137255 0.19215686 0.15686275
v 42.83592980 0.50000000 183.78288053 0.23137255 0.19215686 0.15686275
v 38.75066186 0.50000000 181.25804609 0.23137255 0.19215686 0.15686275
v 38.75066186 0.50000000 183.78288053 0.23137255 0.19215686 0.15686275
v 40.79329583 2.18088217 182.52046331 0.23137255 0.19215686 0.15686275
v 40.79329583 -1.18088217 182.52046331 0.23137255 0.19215686 0.15686275
v 40.05126561 -0.85986224 183.72109343 0.23137255 0.19215686 0.15686275
v 41.53532605 -0.85986224 183.72109343 0.23137255 0.19215686 0.15686275
v 40.05126561 1.85986224 183.72109343 0.23137255 0.19215686 0.15686275
v 41.53532605 1.85986224 183.72109343 0.23137255 0.19215686 0.15686275
v 40.79329583 0.50000000 184.92172356 0.23137255 0.19215686 0.15686275
v 40.05126561 -0.85986224 181.31983319 0.23137255 0.19215686 0.15686275
v 41.53532605 -0.85986224 181.31983319 0.23137255 0.19215686 0.15686275
v 40.05126561 1.85986224 181.31983319 0.23137255 0.19215686 0.15686275
v 41.53532605 1.85986224 181.31983319 0.23137255 0.19215686 0.15686275
v 40.79329583 0.50000000 180.11920307 0.23137255 0.19215686 0.15686275
v 42.73595618 1.34044109 181.77843309 0.23137255 0.19215686 0.15686275
v 42.73595618 -0.34044109 181.77843309 0.23137255 0.19215686 0.15686275
v 41.99392595 -0.01942116 180.57780297 0.23137255 0.19215686 0.15686275
v 41.99392595 1.01942116 180.57780297 0.23137255 0.19215686 0.15686275
v 42.73595618 1.34044109 183.26249354 0.23137255 0.19215686 0.15686275
v 42.73595618 -0.34044109 183.26249354 0.23137255 0.19215686 0.15686275
v 41.99392595 -0.01942116 184.46312366 0.23137255 0.19215686 0.15686275
v 41.99392595 1.01942116 184.46312366 0.23137255 0.19215686 0.15686275
v 43.19455608 0.50000000 182.52046331 0.23137255 0.19215686 0.15686275
v 38.85063549 1.34044109 181.77843309 0.23137255 0.19215686 0.15686275
v 38.85063549 -0.34044109 181.77843309 0.23137255 0.19215686 0.15686275
v 39.59266571 -0.01942116 180.57780297 0.23137255 0.19215686 0.15686275
v 39.59266571 1.01942116 180.57780297 0.23137255 0.19215686 0.15686275
v 38.85063549 1.34044109 183.26249354 0.23137255 0.19215686 0.15686275
v 38.85063549 -0.34044109 183.26249354 0.23137255 0.19215686 0.15686275
v 39.59266571 -0.01942116 184.46312366 0.23137255 0.19215686 0.15686275
v 39.59266571 1.01942116 184.46312366 0.23137255 0.19215686 0.15686275
v 38.39203559 0.50000000 182.52046331 0.23137255 0.19215686 0.15686275
v 130.01033531 1.62829746 -132.53486603 0.23137255 0.19215686 0.15686275
v 132.00269582 1.62829746 -132.53486603 0.23137255 0.19215686 0.15686275
v 130.01033531 -0.62829746 -132.53486603 0.23137255 0.19215686 0.15686275
v 132.00269582 -0.62829746 -132.53486603 0.23137255 0.19215686 0.15686275
v 131.00651557 -0.19732618 -130.92301251 0.23137255 0.19215686 0.15686275
v 131.00651557 1.19732618 -130.92301251 0.23137255 0.19215686 0.15686275
v 131.00651557 -0.19732618 -134.14671954 0.23137255 0.19215686 0.15686275
v 131.00651557 1.19732618 -134.14671954 0.23137255 0.19215686 0.15686275
v 132.61836908 0.50000000 -133.53104628 0.23137255 0.19215686 0.15686275
v 132.61836908 0.50000000 -131.53868577 0.23137255 0.19215686 0.15686275
v 129.39466205 0.50000000 -133.53104628 0.23137255 0.19215686 0.15686275
v 129.39466205 0.50000000 -131.53868577 0.23137255 0.19215686 0.15686275
v 131.00651557 1.82639321 -132.53486603 0.23137255 0.19215686 0.15686275
v 131.00651557 -0.82639321 -132.53486603 0.23137255 0.19215686 0.15686275
v 130.42097550 -0.57307465 -131.58744230 0.23137255 0.19215686 0.15686275
v 131.59205563 -0.57307465 -131.58744230 0.23137255 0.19215686 0.15686275
v 130.42097550 1.57307465 -131.58744230 0.23137255 0.19215686 0.15686275
v 131.59205563 1.57307465 -131.58744230 0.23137255 0.19215686 0.15686275
v 131.00651557 0.50000000 -130.64001858 0.23137255 0.19215686 0.15686275
v 130.42097550 -0.57307465 -133.48228975 0.23137255 0.19215686 0.15686275
v 131.59205563 -0.57307465 -133.48228975 0.23137255 0.19215686 0.15686275
v 130.42097550 1.57307465 -133.48228975 0.23137255 0.19215686 0.15686275
v 131.59205563 1.57307465 -133.48228975 0.23137255 0.19215686 0.15686275
v 131.00651557 0.50000000 -134.42971347 0.23137255 0.19215686 0.15686275
v 132.53947935 1.16319661 -133.12040609 0.23137255 0.19215686 0.15686275
v 132.53947935 -0.16319661 -133.12040609 0.23137255 0.19215686 0.15686275
v 131.95393929 0.09012196 -134.06782981 0.23137255 0.19215686 0.15686275
v 131.95393929 0.90987804 -134.06782981 0.23137255 0.19215686 0.15686275
v 132.53947935 1.16319661 -131.94932596 0.23137255 0.19215686 0.15686275
v 132.53947935 -0.16319661 -131.94932596 0.23137255 0.19215686 0.15686275
v 131.95393929 0.09012196 -131.00190224 0.23137255 0.19215686 0.15686275
v 131.95393929 0.90987804 -131.00190224 0.23137255 0.19215686 0.15686275
v 132.90136301 0.50000000 -132.53486603 0.23137255 0.19215686 0.15686275
v 129.47355178 1.16319661 -133.12040609 0.23137255 0.19215686 0.15686275
v 129.47355178 -0.16319661 -133.12040609 0.23137255 0.19215686 0.15686275
v 130.05909184 0.09012196 -134.06782981 0.23137255 0.19215686 0.15686275
v 130.05909184 0.90987804 -134.06782981 0.23137255 0.19215686 0.15686275
v 129.47355178 1.16319661 -131.94932596 0.23137255 0.19215686 0.15686275
v 129.47355178 -0.16319661 -131.94932596 0.23137255 0.19215686 0.15686275
v 130.05909184 0.09012196 -131.00190224 0.23137255 0.19215686 0.15686275
v 130.05909184 0.90987804 -131.00190224 0.23137255 0.19215686 0.15686275
v 129.11166812 0.50000000 -132.53486603 0.23137255 0.19215686 0.15686275
v 113.73680679 3.00791020 -170.44553243 0.23137255 0.19215686 0.15686275
v 118.16530320 3.00791020 -170.44553243 0.23137255 0.19215686 0.15686275
v 113.73680679 -2.00791020 -170.44553243 0.23137255 0.19215686 0.15686275
v 118.16530320 -2.00791020 -170.44553243 0.23137255 0.19215686 0.15686275
v 115.95105500 -1.04997374 -166.86280358 0.23137255 0.19215686 0.15686275
v 115.95105500 2.04997374 -166.86280358 0.23137255 0.19215686 0.15686275
v 115.95105500 -1.04997374 -174.02826128 0.23137255 0.19215686 0.15686275
v 115.95105500 2.04997374 -174.02826128 0.23137255 0.19215686 0.15686275
v 119.53378385 0.50000000 -172.65978063 0.23137255 0.19215686 0.15686275
v 119.53378385 0.50000000 -168.23128423 0.23137255 0.19215686 0.15686275
v 112.36832614 0.50000000 -172.65978063 0.23137255 0.19215686 0.15686275
v 112.36832614 0.50000000 -168.23128423 0.23137255 0.19215686 0.15686275
v 115.95105500 3.44822526 -170.44553243 0.23137255 0.19215686 0.15686275
v 115.95105500 -2.44822526 -170.44553243 0.23137255 0.19215686 0.15686275
v 114.64955256 -1.88516433 -168.33965725 0.23137255 0.19215686 0.15686275
v 117.25255743 -1.88516433 -168.33965725 0.23137255 0.19215686 0.15686275
v 114.64955256 2.88516433 -168.33965725 0.23137255 0.19215686 0.15686275
v 117.25255743 2.88516433 -168.33965725 0.23137255 0.19215686 0.15686275
v 115.95105500 0.50000000 -166.23378207 0.23137255 0.19215686 0.15686275
v 114.64955256 -1.88516433 -172.55140761 0.23137255 0.19215686 0.15686275
v 117.25255743 -1.88516433 -172.55140761 0.23137255 0.19215686 0.15686275
v 114.64955256 2.88516433 -172.55140761 0.23137255 0.19215686 0.15686275
v 117.25255743 2.88516433 -172.55140761 0.23137255 0.19215686 0.15686275
v 115.95105500 0.50000000 -174.65728280 0.23137255 0.19215686 0.15686275
v 119.35843262 1.97411263 -171.74703487 0.23137255 0.19215686 0.15686275
v 119.35843262 -0.97411263 -171.74703487 0.23137255 0.19215686 0.15686275
v 118.05693018 -0.41105171 -173.85291005 0.23137255 0.19215686 0.15686275
v 118.05693018 1.41105171 -173.85291005 0.23137255 0.19215686 0.15686275
v 119.35843262 1.97411263 -169.14402999 0.23137255 0.19215686 0.15686275
v 119.35843262 -0.97411263 -169.14402999 0.23137255 0.19215686 0.15686275
v 118.05693018 -0.41105171 -167.03815481 0.23137255 0.19215686 0.15686275
v 118.05693018 1.41105171 -167.03815481 0.23137255 0.19215686 0.15686275
v 120.16280536 0.50000000 -170.44553243 0.23137255 0.19215686 0.15686275
v 112.54367737 1.97411263 -171.74703487 0.23137255 0.19215686 0.15686275
v 112.54367737 -0.97411263 -171.74703487 0.23137255 0.19215686 0.15686275
v 113.84517981 -0.41105171 -173.85291005 0.23137255 0.19215686 0.15686275
v 113.84517981 1.41105171 -173.85291005 0.23137255 0.19215686 0.15686275
v 112.54367737 1.97411263 -169.14402999 0.23137255 0.19215686 0.15686275
v 112.54367737 -0.97411263 -169.14402999 0.23137255 0.19215686 0.15686275
v 113.84517981 -0.41105171 -167.03815481 0.23137255 0.19215686 0.15686275
v 113.84517981 1.41105171 -167.03815481 0.23137255 0.19215686 0.15686275
v 111.73930463 0.50000000 -170.44553243 0.23137255 0.19215686 0.15686275
v -137.09369096 1.73699373 -63.70457407 0.23137255 0.19215686 0.15686275
v -134.90939334 1.73699373 -63.70457407 0.23137255 0.19215686 0.15686275
v -137.09369096 -0.73699373 -63.70457407 0.23137255 0.19215686 0.15686275
v -134.90939334 -0.73699373 -63.70457407 0.23137255 0.19215686 0.15686275
v -136.00154215 -0.26450417 -61.93744018 0.23137255 0.19215686 0.15686275
v -136.00154215 1.26450417 -61.93744018 0.23137255 0.19215686 0.15686275
v -136.00154215 -0.26450417 -65.47170797 0.23137255 0.19215686 0.15686275
v -136.00154215 1.26450417 -65.47170797 0.23137255 0.19215686 0.15686275
v -134.23440825 0.50000000 -64.79672288 0.23137255 0.19215686 0.15686275
v -134.23440825 0.50000000 -62.61242526 0.23137255 0.19215686 0.15686275
v -137.76867604 0.50000000 -64.79672288 0.23137255 0.19215686 0.15686275
v -137.76867604 0.50000000 -62.61242526 0.23137255 0.19215686 0.15686275
v -136.00154215 1.95417334 -63.70457407 0.23137255 0.19215686 0.15686275
v -136.00154215 -0.95417334 -63.70457407 0.23137255 0.19215686 0.15686275
v -136.64349111 -0.67645094 -62.66587883 0.23137255 0.19215686 0.15686275
v -135.35959319 -0.67645094 -62.66587883 0.23137255 0.19215686 0.15686275
v -136.64349111 1.67645094 -62.66587883 0.23137255 0.19215686 0.15686275
v -135.35959319 1.67645094 -62.66587883 0.23137255 0.19215686 0.15686275
v -136.00154215 0.50000000 -61.62718359 0.23137255 0.19215686 0.15686275
v -136.64349111 -0.67645094 -64.74326931 0.23137255 0.19215686 0.15686275
v -135.35959319 -0.67645094 -64.74326931 0.23137255 0.19215686 0.15686275
v -136.64349111 1.67645094 -64.74326931 0.23137255 0.19215686 0.15686275
v -135.35959319 1.67645094 -64.74326931 0.23137255 0.19215686 0.15686275
v -136.00154215 0.50000000 -65.78196456 0.23137255 0.19215686 0.15686275
v -134.32089794 1.22708667 -64.34652304 0.23137255 0.19215686 0.15686275
v -134.32089794 -0.22708667 -64.34652304 0.23137255 0.19215686 0.15686275
v -134.96284691 0.05063573 -65.38521828 0.23137255 0.19215686 0.15686275
v -134.96284691 0.94936427 -65.38521828 0.23137255 0.19215686 0.15686275
v -134.32089794 1.22708667 -63.06262511 0.23137255 0.19215686 0.15686275
v -134.32089794 -0.22708667 -63.06262511 0.23137255 0.19215686 0.15686275
v -134.96284691 0.05063573 -62.02392987 0.23137255 0.19215686 0.15686275
v -134.96284691 0.94936427 -62.02392987 0.23137255 0.19215686 0.15686275
v -133.92415166 0.50000000 -63.70457407 0.23137255 0.19215686 0.15686275
v -137.68218636 1.22708667 -64.34652304 0.23137255 0.19215686 0.15686275
v -137.68218636 -0.22708667 -64.34652304 0.23137255 0.19215686 0.15686275
v -137.04023739 0.05063573 -65.38521828 0.23137255 0.19215686 0.15686275
v -137.04023739 0.94936427 -65.38521828 0.23137255 0.19215686 0.15686275
v -137.68218636 1.22708667 -63.06262511 0.23137255 0.19215686 0.15686275
v -137.68218636 -0.22708667 -63.06262511 0.23137255 0.19215686 0.15686275
v -137.04023739 0.05063573 -62.02392987 0.23137255 0.19215686 0.15686275
v -137.04023739 0.94936427 -62.02392987 0.23137255 0.19215686 0.15686275
v -138.07893263 0.50000000 -63.70457407 0.23137255 0.19215686 0.15686275
v 159.57063828 1.71571632 -78.19156185 0.23137255 0.19215686 0.15686275
v 161.71736401 1.71571632 -78.19156185 0.23137255 0.19215686 0.15686275
v 159.57063828 -0.71571632 -78.19156185 0.23137255 0.19215686 0.15686275
v 161.71736401 -0.71571632 -78.19156185 0.23137255 0.19215686 0.15686275
v 160.64400114 -0.25135401 -76.45482425 0.23137255 0.19215686 0.15686275
v 160.64400114 1.25135401 -76.45482425 0.23137255 0.19215686 0.15686275
v 160.64400114 -0.25135401 -79.92829945 0.23137255 0.19215686 0.15686275
v 160.64400114 1.25135401 -79.92829945 0.23137255 0.19215686 0.15686275
v 162.38073874 0.50000000 -79.26492472 0.23137255 0.19215686 0.15686275
v 162.38073874 0.50000000 -77.11819899 0.23137255 0.19215686 0.15686275
v 158.90726354 0.50000000 -79.26492472 0.23137255 0.19215686 0.15686275
v 158.90726354 0.50000000 -77.11819899 0.23137255 0.19215686 0.15686275
v 160.64400114 1.92916025 -78.19156185 0.23137255 0.19215686 0.15686275
v 160.64400114 -0.92916025 -78.19156185 0.23137255 0.19215686 0.15686275
v 160.01309428 -0.65621493 -77.17073311 0.23137255 0.19215686 0.15686275
v 161.27490801 -0.65621493 -77.17073311 0.23137255 0.19215686 0.15686275
v 160.01309428 1.65621493 -77.17073311 0.23137255 0.19215686 0.15686275
v 161.27490801 1.65621493 -77.17073311 0.23137255 0.19215686 0.15686275
v 160.64400114 0.50000000 -76.14990436 0.23137255 0.19215686 0.15686275
v 160.01309428 -0.65621493 -79.21239060 0.23137255 0.19215686 0.15686275
v 161.27490801 -0.65621493 -79.21239060 0.23137255 0.19215686 0.15686275
v 160.01309428 1.65621493 -79.21239060 0.23137255 0.19215686 0.15686275
v 161.27490801 1.65621493 -79.21239060 0.23137255 0.19215686 0.15686275
v 160.64400114 0.50000000 -80.23321935 0.23137255 0.19215686 0.15686275
v 162.29573675 1.21458012 -78.82246872 0.23137255 0.19215686 0.15686275
v 162.29573675 -0.21458012 -78.82246872 0.23137255 0.19215686 0.15686275
v 161.66482989 0.05836520 -79.84329746 0.23137255 0.19215686 0.15686275
v 161.66482989 0.94163480 -79.84329746 0.23137255 0.19215686 0.15686275
v 162.29573675 1.21458012 -77.56065499 0.23137255 0.19215686 0.15686275
v 162.29573675 -0.21458012 -77.56065499 0.23137255 0.19215686 0.15686275
v 161.66482989 0.05836520 -76.53982624 0.23137255 0.19215686 0.15686275
v 161.66482989 0.94163480 -76.53982624 0.23137255 0.19215686 0.15686275
v 162.68565864 0.50000000 -78.19156185 0.23137255 0.19215686 0.15686275
v 158.99226553 1.21458012 -78.82246872 0.23137255 0.19215686 0.15686275
v 158.99226553 -0.21458012 -78.82246872 0.23137255 0.19215686 0.15686275
v 159.62317240 0.05836520 -79.84329746 0.23137255 0.19215686 0.15686275
v 159.62317240 0.94163480 -79.84329746 0.23137255 0.19215686 0.15686275
v 158.99226553 1.21458012 -77.56065499 0.23137255 0.19215686 0.15686275
v 158.99226553 -0.21458012 -77.56065499 0.23137255 0.19215686 0.15686275
v 159.62317240 0.05836520 -76.53982624 0.23137255 0.19215686 0.15686275
v 159.62317240 0.94163480 -76.53982624 0.23137255 0.19215686 0.15686275
v 158.60234365 0.50000000 -78.19156185 0.23137255 0.19215686 0.15686275
v 136.28889223 2.41086623 -123.10295195 0.23137255 0.19215686 0.15686275
v 139.66312159 2.41086623 -123.10295195 0.23137255 0.19215686 0.15686275
v 136.28889223 -1.41086623 -123.10295195 0.23137255 0.19215686 0.15686275
v 139.66312159 -1.41086623 -123.10295195 0.23137255 0.19215686 0.15686275
v 137.97600691 -0.68098028 -120.37314306 0.23137255 0.19215686 0.15686275
v 137.97600691 1.68098028 -120.37314306 0.23137255 0.19215686 0.15686275
v 137.97600691 -0.68098028 -125.83276085 0.23137255 0.19215686 0.15686275
v 137.97600691 1.68098028 -125.83276085 0.23137255 0.19215686 0.15686275
v 140.70581581 0.50000000 -124.79006663 0.23137255 0.19215686 0.15686275
v 140.70581581 0.50000000 -121.41583727 0.23137255 0.19215686 0.15686275
v 135.24619801 0.50000000 -124.79006663 0.23137255 0.19215686 0.15686275
v 135.24619801 0.50000000 -121.41583727 0.23137255 0.19215686 0.15686275
v 137.97600691 2.74635798 -123.10295195 0.23137255 0.19215686 0.15686275
v 137.97600691 -1.74635798 -123.10295195 0.23137255 0.19215686 0.15686275
v 136.98434578 -1.31734178 -121.49841054 0.23137255 0.19215686 0.15686275
v 138.96766804 -1.31734178 -121.49841054 0.23137255 0.19215686 0.15686275
v 136.98434578 2.31734178 -121.49841054 0.23137255 0.19215686 0.15686275
v 138.96766804 2.31734178 -121.49841054 0.23137255 0.19215686 0.15686275
v 137.97600691 0.50000000 -119.89386913 0.23137255 0.19215686 0.15686275
v 136.98434578 -1.31734178 -124.70749336 0.23137255 0.19215686 0.15686275
v 138.96766804 -1.31734178 -124.70749336 0.23137255 0.19215686 0.15686275
v 136.98434578 2.31734178 -124.70749336 0.23137255 0.19215686 0.15686275
v 138.96766804 2.31734178 -124.70749336 0.23137255 0.19215686 0.15686275
v 137.97600691 0.50000000 -126.31203478 0.23137255 0.19215686 0.15686275
v 140.57220945 1.62317899 -124.09461308 0.23137255 0.19215686 0.15686275
v 140.57220945 -0.62317899 -124.09461308 0.23137255 0.19215686 0.15686275
v 139.58054832 -0.19416279 -125.69915449 0.23137255 0.19215686 0.15686275
v 139.58054832 1.19416279 -125.69915449 0.23137255 0.19215686 0.15686275
v 140.57220945 1.62317899 -122.11129082 0.23137255 0.19215686 0.15686275
v 140.57220945 -0.62317899 -122.11129082 0.23137255 0.19215686 0.15686275
v 139.58054832 -0.19416279 -120.50674941 0.23137255 0.19215686 0.15686275
v 139.58054832 1.19416279 -120.50674941 0.23137255 0.19215686 0.15686275
v 141.18508973 0.50000000 -123.10295195 0.23137255 0.19215686 0.15686275
v 135.37980437 1.62317899 -124.09461308 0.23137255 0.19215686 0.15686275
v 135.37980437 -0.62317899 -124.09461308 0.23137255 0.19215686 0.15686275
v 136.37146550 -0.19416279 -125.69915449 0.23137255 0.19215686 0.15686275
v 136.37146550 1.19416279 -125.69915449 0.23137255 0.19215686 0.15686275
v 135.37980437 1.62317899 -122.11129082 0.23137255 0.19215686 0.15686275
v 135.37980437 -0.62317899 -122.11129082 0.23137255 0.19215686 0.15686275
v 136.37146550 -0.19416279 -120.50674941 0.23137255 0.19215686 0.15686275
v 136.37146550 1.19416279 -120.50674941 0.23137255 0.19215686 0.15686275
v 134.76692408 0.50000000 -123.10295195 0.23137255 0.19215686 0.15686275
v -121.46423244 1.82099890 118.36666751 0.23137255 0.19215686 0.15686275
v -119.13159752 1.82099890 118.36666751 0.23137255 0.19215686 0.15686275
v -121.46423244 -0.82099890 118.36666751 0.23137255 0.19215686 0.15686275
v -119.13159752 -0.82099890 118.36666751 0.23137255 0.19215686 0.15686275
v -120.29791498 -0.31642222 120.25380880 0.23137255 0.19215686 0.15686275
v -120.29791498 1.31642222 120.25380880 0.23137255 0.19215686 0.15686275
v -120.29791498 -0.31642222 116.47952622 0.23137255 0.19215686 0.15686275
v -120.29791498 1.31642222 116.47952622 0.23137255 0.19215686 0.15686275
v -118.41077369 0.50000000 117.20035005 0.23137255 0.19215686 0.15686275
v -118.41077369 0.50000000 119.53298497 0.23137255 0.19215686 0.15686275
v -122.18505627 0.50000000 117.20035005 0.23137255 0.19215686 0.15686275
v -122.18505627 0.50000000 119.53298497 0.23137255 0.19215686 0.15686275
v -120.29791498 2.05292735 118.36666751 0.23137255 0.19215686 0.15686275
v -120.29791498 -1.05292735 118.36666751 0.23137255 0.19215686 0.15686275
v -120.98345918 -0.75634461 119.47590133 0.23137255 0.19215686 0.15686275
v -119.61237078 -0.75634461 119.47590133 0.23137255 0.19215686 0.15686275
v -120.98345918 1.75634461 119.47590133 0.23137255 0.19215686 0.15686275
v -119.61237078 1.75634461 119.47590133 0.23137255 0.19215686 0.15686275
v -120.29791498 0.50000000 120.58513515 0.23137255 0.19215686 0.15686275
v -120.98345918 -0.75634461 117.25743369 0.23137255 0.19215686 0.15686275
v -119.61237078 -0.75634461 117.25743369 0.23137255 0.19215686 0.15686275
v -120.98345918 1.75634461 117.25743369 0.23137255 0.19215686 0.15686275
v -119.61237078 1.75634461 117.25743369 0.23137255 0.19215686 0.15686275
v -120.29791498 0.50000000 116.14819987 0.23137255 0.19215686 0.15686275
v -118.50313696 1.27646367 117.68112331 0.23137255 0.19215686 0.15686275
v -118.50313696 -0.27646367 117.68112331 0.23137255 0.19215686 0.15686275
v -119.18868116 0.02011906 116.57188949 0.23137255 0.19215686 0.15686275
v -119.18868116 0.97988094 116.57188949 0.23137255 0.19215686 0.15686275
v -118.50313696 1.27646367 119.05221171 0.23137255 0.19215686 0.15686275
v -118.50313696 -0.27646367 119.05221171 0.23137255 0.19215686 0.15686275
v -119.18868116 0.02011906 120.16144553 0.23137255 0.19215686 0.15686275
v -119.18868116 0.97988094 120.16144553 0.23137255 0.19215686 0.15686275
v -118.07944734 0.50000000 118.36666751 0.23137255 0.19215686 0.15686275
v -122.09269300 1.27646367 117.68112331 0.23137255 0.19215686 0.15686275
v -122.09269300 -0.27646367 117.68112331 0.23137255 0.19215686 0.15686275
v -121.40714880 0.02011906 116.57188949 0.23137255 0.19215686 0.15686275
v -121.40714880 0.97988094 116.57188949 0.23137255 0.19215686 0.15686275
v -122.09269300 1.27646367 119.05221171 0.23137255 0.19215686 0.15686275
v -122.09269300 -0.27646367 119.05221171 0.23137255 0.19215686 0.15686275
v -121.40714880 0.02011906 120.16144553 0.23137255 0.19215686 0.15686275
v -121.40714880 0.97988094 120.16144553 0.23137255 0.19215686 0.15686275
v -122.51638262 0.50000000 118.36666751 0.23137255 0.19215686 0.15686275
f 2 1 5
f 2 5 3
f 3 5 6
f 3 6 4
f 5 1 7
f 5 7 6
f 6 7 8
f 6 8 4
f 7 1 9
f 7 9 8
f 8 9 10
f 8 10 4
f 9 1 11
f 9 11 10
f 10 11 12
f 10 12 4
f 11 1 13
f 11 13 12
f 12 13 14
f 12 14 4
f 13 1 15
f 13 15 14
f 14 15 16
f 14 16 4
f 15 1 17
f 15 17 16
f 16 17 18
f 16 18 4
f 17 1 19
f 17 19 18
f 18 19 20
f 18 20 4
f 19 1 21
f 19 21 20
f 20 21 22
f 20 22 4
f 21 1 23
f 21 23 22
f 22 23 24
f 22 24 4
f 23 1 25
f 23 25 24
f 24 25 26
f 24 26 4
f 25 1 27
f 25 27 26
f 26 27 28
f 26 28 4
f 27 1 29
f 27 29 28
f 28 29 30
f 28 30 4
f 29 1 31
f 29 31 30
f 30 31 32
f 30 32 4
f 31 1 33
f 31 33 32
f 32 33 34
f 32 34 4
f 33 1 35
f 33 35 34
f 34 35 36
f 34 36 4
f 35 1 37
f 35 37 36
f 36 37 38
f 36 38 4
f 37 1 39
f 37 39 38
f 38 39 40
f 38 40 4
f 39 1 41
f 39 41 40
f 40 41 42
f 40 42 4
f 41 1 43
f 41 43 42
f 42 43 44
f 42 44 4
f 43 1 45
f 43 45 44
f 44 45 46
f 44 46 4
f 45 1 47
f 45 47 46
f 46 47 48
f 46 48 4
f 47 1 49
f 47 49 48
f 48 49 50
f 48 50 4
f 49 1 51
f 49 51 50
f 50 51 52
f 50 52 4
f 51 1 53
f 51 53 52
f 52 53 54
f 52 54 4
f 53 1 55
f 53 55 54
f 54 55 56
f 54 56 4
f 55 1 57
f 55 57 56
f 56 57 58
f 56 58 4
f 57 1 59
f 57 59 58
f 58 59 60
f 58 60 4
f 59 1 61
f 59 61 60
f 60 61 62
f 60 62 4
f 61 1 63
f 61 63 62
f 62 63 64
f 62 64 4
f 63 1 65
f 63 65 64
f 64 65 66
f 64 66 4
f 65 1 67
f 65 67 66
f 66 67 68
f 66 68 4
f 67 1 69
f 67 69 68
f 68 69 70
f 68 70 4
f 69 1 71
f 69 71 70
f 70 71 72
f 70 72 4
f 71 1 73
f 71 73 72
f 72 73 74
f 72 74 4
f 73 1 75
f 73 75 74
f 74 75 76
f 74 76 4
f 75 1 77
f 75 77 76
f 76 77 78
f 76 78 4
f 77 1 79
f 77 79 78
f 78 79 80
f 78 80 4
f 79 1 81
f 79 81 80
f 80 81 82
f 80 82 4
f 81 1 83
f 81 83 82
f 82 83 84
f 82 84 4
f 83 1 85
f 83 85 84
f 84 85 86
f 84 86 4
f 85 1 87
f 85 87 86
f 86 87 88
f 86 88 4
f 87 1 89
f 87 89 88
f 88 89 90
f 88 90 4
f 89 1 91
f 89 91 90
f 90 91 92
f 90 92 4
f 91 1 93
f 91 93 92
f 92 93 94
f 92 94 4
f 93 1 95
f 93 95 94
f 94 95 96
f 94 96 4
f 95 1 97
f 95 97 96
f 96 97 98
f 96 98 4
f 97 1 99
f 97 99 98
f 98 99 100
f 98 100 4
f 99 1 101
f 99 101 100
f 100 101 102
f 100 102 4
f 101 1 103
f 101 103 102
f 102 103 104
f 102 104 4
f 103 1 105
f 103 105 104
f 104 105 106
f 104 106 4
f 105 1 107
f 105 107 106
f 106 107 108
f 106 108 4
f 107 1 109
f 107 109 108
f 108 109 110
f 108 110 4
f 109 1 111
f 109 111 110
f 110 111 112
f 110 112 4
f 111 1 113
f 111 113 112
f 112 113 114
f 112 114 4
f 113 1 115
f 113 115 114
f 114 115 116
f 114 116 4
f 115 1 117
f 115 117 116
f 116 117 118
f 116 118 4
f 117 1 119
f 117 119 118
f 118 119 120
f 118 120 4
f 119 1 121
f 119 121 120
f 120 121 122
f 120 122 4
f 121 1 123
f 121 123 122
f 122 123 124
f 122 124 4
f 123 1 125
f 123 125 124
f 124 125 126
f 124 126 4
f 125 1 127
f 125 127 126
f 126 127 128
f 126 128 4
f 127 1 129
f 127 129 128
f 128 129 130
f 128 130 4
f 129 1 2
f 129 2 130
f 130 2 3
f 130 3 4
f 132 131 135
f 132 135 133
f 133 135 136
f 133 136 134
f 135 131 137
f 135 137 136
f 136 137 138
f 136 138 134
f 137 131 139
f 137 139 138
f 138 139 140
f 138 140 134
f 139 131 141
f 139 141 140
f 140 141 142
f 140 142 134
f 141 131 143
f 141 143 142
f 142 143 144
f 142 144 134
f 143 131 145
f 143 145 144
f 144 145 146
f 144 146 134
f 145 131 147
f 145 147 146
f 146 147 148
f 146 148 134
f 147 131 149
f 147 149 148
f 148 149 150
f 148 150 134
f 149 131 151
f 149 151 150
f 150 151 152
f 150 152 134
f 151 131 153
f 151 153 152
f 152 153 154
f 152 154 134
f 153 131 155
f 153 155 154
f 154 155 156
f 154 156 134
f 155 131 157
f 155 157 156
f 156 157 158
f 156 158 134
f 157 131 159
f 157 159 158
f 158 159 160
f 158 160 134
f 159 131 161
f 159 161 160
f 160 161 162
f 160 162 134
f 161 131 163
f 161 163 162
f 162 163 164
f 162 164 134
f 163 131 165
f 163 165 164
f 164 165 166
f 164 166 134
f 165 131 167
f 165 167 166
f 166 167 168
f 166 168 134
f 167 131 169
f 167 169 168
f 168 169 170
f 168 170 134
f 169 131 171
f 169 171 170
f 170 171 172
f 170 172 134
f 171 131 173
f 171 173 172
f 172 173 174
f 172 174 134
f 173 131 175
f 173 175 174
f 174 175 176
f 174 176 134
f 175 131 177
f 175 177 176
f 176 177 178
f 176 178 134
f 177 131 179
f 177 179 178
f 178 179 180
f 178 180 134
f 179 131 181
f 179 181 180
f 180 181 182
f 180 182 134
f 181 131 183
f 181 183 182
f 182 183 184
f 182 184 134
f 183 131 185
f 183 185 184
f 184 185 186
f 184 186 134
f 185 131 187
f 185 187 186
f 186 187 188
f 186 188 134
f 187 131 189
f 187 189 188
f 188 189 190
f 188 190 134
f 189 131 191
f 189 191 190
f 190 191 192
f 190 192 134
f 191 131 193
f 191 193 192
f 192 193 194
f 192 194 134
f 193 131 195
f 193 195 194
f 194 195 196
f 194 196 134
f 195 131 197
f 195 197 196
f 196 197 198
f 196 198 134
f 197 131 199
f 197 199 198
f 198 199 200
f 198 200 134
f 199 131 201
f 199 201 200
f 200 201 202
f 200 202 134
f 201 131 203
f 201 203 202
f 202 203 204
f 202 204 134
f 203 131 205
f 203 205 204
f 204 205 206
f 204 206 134
f 205 131 207
f 205 207 206
f 206 207 208
f 206 208 134
f 207 131 209
f 207 209 208
f 208 209 210
f 208 210 134
f 209 131 211
f 209 211 210
f 210 211 212
f 210 212 134
f 211 131 213
f 211 213 212
f 212 213 214
f 212 214 134
f 213 131 215
f 213 215 214
f 214 215 216
f 214 216 134
f 215 131 217
f 215 217 216
f 216 217 218
f 216 218 134
f 217 131 219
f 217 219 218
f 218 219 220
f 218 220 134
f 219 131 221
f 219 221 220
f 220 221 222
f 220 222 134
f 221 131 223
f 221 223 222
f 222 223 224
f 222 224 134
f 223 131 225
f 223 225 224
f 224 225 226
f 224 226 134
f 225 131 227
f 225 227 226
f 226 227 228
f 226 228 134
f 227 131 132
f 227 132 228
f 228 132 133
f 228 133 134
f 230 229 233
f 230 233 231
f 231 233 234
f 231 234 232
f 233 229 235
f 233 235 234
f 234 235 236
f 234 236 232
f 235 229 237
f 235 237 236
f 236 237 238
f 236 238 232
f 237 229 239
f 237 239 238
f 238 239 240
f 238 240 232
f 239 229 241
f 239 241 240
f 240 241 242
f 240 242 232
f 241 229 243
f 241 243 242
f 242 243 244
f 242 244 232
f 243 229 245
f 243 245 244
f 244 245 246
f 244 246 232
f 245 229 247
f 245 247 246
f 246 247 248
f 246 248 232
f 247 229 249
f 247 249 248
f 248 249 250
f 248 250 232
f 249 229 251
f 249 251 250
f 250 251 252
f 250 252 232
f 251 229 253
f 251 253 252
f 252 253 254
f 252 254 232
f 253 229 255
f 253 255 254
f 254 255 256
f 254 256 232
f 255 229 257
f 255 257 256
f 256 257 258
f 256 258 232
f 257 229 259
f 257 259 258
f 258 259 260
f 258 260 232
f 259 229 261
f 259 261 260
f 260 261 262
f 260 262 232
f 261 229 263
f 261 263 262
f 262 263 264
f 262 264 232
f 263 229 265
f 263 265 264
f 264 265 266
f 264 266 232
f 265 229 267
f 265 267 266
f 266 267 268
f 266 268 232
f 267 229 269
f 267 269 268
f 268 269 270
f 268 270 232
f 269 229 271
f 269 271 270
f 270 271 272
f 270 272 232
f 271 229 273
f 271 273 272
f 272 273 274
f 272 274 232
f 273 229 275
f 273 275 274
f 274 275 276
f 274 276 232
f 275 229 277
f 275 277 276
f 276 277 278
f 276 278 232
f 277 229 279
f 277 279 278
f 278 279 280
f 278 280 232
f 279 229 281
f 279 281 280
f 280 281 282
f 280 282 232
f 281 229 283
f 281 283 282
f 282 283 284
f 282 284 232
f 283 229 285
f 283 285 284
f 284 285 286
f 284 286 232
f 285 229 287
f 285 287 286
f 286 287 288
f 286 288 232
f 287 229 289
f 287 289 288
f 288 289 290
f 288 290 232
f 289 229 291
f 289 291 290
f 290 291 292
f 290 292 232
f 291 229 293
f 291 293 292
f 292 293 294
f 292 294 232
f 293 229 295
f 293 295 294
f 294 295 296
f 294 296 232
f 295 229 297
f 295 297 296
f 296 297 298
f 296 298 232
f 297 229 299
f 297 299 298
f 298 299 300
f 298 300 232
f 299 229 301
f 299 301 300
f 300 301 302
f 300 302 232
f 301 229 303
f 301 303 302
f 302 303 304
f 302 304 232
f 303 229 305
f 303 305 304
f 304 305 306
f 304 306 232
f 305 229 307
f 305 307 306
f 306 307 308
f 306 308 232
f 307 229 309
f 307 309 308
f 308 309 310
f 308 310 232
f 309 229 311
f 309 311 310
f 310 311 312
f 310 312 232
f 311 229 313
f 311 313 312
f 312 313 314
f 312 314 232
f 313 229 315
f 313 315 314
f 314 315 316
f 314 316 232
f 315 229 317
f 315 317 316
f 316 317 318
f 316 318 232
f 317 229 319
f 317 319 318
f 318 319 320
f 318 320 232
f 319 229 321
f 319 321 320
f 320 321 322
f 320 322 232
f 321 229 323
f 321 323 322
f 322 323 324
f 322 324 232
f 323 229 325
f 323 325 324
f 324 325 326
f 324 326 232
f 325 229 327
f 325 327 326
f 326 327 328
f 326 328 232
f 327 229 329
f 327 329 328
f 328 329 330
f 328 330 232
f 329 229 331
f 329 331 330
f 330 331 332
f 330 332 232
f 331 229 333
f 331 333 332
f 332 333 334
f 332 334 232
f 333 229 335
f 333 335 334
f 334 335 336
f 334 336 232
f 335 229 337
f 335 337 336
f 336 337 338
f 336 338 232
f 337 229 339
f 337 339 338
f 338 339 340
f 338 340 232
f 339 229 341
f 339 341 340
f 340 341 342
f 340 342 232
f 341 229 343
f 341 343 342
f 342 343 344
f 342 344 232
f 343 229 345
f 343 345 344
f 344 345 346
f 344 346 232
f 345 229 347
f 345 347 346
f 346 347 348
f 346 348 232
f 347 229 349
f 347 349 348
f 348 349 350
f 348 350 232
f 349 229 351
f 349 351 350
f 350 351 352
f 350 352 232
f 351 229 353
f 351 353 352
f 352 353 354
f 352 354 232
f 353 229 355
f 353 355 354
f 354 355 356
f 354 356 232
f 355 229 357
f 355 357 356
f 356 357 358
f 356 358 232
f 357 229 230
f 357 230 358
f 358 230 231
f 358 231 232
f 360 359 363
f 360 363 361
f 361 363 364
f 361 364 362
f 363 359 365
f 363 365 364
f 364 365 366
f 364 366 362
f 365 359 367
f 365 367 366
f 366 367 368
f 366 368 362
f 367 359 369
f 367 369 368
f 368 369 370
f 368 370 362
f 369 359 371
f 369 371 370
f 370 371 372
f 370 372 362
f 371 359 373
f 371 373 372
f 372 373 374
f 372 374 362
f 373 359 375
f 373 375 374
f 374 375 376
f 374 376 362
f 375 359 377
f 375 377 376
f 376 377 378
f 376 378 362
f 377 359 379
f 377 379 378
f 378 379 380
f 378 380 362
f 379 359 381
f 379 381 380
f 380 381 382
f 380 382 362
f 381 359 383
f 381 383 382
f 382 383 384
f 382 384 362
f 383 359 385
f 383 385 384
f 384 385 386
f 384 386 362
f 385 359 387
f 385 387 386
f 386 387 388
f 386 388 362
f 387 359 389
f 387 389 388
f 388 389 390
f 388 390 362
f 389 359 391
f 389 391 390
f 390 391 392
f 390 392 362
f 391 359 393
f 391 393 392
f 392 393 394
f 392 394 362
f 393 359 395
f 393 395 394
f 394 395 396
f 394 396 362
f 395 359 397
f 395 397 396
f 396 397 398
f 396 398 362
f 397 359 399
f 397 399 398
f 398 399 400
f 398 400 362
f 399 359 401
f 399 401 400
f 400 401 402
f 400 402 362
f 401 359 403
f 401 403 402
f 402 403 404
f 402 404 362
f 403 359 405
f 403 405 404
f 404 405 406
f 404 406 362
f 405 359 407
f 405 407 406
f 406 407 408
f 406 408 362
f 407 359 409
f 407 409 408
f 408 409 410
f 408 410 362
f 409 359 411
f 409 411 410
f 410 411 412
f 410 412 362
f 411 359 413
f 411 413 412
f 412 413 414
f 412 414 362
f 413 359 415
f 413 415 414
f 414 415 416
f 414 416 362
f 415 359 417
f 415 417 416
f 416 417 418
f 416 418 362
f 417 359 419
f 417 419 418
f 418 419 420
f 418 420 362
f 419 359 421
f 419 421 420
f 420 421 422
f 420 422 362
f 421 359 423
f 421 423 422
f 422 423 424
f 422 424 362
f 423 359 425
f 423 425 424
f 424 425 426
f 424 426 362
f 425 359 427
f 425 427 426
f 426 427 428
f 426 428 362
f 427 359 429
f 427 429 428
f 428 429 430
f 428 430 362
f 429 359 431
f 429 431 430
f 430 431 432
f 430 432 362
f 431 359 433
f 431 433 432
f 432 433 434
f 432 434 362
f 433 359 435
f 433 435 434
f 434 435 436
f 434 436 362
f 435 359 437
f 435 437 436
f 436 437 438
f 436 438 362
f 437 359 439
f 437 439 438
f 438 439 440
f 438 440 362
f 439 359 441
f 439 441 440
f 440 441 442
f 440 442 362
f 441 359 443
f 441 443 442
f 442 443 444
f 442 444 362
f 443 359 445
f 443 445 444
f 444 445 446
f 444 446 362
f 445 359 447
f 445 447 446
f 446 447 448
f 446 448 362
f 447 359 449
f 447 449 448
f 448 449 450
f 448 450 362
f 449 359 451
f 449 451 450
f 450 451 452
f 450 452 362
f 451 359 453
f 451 453 452
f 452 453 454
f 452 454 362
f 453 359 455
f 453 455 454
f 454 455 456
f 454 456 362
f 455 359 360
f 455 360 456
f 456 360 361
f 456 361 362
f 458 457 461
f 458 461 459
f 459 461 462
f 459 462 460
f 461 457 463
f 461 463 462
f 462 463 464
f 462 464 460
f 463 457 465
f 463 465 464
f 464 465 466
f 464 466 460
f 465 457 467
f 465 467 466
f 466 467 468
f 466 468 460
f 467 457 469
f 467 469 468
f 468 469 470
f 468 470 460
f 469 457 471
f 469 471 470
f 470 471 472
f 470 472 460
f 471 457 473
f 471 473 472
f 472 473 474
f 472 474 460
f 473 457 475
f 473 475 474
f 474 475 476
f 474 476 460
f 475 457 477
f 475 477 476
f 476 477 478
f 476 478 460
f 477 457 479
f 477 479 478
f 478 479 480
f 478 480 460
f 479 457 481
f 479 481 480
f 480 481 482
f 480 482 460
f 481 457 483
f 481 483 482
f 482 483 484
f 482 484 460
f 483 457 485
f 483 485 484
f 484 485 486
f 484 486 460
f 485 457 487
f 485 487 486
f 486 487 488
f 486 488 460
f 487 457 489
f 487 489 488
f 488 489 490
f 488 490 460
f 489 457 491
f 489 491 490
f 490 491 492
f 490 492 460
f 491 457 493
f 491 493 492
f 492 493 494
f 492 494 460
f 493 457 495
f 493 495 494
f 494 495 496
f 494 496 460
f 495 457 497
f 495 497 496
f 496 497 498
f 496 498 460
f 497 457 499
f 497 499 498
f 498 499 500
f 498 500 460
f 499 457 501
f 499 501 500
f 500 501 502
f 500 502 460
f 501 457 503
f 501 503 502
f 502 503 504
f 502 504 460
f 503 457 505
f 503 505 504
f 504 505 506
f 504 506 460
f 505 457 507
f 505 507 506
f 506 507 508
f 506 508 460
f 507 457 509
f 507 509 508
f 508 509 510
f 508 510 460
f 509 457 511
f 509 511 510
f 510 511 512
f 510 512 460
f 511 457 513
f 511 513 512
f 512 513 514
f 512 514 460
f 513 457 515
f 513 515 514
f 514 515 516
f 514 516 460
f 515 457 517
f 515 517 516
f 516 517 518
f 516 518 460
f 517 457 519
f 517 519 518
f 518 519 520
f 518 520 460
f 519 457 521
f 519 521 520
f 520 521 522
f 520 522 460
f 521 457 523
f 521 523 522
f 522 523 524
f 522 524 460
f 523 457 525
f 523 525 524
f 524 525 526
f 524 526 460
f 525 457 527
f 525 527 526
f 526 527 528
f 526 528 460
f 527 457 529
f 527 529 528
f 528 529 530
f 528 530 460
f 529 457 531
f 529 531 530
f 530 531 532
f 530 532 460
f 531 457 533
f 531 533 532
f 532 533 534
f 532 534 460
f 533 457 535
f 533 535 534
f 534 535 536
f 534 536 460
f 535 457 537
f 535 537 536
f 536 537 538
f 536 538 460
f 537 457 539
f 537 539 538
f 538 539 540
f 538 540 460
f 539 457 541
f 539 541 540
f 540 541 542
f 540 542 460
f 541 457 543
f 541 543 542
f 542 543 544
f 542 544 460
f 543 457 545
f 543 545 544
f 544 545 546
f 544 546 460
f 545 457 547
f 545 547 546
f 546 547 548
f 546 548 460
f 547 457 549
f 547 549 548
f 548 549 550
f 548 550 460
f 549 457 551
f 549 551 550
f 550 551 552
f 550 552 460
f 551 457 553
f 551 553 552
f 552 553 554
f 552 554 460
f 553 457 555
f 553 555 554
f 554 555 556
f 554 556 460
f 555 457 557
f 555 557 556
f 556 557 558
f 556 558 460
f 557 457 559
f 557 559 558
f 558 559 560
f 558 560 460
f 559 457 561
f 559 561 560
f 560 561 562
f 560 562 460
f 561 457 563
f 561 563 562
f 562 563 564
f 562 564 460
f 563 457 565
f 563 565 564
f 564 565 566
f 564 566 460
f 565 457 567
f 565 567 566
f 566 567 568
f 566 568 460
f 567 457 569
f 567 569 568
f 568 569 570
f 568 570 460
f 569 457 571
f 569 571 570
f 570 571 572
f 570 572 460
f 571 457 573
f 571 573 572
f 572 573 574
f 572 574 460
f 573 457 575
f 573 575 574
f 574 575 576
f 574 576 460
f 575 457 577
f 575 577 576
f 576 577 578
f 576 578 460
f 577 457 579
f 577 579 578
f 578 579 580
f 578 580 460
f 579 457 581
f 579 581 580
f 580 581 582
f 580 582 460
f 581 457 583
f 581 583 582
f 582 583 584
f 582 584 460
f 583 457 585
f 583 585 584
f 584 585 586
f 584 586 460
f 585 457 458
f 585 458 586
f 586 458 459
f 586 459 460
f 588 587 591
f 588 591 589
f 589 591 592
f 589 592 590
f 591 587 593
f 591 593 592
f 592 593 594
f 592 594 590
f 593 587 595
f 593 595 594
f 594 595 596
f 594 596 590
f 595 587 597
f 595 597 596
f 596 597 598
f 596 598 590
f 597 587 599
f 597 599 598
f 598 599 600
f 598 600 590
f 599 587 601
f 599 601 600
f 600 601 602
f 600 602 590
f 601 587 603
f 601 603 602
f 602 603 604
f 602 604 590
f 603 587 605
f 603 605 604
f 604 605 606
f 604 606 590
f 605 587 607
f 605 607 606
f 606 607 608
f 606 608 590
f 607 587 609
f 607 609 608
f 608 609 610
f 608 610 590
f 609 587 611
f 609 611 610
f 610 611 612
f 610 612 590
f 611 587 613
f 611 613 612
f 612 613 614
f 612 614 590
f 613 587 615
f 613 615 614
f 614 615 616
f 614 616 590
f 615 587 617
f 615 617 616
f 616 617 618
f 616 618 590
f 617 587 619
f 617 619 618
f 618 619 620
f 618 620 590
f 619 587 621
f 619 621 620
f 620 621 622
f 620 622 590
f 621 587 623
f 621 623 622
f 622 623 624
f 622 624 590
f 623 587 625
f 623 625 624
f 624 625 626
f 624 626 590
f 625 587 627
f 625 627 626
f 626 627 628
f 626 628 590
f 627 587 629
f 627 629 628
f 628 629 630
f 628 630 590
f 629 587 631
f 629 631 630
f 630 631 632
f 630 632 590
f 631 587 633
f 631 633 632
f 632 633 634
f 632 634 590
f 633 587 635
f 633 635 634
f 634 635 636
f 634 636 590
f 635 587 637
f 635 637 636
f 636 637 638
f 636 638 590
f 637 587 639
f 637 639 638
f 638 639 640
f 638 640 590
f 639 587 641
f 639 641 640
f 640 641 642
f 640 642 590
f 641 587 643
f 641 643 642
f 642 643 644
f 642 644 590
f 643 587 645
f 643 645 644
f 644 645 646
f 644 646 590
f 645 587 647
f 645 647 646
f 646 647 648
f 646 648 590
f 647 587 649
f 647 649 648
f 648 649 650
f 648 650 590
f 649 587 651
f 649 651 650
f 650 651 652
f 650 652 590
f 651 587 653
f 651 653 652
f 652 653 654
f 652 654 590
f 653 587 655
f 653 655 654
f 654 655 656
f 654 656 590
f 655 587 657
f 655 657 656
f 656 657 658
f 656 658 590
f 657 587 659
f 657 659 658
f 658 659 660
f 658 660 590
f 659 587 661
f 659 661 660
f 660 661 662
f 660 662 590
f 661 587 663
f 661 663 662
f 662 663 664
f 662 664 590
f 663 587 665
f 663 665 664
f 664 665 666
f 664 666 590
f 665 587 667
f 665 667 666
f 666 667 668
f 666 668 590
f 667 587 669
f 667 669 668
f 668 669 670
f 668 670 590
f 669 587 671
f 669 671 670
f 670 671 672
f 670 672 590
f 671 587 673
f 671 673 672
f 672 673 674
f 672 674 590
f 673 587 675
f 673 675 674
f 674 675 676
f 674 676 590
f 675 587 677
f 675 677 676
f 676 677 678
f 676 678 590
f 677 587 679
f 677 679 678
f 678 679 680
f 678 680 590
f 679 587 681
f 679 681 680
f 680 681 682
f 680 682 590
f 681 587 683
f 681 683 682
f 682 683 684
f 682 684 590
f 683 587 588
f 683 588 684
f 684 588 589
f 684 589 590
f 686 685 689
f 686 689 687
f 687 689 690
f 687 690 688
f 689 685 691
f 689 691 690
f 690 691 692
f 690 692 688
f 691 685 693
f 691 693 692
f 692 693 694
f 692 694 688
f 693 685 695
f 693 695 694
f 694 695 696
f 694 696 688
f 695 685 697
f 695 697 696
f 696 697 698
f 696 698 688
f 697 685 699
f 697 699 698
f 698 699 700
f 698 700 688
f 699 685 701
f 699 701 700
f 700 701 702
f 700 702 688
f 701 685 703
f 701 703 702
f 702 703 704
f 702 704 688
f 703 685 705
f 703 705 704
f 704 705 706
f 704 706 688
f 705 685 707
f 705 707 706
f 706 707 708
f 706 708 688
f 707 685 709
f 707 709 708
f 708 709 710
f 708 710 688
f 709 685 711
f 709 711 710
f 710 711 712
f 710 712 688
f 711 685 713
f 711 713 712
f 712 713 714
f 712 714 688
f 713 685 715
f 713 715 714
f 714 715 716
f 714 716 688
f 715 685 717
f 715 717 716
f 716 717 718
f 716 718 688
f 717 685 719
f 717 719 718
f 718 719 720
f 718 720 688
f 719 685 721
f 719 721 720
f 720 721 722
f 720 722 688
f 721 685 723
f 721 723 722
f 722 723 724
f 722 724 688
f 723 685 725
f 723 725 724
f 724 725 726
f 724 726 688
f 725 685 727
f 725 727 726
f 726 727 728
f 726 728 688
f 727 685 729
f 727 729 728
f 728 729 730
f 728 730 688
f 729 685 731
f 729 731 730
f 730 731 732
f 730 732 688
f 731 685 733
f 731 733 732
f 732 733 734
f 732 734 688
f 733 685 735
f 733 735 734
f 734 735 736
f 734 736 688
f 735 685 737
f 735 737 736
f 736 737 738
f 736 738 688
f 737 685 739
f 737 739 738
f 738 739 740
f 738 740 688
f 739 685 741
f 739 741 740
f 740 741 742
f 740 742 688
f 741 685 743
f 741 743 742
f 742 743 744
f 742 744 688
f 743 685 745
f 743 745 744
f 744 745 746
f 744 746 688
f 745 685 747
f 745 747 746
f 746 747 748
f 746 748 688
f 747 685 749
f 747 749 748
f 748 749 750
f 748 750 688
f 749 685 751
f 749 751 750
f 750 751 752
f 750 752 688
f 751 685 753
f 751 753 752
f 752 753 754
f 752 754 688
f 753 685 755
f 753 755 754
f 754 755 756
f 754 756 688
f 755 685 757
f 755 757 756
f 756 757 758
f 756 758 688
f 757 685 759
f 757 759 758
f 758 759 760
f 758 760 688
f 759 685 761
f 759 761 760
f 760 761 762
f 760 762 688
f 761 685 763
f 761 763 762
f 762 763 764
f 762 764 688
f 763 685 765
f 763 765 764
f 764 765 766
f 764 766 688
f 765 685 767
f 765 767 766
f 766 767 768
f 766 768 688
f 767 685 769
f 767 769 768
f 768 769 770
f 768 770 688
f 769 685 771
f 769 771 770
f 770 771 772
f 770 772 688
f 771 685 773
f 771 773 772
f 772 773 774
f 772 774 688
f 773 685 775
f 773 775 774
f 774 775 776
f 774 776 688
f 775 685 777
f 775 777 776
f 776 777 778
f 776 778 688
f 777 685 779
f 777 779 778
f 778 779 780
f 778 780 688
f 779 685 781
f 779 781 780
f 780 781 782
f 780 782 688
f 781 685 783
f 781 783 782
f 782 783 784
f 782 784 688
f 783 685 785
f 783 785 784
f 784 785 786
f 784 786 688
f 785 685 787
f 785 787 786
f 786 787 788
f 786 788 688
f 787 685 789
f 787 789 788
f 788 789 790
f 788 790 688
f 789 685 791
f 789 791 790
f 790 791 792
f 790 792 688
f 791 685 793
f 791 793 792
f 792 793 794
f 792 794 688
f 793 685 795
f 793 795 794
f 794 795 796
f 794 796 688
f 795 685 797
f 795 797 796
f 796 797 798
f 796 798 688
f 797 685 799
f 797 799 798
f 798 799 800
f 798 800 688
f 799 685 801
f 799 801 800
f 800 801 802
f 800 802 688
f 801 685 803
f 801 803 802
f 802 803 804
f 802 804 688
f 803 685 805
f 803 805 804
f 804 805 806
f 804 806 688
f 805 685 807
f 805 807 806
f 806 807 808
f 806 808 688
f 807 685 809
f 807 809 808
f 808 809 810
f 808 810 688
f 809 685 811
f 809 811 810
f 810 811 812
f 810 812 688
f 811 685 813
f 811 813 812
f 812 813 814
f 812 814 688
f 813 685 686
f 813 686 814
f 814 686 687
f 814 687 688
f 815 816 818
f 815 818 817
f 817 818 820
f 817 820 819
f 819 820 822
f 819 822 821
f 821 822 824
f 821 824 823
f 823 824 826
f 823 826 825
f 825 826 828
f 825 828 827
f 827 828 830
f 827 830 829
f 829 830 832
f 829 832 831
f 831 832 834
f 831 834 833
f 833 834 836
f 833 836 835
f 835 836 838
f 835 838 837
f 837 838 840
f 837 840 839
f 839 840 842
f 839 842 841
f 841 842 844
f 841 844 843
f 843 844 846
f 843 846 845
f 845 846 848
f 845 848 847
f 847 848 850
f 847 850 849
f 849 850 852
f 849 852 851
f 853 854 856
f 853 856 855
f 855 856 858
f 855 858 857
f 857 858 860
f 857 860 859
f 859 860 862
f 859 862 861
f 861 862 864
f 861 864 863
f 863 864 866
f 863 866 865
f 865 866 868
f 865 868 867
f 867 868 870
f 867 870 869
f 869 870 872
f 869 872 871
f 871 872 874
f 871 874 873
f 873 874 876
f 873 876 875
f 875 876 878
f 875 878 877
f 877 878 880
f 877 880 879
f 879 880 882
f 879 882 881
f 881 882 884
f 881 884 883
f 883 884 886
f 883 886 885
f 885 886 888
f 885 888 887
f 887 888 890
f 887 890 889
f 889 890 892
f 889 892 891
f 891 892 894
f 891 894 893
f 893 894 896
f 893 896 895
f 895 896 898
f 895 898 897
f 900 899 903
f 900 903 901
f 901 903 904
f 901 904 902
f 903 899 905
f 903 905 904
f 904 905 906
f 904 906 902
f 905 899 907
f 905 907 906
f 906 907 908
f 906 908 902
f 907 899 909
f 907 909 908
f 908 909 910
f 908 910 902
f 909 899 911
f 909 911 910
f 910 911 912
f 910 912 902
f 911 899 913
f 911 913 912
f 912 913 914
f 912 914 902
f 913 899 915
f 913 915 914
f 914 915 916
f 914 916 902
f 915 899 917
f 915 917 916
f 916 917 918
f 916 918 902
f 917 899 919
f 917 919 918
f 918 919 920
f 918 920 902
f 919 899 921
f 919 921 920
f 920 921 922
f 920 922 902
f 921 899 923
f 921 923 922
f 922 923 924
f 922 924 902
f 923 899 925
f 923 925 924
f 924 925 926
f 924 926 902
f 925 899 927
f 925 927 926
f 926 927 928
f 926 928 902
f 927 899 929
f 927 929 928
f 928 929 930
f 928 930 902
f 929 899 931
f 929 931 930
f 930 931 932
f 930 932 902
f 931 899 933
f 931 933 932
f 932 933 934
f 932 934 902
f 933 899 935
f 933 935 934
f 934 935 936
f 934 936 902
f 935 899 937
f 935 937 936
f 936 937 938
f 936 938 902
f 937 899 939
f 937 939 938
f 938 939 940
f 938 940 902
f 939 899 941
f 939 941 940
f 940 941 942
f 940 942 902
f 941 899 943
f 941 943 942
f 942 943 944
f 942 944 902
f 943 899 945
f 943 945 944
f 944 945 946
f 944 946 902
f 945 899 947
f 945 947 946
f 946 947 948
f 946 948 902
f 947 899 949
f 947 949 948
f 948 949 950
f 948 950 902
f 949 899 951
f 949 951 950
f 950 951 952
f 950 952 902
f 951 899 953
f 951 953 952
f 952 953 954
f 952 954 902
f 953 899 955
f 953 955 954
f 954 955 956
f 954 956 902
f 955 899 957
f 955 957 956
f 956 957 958
f 956 958 902
f 957 899 959
f 957 959 958
f 958 959 960
f 958 960 902
f 959 899 961
f 959 961 960
f 960 961 962
f 960 962 902
f 961 899 963
f 961 963 962
f 962 963 964
f 962 964 902
f 963 899 965
f 963 965 964
f 964 965 966
f 964 966 902
f 965 899 967
f 965 967 966
f 966 967 968
f 966 968 902
f 967 899 969
f 967 969 968
f 968 969 970
f 968 970 902
f 969 899 971
f 969 971 970
f 970 971 972
f 970 972 902
f 971 899 973
f 971 973 972
f 972 973 974
f 972 974 902
f 973 899 975
f 973 975 974
f 974 975 976
f 974 976 902
f 975 899 977
f 975 977 976
f 976 977 978
f 976 978 902
f 977 899 979
f 977 979 978
f 978 979 980
f 978 980 902
f 979 899 981
f 979 981 980
f 980 981 982
f 980 982 902
f 981 899 983
f 981 983 982
f 982 983 984
f 982 984 902
f 983 899 985
f 983 985 984
f 984 985 986
f 984 986 902
f 985 899 987
f 985 987 986
f 986 987 988
f 986 988 902
f 987 899 989
f 987 989 988
f 988 989 990
f 988 990 902
f 989 899 991
f 989 991 990
f 990 991 992
f 990 992 902
f 991 899 993
f 991 993 992
f 992 993 994
f 992 994 902
f 993 899 995
f 993 995 994
f 994 995 996
f 994 996 902
f 995 899 900
f 995 900 996
f 996 900 901
f 996 901 902
f 998 997 1001
f 998 1001 999
f 999 1001 1002
f 999 1002 1000
f 1001 997 1003
f 1001 1003 1002
f 1002 1003 1004
f 1002 1004 1000
f 1003 997 1005
f 1003 1005 1004
f 1004 1005 1006
f 1004 1006 1000
f 1005 997 1007
f 1005 1007 1006
f 1006 1007 1008
f 1006 1008 1000
f 1007 997 1009
f 1007 1009 1008
f 1008 1009 1010
f 1008 1010 1000
f 1009 997 1011
f 1009 1011 1010
f 1010 1011 1012
f 1010 1012 1000
f 1011 997 1013
f 1011 1013 1012
f 1012 1013 1014
f 1012 1014 1000
f 1013 997 1015
f 1013 1015 1014
f 1014 1015 1016
f 1014 1016 1000
f 1015 997 1017
f 1015 1017 1016
f 1016 1017 1018
f 1016 1018 1000
f 1017 997 1019
f 1017 1019 1018
f 1018 1019 1020
f 1018 1020 1000
f 1019 997 1021
f 1019 1021 1020
f 1020 1021 1022
f 1020 1022 1000
f 1021 997 1023
f 1021 1023 1022
f 1022 1023 1024
f 1022 1024 1000
f 1023 997 1025
f 1023 1025 1024
f 1024 1025 1026
f 1024 1026 1000
f 1025 997 1027
f 1025 1027 1026
f 1026 1027 1028
f 1026 1028 1000
f 1027 997 1029
f 1027 1029 1028
f 1028 1029 1030
f 1028 1030 1000
f 1029 997 1031
f 1029 1031 1030
f 1030 1031 1032
f 1030 1032 1000
f 1031 997 1033
f 1031 1033 1032
f 1032 1033 1034
f 1032 1034 1000
f 1033 997 1035
f 1033 1035 1034
f 1034 1035 1036
f 1034 1036 1000
f 1035 997 1037
f 1035 1037 1036
f 1036 1037 1038
f 1036 1038 1000
f 1037 997 1039
f 1037 1039 1038
f 1038 1039 1040
f 1038 1040 1000
f 1039 997 1041
f 1039 1041 1040
f 1040 1041 1042
f 1040 1042 1000
f 1041 997 1043
f 1041 1043 1042
f 1042 1043 1044
f 1042 1044 1000
f 1043 997 1045
f 1043 1045 1044
f 1044 1045 1046
f 1044 1046 1000
f 1045 997 1047
f 1045 1047 1046
f 1046 1047 1048
f 1046 1048 1000
f 1047 997 1049
f 1047 1049 1048
f 1048 1049 1050
f 1048 1050 1000
f 1049 997 1051
f 1049 1051 1050
f 1050 1051 1052
f 1050 1052 1000
f 1051 997 1053
f 1051 1053 1052
f 1052 1053 1054
f 1052 1054 1000
f 1053 997 1055
f 1053 1055 1054
f 1054 1055 1056
f 1054 1056 1000
f 1055 997 1057
f 1055 1057 1056
f 1056 1057 1058
f 1056 1058 1000
f 1057 997 1059
f 1057 1059 1058
f 1058 1059 1060
f 1058 1060 1000
f 1059 997 1061
f 1059 1061 1060
f 1060 1061 1062
f 1060 1062 1000
f 1061 997 1063
f 1061 1063 1062
f 1062 1063 1064
f 1062 1064 1000
f 1063 997 1065
f 1063 1065 1064
f 1064 1065 1066
f 1064 1066 1000
f 1065 997 1067
f 1065 1067 1066
f 1066 1067 1068
f 1066 1068 1000
f 1067 997 1069
f 1067 1069 1068
f 1068 1069 1070
f 1068 1070 1000
f 1069 997 1071
f 1069 1071 1070
f 1070 1071 1072
f 1070 1072 1000
f 1071 997 1073
f 1071 1073 1072
f 1072 1073 1074
f 1072 1074 1000
f 1073 997 1075
f 1073 1075 1074
f 1074 1075 1076
f 1074 1076 1000
f 1075 997 1077
f 1075 1077 1076
f 1076 1077 1078
f 1076 1078 1000
f 1077 997 1079
f 1077 1079 1078
f 1078 1079 1080
f 1078 1080 1000
f 1079 997 1081
f 1079 1081 1080
f 1080 1081 1082
f 1080 1082 1000
f 1081 997 1083
f 1081 1083 1082
f 1082 1083 1084
f 1082 1084 1000
f 1083 997 1085
f 1083 1085 1084
f 1084 1085 1086
f 1084 1086 1000
f 1085 997 1087
f 1085 1087 1086
f 1086 1087 1088
f 1086 1088 1000
f 1087 997 1089
f 1087 1089 1088
f 1088 1089 1090
f 1088 1090 1000
f 1089 997 1091
f 1089 1091 1090
f 1090 1091 1092
f 1090 1092 1000
f 1091 997 1093
f 1091 1093 1092
f 1092 1093 1094
f 1092 1094 1000
f 1093 997 1095
f 1093 1095 1094
f 1094 1095 1096
f 1094 1096 1000
f 1095 997 1097
f 1095 1097 1096
f 1096 1097 1098
f 1096 1098 1000
f 1097 997 1099
f 1097 1099 1098
f 1098 1099 1100
f 1098 1100 1000
f 1099 997 1101
f 1099 1101 1100
f 1100 1101 1102
f 1100 1102 1000
f 1101 997 1103
f 1101 1103 1102
f 1102 1103 1104
f 1102 1104 1000
f 1103 997 1105
f 1103 1105 1104
f 1104 1105 1106
f 1104 1106 1000
f 1105 997 1107
f 1105 1107 1106
f 1106 1107 1108
f 1106 1108 1000
f 1107 997 1109
f 1107 1109 1108
f 1108 1109 1110
f 1108 1110 1000
f 1109 997 1111
f 1109 1111 1110
f 1110 1111 1112
f 1110 1112 1000
f 1111 997 1113
f 1111 1113 1112
f 1112 1113 1114
f 1112 1114 1000
f 1113 997 1115
f 1113 1115 1114
f 1114 1115 1116
f 1114 1116 1000
f 1115 997 1117
f 1115 1117 1116
f 1116 1117 1118
f 1116 1118 1000
f 1117 997 1119
f 1117 1119 1118
f 1118 1119 1120
f 1118 1120 1000
f 1119 997 1121
f 1119 1121 1120
f 1120 1121 1122
f 1120 1122 1000
f 1121 997 1123
f 1121 1123 1122
f 1122 1123 1124
f 1122 1124 1000
f 1123 997 1125
f 1123 1125 1124
f 1124 1125 1126
f 1124 1126 1000
f 1125 997 998
f 1125 998 1126
f 1126 998 999
f 1126 999 1000
f 1128 1130 1127
f 1131 1128 1127
f 1127 1130 1129
f 1129 1131 1127
f 1128 1134 1130
f 1132 1128 1131
f 1132 1134 1128
f 1130 1134 1129
f 1133 1131 1129
f 1129 1134 1133
f 1133 1132 1131
f 1134 1132 1133
f 1136 1138 1135
f 1139 1136 1135
f 1135 1138 1137
f 1137 1139 1135
f 1136 1142 1138
f 1140 1136 1139
f 1140 1142 1136
f 1138 1142 1137
f 1141 1139 1137
f 1137 1142 1141
f 1141 1140 1139
f 1142 1140 1141
f 1144 1143 1147
f 1144 1147 1145
f 1145 1147 1148
f 1145 1148 1146
f 1147 1143 1149
f 1147 1149 1148
f 1148 1149 1150
f 1148 1150 1146
f 1149 1143 1151
f 1149 1151 1150
f 1150 1151 1152
f 1150 1152 1146
f 1151 1143 1153
f 1151 1153 1152
f 1152 1153 1154
f 1152 1154 1146
f 1153 1143 1155
f 1153 1155 1154
f 1154 1155 1156
f 1154 1156 1146
f 1155 1143 1157
f 1155 1157 1156
f 1156 1157 1158
f 1156 1158 1146
f 1157 1143 1159
f 1157 1159 1158
f 1158 1159 1160
f 1158 1160 1146
f 1159 1143 1161
f 1159 1161 1160
f 1160 1161 1162
f 1160 1162 1146
f 1161 1143 1163
f 1161 1163 1162
f 1162 1163 1164
f 1162 1164 1146
f 1163 1143 1165
f 1163 1165 1164
f 1164 1165 1166
f 1164 1166 1146
f 1165 1143 1167
f 1165 1167 1166
f 1166 1167 1168
f 1166 1168 1146
f 1167 1143 1169
f 1167 1169 1168
f 1168 1169 1170
f 1168 1170 1146
f 1169 1143 1171
f 1169 1171 1170
f 1170 1171 1172
f 1170 1172 1146
f 1171 1143 1173
f 1171 1173 1172
f 1172 1173 1174
f 1172 1174 1146
f 1173 1143 1175
f 1173 1175 1174
f 1174 1175 1176
f 1174 1176 1146
f 1175 1143 1177
f 1175 1177 1176
f 1176 1177 1178
f 1176 1178 1146
f 1177 1143 1179
f 1177 1179 1178
f 1178 1179 1180
f 1178 1180 1146
f 1179 1143 1181
f 1179 1181 1180
f 1180 1181 1182
f 1180 1182 1146
f 1181 1143 1183
f 1181 1183 1182
f 1182 1183 1184
f 1182 1184 1146
f 1183 1143 1185
f 1183 1185 1184
f 1184 1185 1186
f 1184 1186 1146
f 1185 1143 1187
f 1185 1187 1186
f 1186 1187 1188
f 1186 1188 1146
f 1187 1143 1189
f 1187 1189 1188
f 1188 1189 1190
f 1188 1190 1146
f 1189 1143 1191
f 1189 1191 1190
f 1190 1191 1192
f 1190 1192 1146
f 1191 1143 1193
f 1191 1193 1192
f 1192 1193 1194
f 1192 1194 1146
f 1193 1143 1195
f 1193 1195 1194
f 1194 1195 1196
f 1194 1196 1146
f 1195 1143 1197
f 1195 1197 1196
f 1196 1197 1198
f 1196 1198 1146
f 1197 1143 1199
f 1197 1199 1198
f 1198 1199 1200
f 1198 1200 1146
f 1199 1143 1201
f 1199 1201 1200
f 1200 1201 1202
f 1200 1202 1146
f 1201 1143 1203
f 1201 1203 1202
f 1202 1203 1204
f 1202 1204 1146
f 1203 1143 1205
f 1203 1205 1204
f 1204 1205 1206
f 1204 1206 1146
f 1205 1143 1207
f 1205 1207 1206
f 1206 1207 1208
f 1206 1208 1146
f 1207 1143 1209
f 1207 1209 1208
f 1208 1209 1210
f 1208 1210 1146
f 1209 1143 1211
f 1209 1211 1210
f 1210 1211 1212
f 1210 1212 1146
f 1211 1143 1213
f 1211 1213 1212
f 1212 1213 1214
f 1212 1214 1146
f 1213 1143 1215
f 1213 1215 1214
f 1214 1215 1216
f 1214 1216 1146
f 1215 1143 1217
f 1215 1217 1216
f 1216 1217 1218
f 1216 1218 1146
f 1217 1143 1219
f 1217 1219 1218
f 1218 1219 1220
f 1218 1220 1146
f 1219 1143 1221
f 1219 1221 1220
f 1220 1221 1222
f 1220 1222 1146
f 1221 1143 1223
f 1221 1223 1222
f 1222 1223 1224
f 1222 1224 1146
f 1223 1143 1225
f 1223 1225 1224
f 1224 1225 1226
f 1224 1226 1146
f 1225 1143 1227
f 1225 1227 1226
f 1226 1227 1228
f 1226 1228 1146
f 1227 1143 1229
f 1227 1229 1228
f 1228 1229 1230
f 1228 1230 1146
f 1229 1143 1231
f 1229 1231 1230
f 1230 1231 1232
f 1230 1232 1146
f 1231 1143 1233
f 1231 1233 1232
f 1232 1233 1234
f 1232 1234 1146
f 1233 1143 1235
f 1233 1235 1234
f 1234 1235 1236
f 1234 1236 1146
f 1235 1143 1237
f 1235 1237 1236
f 1236 1237 1238
f 1236 1238 1146
f 1237 1143 1239
f 1237 1239 1238
f 1238 1239 1240
f 1238 1240 1146
f 1239 1143 1144
f 1239 1144 1240
f 1240 1144 1145
f 1240 1145 1146
f 1242 1241 1245
f 1242 1245 1243
f 1243 1245 1246
f 1243 1246 1244
f 1245 1241 1247
f 1245 1247 1246
f 1246 1247 1248
f 1246 1248 1244
f 1247 1241 1249
f 1247 1249 1248
f 1248 1249 1250
f 1248 1250 1244
f 1249 1241 1251
f 1249 1251 1250
f 1250 1251 1252
f 1250 1252 1244
f 1251 1241 1253
f 1251 1253 1252
f 1252 1253 1254
f 1252 1254 1244
f 1253 1241 1255
f 1253 1255 1254
f 1254 1255 1256
f 1254 1256 1244
f 1255 1241 1257
f 1255 1257 1256
f 1256 1257 1258
f 1256 1258 1244
f 1257 1241 1259
f 1257 1259 1258
f 1258 1259 1260
f 1258 1260 1244
f 1259 1241 1261
f 1259 1261 1260
f 1260 1261 1262
f 1260 1262 1244
f 1261 1241 1263
f 1261 1263 1262
f 1262 1263 1264
f 1262 1264 1244
f 1263 1241 1265
f 1263 1265 1264
f 1264 1265 1266
f 1264 1266 1244
f 1265 1241 1267
f 1265 1267 1266
f 1266 1267 1268
f 1266 1268 1244
f 1267 1241 1269
f 1267 1269 1268
f 1268 1269 1270
f 1268 1270 1244
f 1269 1241 1271
f 1269 1271 1270
f 1270 1271 1272
f 1270 1272 1244
f 1271 1241 1273
f 1271 1273 1272
f 1272 1273 1274
f 1272 1274 1244
f 1273 1241 1275
f 1273 1275 1274
f 1274 1275 1276
f 1274 1276 1244
f 1275 1241 1277
f 1275 1277 1276
f 1276 1277 1278
f 1276 1278 1244
f 1277 1241 1279
f 1277 1279 1278
f 1278 1279 1280
f 1278 1280 1244
f 1279 1241 1281
f 1279 1281 1280
f 1280 1281 1282
f 1280 1282 1244
f 1281 1241 1283
f 1281 1283 1282
f 1282 1283 1284
f 1282 1284 1244
f 1283 1241 1285
f 1283 1285 1284
f 1284 1285 1286
f 1284 1286 1244
f 1285 1241 1287
f 1285 1287 1286
f 1286 1287 1288
f 1286 1288 1244
f 1287 1241 1289
f 1287 1289 1288
f 1288 1289 1290
f 1288 1290 1244
f 1289 1241 1291
f 1289 1291 1290
f 1290 1291 1292
f 1290 1292 1244
f 1291 1241 1293
f 1291 1293 1292
f 1292 1293 1294
f 1292 1294 1244
f 1293 1241 1295
f 1293 1295 1294
f 1294 1295 1296
f 1294 1296 1244
f 1295 1241 1297
f 1295 1297 1296
f 1296 1297 1298
f 1296 1298 1244
f 1297 1241 1299
f 1297 1299 1298
f 1298 1299 1300
f 1298 1300 1244
f 1299 1241 1301
f 1299 1301 1300
f 1300 1301 1302
f 1300 1302 1244
f 1301 1241 1303
f 1301 1303 1302
f 1302 1303 1304
f 1302 1304 1244
f 1303 1241 1305
f 1303 1305 1304
f 1304 1305 1306
f 1304 1306 1244
f 1305 1241 1307
f 1305 1307 1306
f 1306 1307 1308
f 1306 1308 1244
f 1307 1241 1309
f 1307 1309 1308
f 1308 1309 1310
f 1308 1310 1244
f 1309 1241 1311
f 1309 1311 1310
f 1310 1311 1312
f 1310 1312 1244
f 1311 1241 1313
f 1311 1313 1312
f 1312 1313 1314
f 1312 1314 1244
f 1313 1241 1315
f 1313 1315 1314
f 1314 1315 1316
f 1314 1316 1244
f 1315 1241 1317
f 1315 1317 1316
f 1316 1317 1318
f 1316 1318 1244
f 1317 1241 1319
f 1317 1319 1318
f 1318 1319 1320
f 1318 1320 1244
f 1319 1241 1321
f 1319 1321 1320
f 1320 1321 1322
f 1320 1322 1244
f 1321 1241 1323
f 1321 1323 1322
f 1322 1323 1324
f 1322 1324 1244
f 1323 1241 1325
f 1323 1325 1324
f 1324 1325 1326
f 1324 1326 1244
f 1325 1241 1327
f 1325 1327 1326
f 1326 1327 1328
f 1326 1328 1244
f 1327 1241 1329
f 1327 1329 1328
f 1328 1329 1330
f 1328 1330 1244
f 1329 1241 1331
f 1329 1331 1330
f 1330 1331 1332
f 1330 1332 1244
f 1331 1241 1333
f 1331 1333 1332
f 1332 1333 1334
f 1332 1334 1244
f 1333 1241 1335
f 1333 1335 1334
f 1334 1335 1336
f 1334 1336 1244
f 1335 1241 1337
f 1335 1337 1336
f 1336 1337 1338
f 1336 1338 1244
f 1337 1241 1339
f 1337 1339 1338
f 1338 1339 1340
f 1338 1340 1244
f 1339 1241 1341
f 1339 1341 1340
f 1340 1341 1342
f 1340 1342 1244
f 1341 1241 1343
f 1341 1343 1342
f 1342 1343 1344
f 1342 1344 1244
f 1343 1241 1345
f 1343 1345 1344
f 1344 1345 1346
f 1344 1346 1244
f 1345 1241 1347
f 1345 1347 1346
f 1346 1347 1348
f 1346 1348 1244
f 1347 1241 1349
f 1347 1349 1348
f 1348 1349 1350
f 1348 1350 1244
f 1349 1241 1351
f 1349 1351 1350
f 1350 1351 1352
f 1350 1352 1244
f 1351 1241 1353
f 1351 1353 1352
f 1352 1353 1354
f 1352 1354 1244
f 1353 1241 1355
f 1353 1355 1354
f 1354 1355 1356
f 1354 1356 1244
f 1355 1241 1357
f 1355 1357 1356
f 1356 1357 1358
f 1356 1358 1244
f 1357 1241 1359
f 1357 1359 1358
f 1358 1359 1360
f 1358 1360 1244
f 1359 1241 1361
f 1359 1361 1360
f 1360 1361 1362
f 1360 1362 1244
f 1361 1241 1363
f 1361 1363 1362
f 1362 1363 1364
f 1362 1364 1244
f 1363 1241 1365
f 1363 1365 1364
f 1364 1365 1366
f 1364 1366 1244
f 1365 1241 1367
f 1365 1367 1366
f 1366 1367 1368
f 1366 1368 1244
f 1367 1241 1369
f 1367 1369 1368
f 1368 1369 1370
f 1368 1370 1244
f 1369 1241 1242
f 1369 1242 1370
f 1370 1242 1243
f 1370 1243 1244
f 1372 1374 1371
f 1375 1372 1371
f 1371 1374 1373
f 1373 1375 1371
f 1372 1378 1374
f 1376 1372 1375
f 1376 1378 1372
f 1374 1378 1373
f 1377 1375 1373
f 1373 1378 1377
f 1377 1376 1375
f 1378 1376 1377
f 1380 1382 1379
f 1383 1380 1379
f 1379 1382 1381
f 1381 1383 1379
f 1380 1386 1382
f 1384 1380 1383
f 1384 1386 1380
f 1382 1386 1381
f 1385 1383 1381
f 1381 1386 1385
f 1385 1384 1383
f 1386 1384 1385
f 1388 1387 1391
f 1388 1391 1389
f 1389 1391 1392
f 1389 1392 1390
f 1391 1387 1393
f 1391 1393 1392
f 1392 1393 1394
f 1392 1394 1390
f 1393 1387 1395
f 1393 1395 1394
f 1394 1395 1396
f 1394 1396 1390
f 1395 1387 1397
f 1395 1397 1396
f 1396 1397 1398
f 1396 1398 1390
f 1397 1387 1399
f 1397 1399 1398
f 1398 1399 1400
f 1398 1400 1390
f 1399 1387 1401
f 1399 1401 1400
f 1400 1401 1402
f 1400 1402 1390
f 1401 1387 1403
f 1401 1403 1402
f 1402 1403 1404
f 1402 1404 1390
f 1403 1387 1405
f 1403 1405 1404
f 1404 1405 1406
f 1404 1406 1390
f 1405 1387 1407
f 1405 1407 1406
f 1406 1407 1408
f 1406 1408 1390
f 1407 1387 1409
f 1407 1409 1408
f 1408 1409 1410
f 1408 1410 1390
f 1409 1387 1411
f 1409 1411 1410
f 1410 1411 1412
f 1410 1412 1390
f 1411 1387 1413
f 1411 1413 1412
f 1412 1413 1414
f 1412 1414 1390
f 1413 1387 1415
f 1413 1415 1414
f 1414 1415 1416
f 1414 1416 1390
f 1415 1387 1417
f 1415 1417 1416
f 1416 1417 1418
f 1416 1418 1390
f 1417 1387 1419
f 1417 1419 1418
f 1418 1419 1420
f 1418 1420 1390
f 1419 1387 1421
f 1419 1421 1420
f 1420 1421 1422
f 1420 1422 1390
f 1421 1387 1423
f 1421 1423 1422
f 1422 1423 1424
f 1422 1424 1390
f 1423 1387 1425
f 1423 1425 1424
f 1424 1425 1426
f 1424 1426 1390
f 1425 1387 1427
f 1425 1427 1426
f 1426 1427 1428
f 1426 1428 1390
f 1427 1387 1429
f 1427 1429 1428
f 1428 1429 1430
f 1428 1430 1390
f 1429 1387 1431
f 1429 1431 1430
f 1430 1431 1432
f 1430 1432 1390
f 1431 1387 1433
f 1431 1433 1432
f 1432 1433 1434
f 1432 1434 1390
f 1433 1387 1435
f 1433 1435 1434
f 1434 1435 1436
f 1434 1436 1390
f 1435 1387 1437
f 1435 1437 1436
f 1436 1437 1438
f 1436 1438 1390
f 1437 1387 1439
f 1437 1439 1438
f 1438 1439 1440
f 1438 1440 1390
f 1439 1387 1441
f 1439 1441 1440
f 1440 1441 1442
f 1440 1442 1390
f 1441 1387 1443
f 1441 1443 1442
f 1442 1443 1444
f 1442 1444 1390
f 1443 1387 1445
f 1443 1445 1444
f 1444 1445 1446
f 1444 1446 1390
f 1445 1387 1447
f 1445 1447 1446
f 1446 1447 1448
f 1446 1448 1390
f 1447 1387 1449
f 1447 1449 1448
f 1448 1449 1450
f 1448 1450 1390
f 1449 1387 1451
f 1449 1451 1450
f 1450 1451 1452
f 1450 1452 1390
f 1451 1387 1453
f 1451 1453 1452
f 1452 1453 1454
f 1452 1454 1390
f 1453 1387 1455
f 1453 1455 1454
f 1454 1455 1456
f 1454 1456 1390
f 1455 1387 1457
f 1455 1457 1456
f 1456 1457 1458
f 1456 1458 1390
f 1457 1387 1459
f 1457 1459 1458
f 1458 1459 1460
f 1458 1460 1390
f 1459 1387 1461
f 1459 1461 1460
f 1460 1461 1462
f 1460 1462 1390
f 1461 1387 1463
f 1461 1463 1462
f 1462 1463 1464
f 1462 1464 1390
f 1463 1387 1465
f 1463 1465 1464
f 1464 1465 1466
f 1464 1466 1390
f 1465 1387 1467
f 1465 1467 1466
f 1466 1467 1468
f 1466 1468 1390
f 1467 1387 1469
f 1467 1469 1468
f 1468 1469 1470
f 1468 1470 1390
f 1469 1387 1471
f 1469 1471 1470
f 1470 1471 1472
f 1470 1472 1390
f 1471 1387 1473
f 1471 1473 1472
f 1472 1473 1474
f 1472 1474 1390
f 1473 1387 1475
f 1473 1475 1474
f 1474 1475 1476
f 1474 1476 1390
f 1475 1387 1477
f 1475 1477 1476
f 1476 1477 1478
f 1476 1478 1390
f 1477 1387 1479
f 1477 1479 1478
f 1478 1479 1480
f 1478 1480 1390
f 1479 1387 1481
f 1479 1481 1480
f 1480 1481 1482
f 1480 1482 1390
f 1481 1387 1483
f 1481 1483 1482
f 1482 1483 1484
f 1482 1484 1390
f 1483 1387 1388
f 1483 1388 1484
f 1484 1388 1389
f 1484 1389 1390
f 1485 2017 1681
f 2017 1622 2019
f 1681 2019 1538
f 2017 2019 1681
f 1622 2018 2026
f 2018 1522 2024
f 2026 2024 1624
f 2018 2024 2026
f 1538 2025 1682
f 2025 1624 2023
f 1682 2023 1501
f 2025 2023 1682
f 1622 2026 2019
f 2026 1624 2025
f 2019 2025 1538
f 2026 2025 2019
f 1522 2022 2085
f 2022 1623 2087
f 2085 2087 1639
f 2022 2087 2085
f 1623 2021 2073
f 2021 1496 2071
f 2073 2071 1636
f 2021 2071 2073
f 1639 2089 2086
f 2089 1636 2072
f 2086 2072 1525
f 2089 2072 2086
f 1623 2073 2087
f 2073 1636 2089
f 2087 2089 1639
f 2073 2089 2087
f 1501 2075 1685
f 2075 1637 2077
f 1685 2077 1539
f 2075 2077 1685
f 1637 2076 2079
f 2076 1525 2068
f 2079 2068 1635
f 2076 2068 2079
f 1539 2069 1684
f 2069 1635 2067
f 1684 2067 1490
f 2069 2067 1684
f 1637 2079 2077
f 2079 1635 2069
f 2077 2069 1539
f 2079 2069 2077
f 1522 2085 2024
f 2085 1639 2088
f 2024 2088 1624
f 2085 2088 2024
f 1639 2086 2090
f 2086 1525 2076
f 2090 2076 1637
f 2086 2076 2090
f 1624 2078 2023
f 2078 1637 2075
f 2023 2075 1501
f 2078 2075 2023
f 1639 2090 2088
f 2090 1637 2078
f 2088 2078 1624
f 2090 2078 2088
f 1485 1681 1647
f 1681 1538 1683
f 1647 1683 1527
f 1681 1683 1647
f 1538 1682 1689
f 1682 1501 1687
f 1689 1687 1540
f 1682 1687 1689
f 1527 1688 1648
f 1688 1540 1686
f 1648 1686 1497
f 1688 1686 1648
f 1538 1689 1683
f 1689 1540 1688
f 1683 1688 1527
f 1689 1688 1683
f 1501 1685 1701
f 1685 1539 1703
f 1701 1703 1544
f 1685 1703 1701
f 1539 1684 1695
f 1684 1490 1693
f 1695 1693 1542
f 1684 1693 1695
f 1544 1705 1702
f 1705 1542 1694
f 1702 1694 1502
f 1705 1694 1702
f 1539 1695 1703
f 1695 1542 1705
f 1703 1705 1544
f 1695 1705 1703
f 1497 1696 1650
f 1696 1543 1698
f 1650 1698 1528
f 1696 1698 1650
f 1543 1697 1700
f 1697 1502 1691
f 1700 1691 1541
f 1697 1691 1700
f 1528 1692 1649
f 1692 1541 1690
f 1649 1690 1486
f 1692 1690 1649
f 1543 1700 1698
f 1700 1541 1692
f 1698 1692 1528
f 1700 1692 1698
f 1501 1701 1687
f 1701 1544 1704
f 1687 1704 1540
f 1701 1704 1687
f 1544 1702 1706
f 1702 1502 1697
f 1706 1697 1543
f 1702 1697 1706
f 1540 1699 1686
f 1699 1543 1696
f 1686 1696 1497
f 1699 1696 1686
f 1544 1706 1704
f 1706 1543 1699
f 1704 1699 1540
f 1706 1699 1704
f 1485 1647 1737
f 1647 1527 1739
f 1737 1739 1554
f 1647 1739 1737
f 1527 1648 1744
f 1648 1497 1742
f 1744 1742 1556
f 1648 1742 1744
f 1554 1745 1738
f 1745 1556 1743
f 1738 1743 1506
f 1745 1743 1738
f 1527 1744 1739
f 1744 1556 1745
f 1739 1745 1554
f 1744 1745 1739
f 1497 1650 1752
f 1650 1528 1754
f 1752 1754 1559
f 1650 1754 1752
f 1528 1649 1748
f 1649 1486 1746
f 1748 1746 1557
f 1649 1746 1748
f 1559 1756 1753
f 1756 1557 1747
f 1753 1747 1507
f 1756 1747 1753
f 1528 1748 1754
f 1748 1557 1756
f 1754 1756 1559
f 1748 1756 1754
f 1506 1757 1741
f 1757 1560 1759
f 1741 1759 1555
f 1757 1759 1741
f 1560 1758 1761
f 1758 1507 1750
f 1761 1750 1558
f 1758 1750 1761
f 1555 1751 1740
f 1751 1558 1749
f 1740 1749 1492
f 1751 1749 1740
f 1560 1761 1759
f 1761 1558 1751
f 1759 1751 1555
f 1761 1751 1759
f 1497 1752 1742
f 1752 1559 1755
f 1742 1755 1556
f 1752 1755 1742
f 1559 1753 1762
f 1753 1507 1758
f 1762 1758 1560
f 1753 1758 1762
f 1556 1760 1743
f 1760 1560 1757
f 1743 1757 1506
f 1760 1757 1743
f 1559 1762 1755
f 1762 1560 1760
f 1755 1760 1556
f 1762 1760 1755
f 1485 1737 1947
f 1737 1554 1949
f 1947 1949 1605
f 1737 1949 1947
f 1554 1738 1954
f 1738 1506 1952
f 1954 1952 1607
f 1738 1952 1954
f 1605 1955 1948
f 1955 1607 1953
f 1948 1953 1518
f 1955 1953 1948
f 1554 1954 1949
f 1954 1607 1955
f 1949 1955 1605
f 1954 1955 1949
f 1506 1741 1995
f 1741 1555 1997
f 1995 1997 1618
f 1741 1997 1995
f 1555 1740 1989
f 1740 1492 1987
f 1989 1987 1616
f 1740 1987 1989
f 1618 1999 1996
f 1999 1616 1988
f 1996 1988 1521
f 1999 1988 1996
f 1555 1989 1997
f 1989 1616 1999
f 1997 1999 1618
f 1989 1999 1997
f 1518 2005 1951
f 2005 1620 2007
f 1951 2007 1606
f 2005 2007 1951
f 1620 2006 2009
f 2006 1521 1992
f 2009 1992 1617
f 2006 1992 2009
f 1606 1993 1950
f 1993 1617 1991
f 1950 1991 1495
f 1993 1991 1950
f 1620 2009 2007
f 2009 1617 1993
f 2007 1993 1606
f 2009 1993 2007
f 1506 1995 1952
f 1995 1618 1998
f 1952 1998 1607
f 1995 1998 1952
f 1618 1996 2010
f 1996 1521 2006
f 2010 2006 1620
f 1996 2006 2010
f 1607 2008 1953
f 2008 1620 2005
f 1953 2005 1518
f 2008 2005 1953
f 1618 2010 1998
f 2010 1620 2008
f 1998 2008 1607
f 2010 2008 1998
f 1485 1947 2017
f 1947 1605 2020
f 2017 2020 1622
f 1947 2020 2017
f 1605 1948 2029
f 1948 1518 2027
f 2029 2027 1625
f 1948 2027 2029
f 1622 2030 2018
f 2030 1625 2028
f 2018 2028 1522
f 2030 2028 2018
f 1605 2029 2020
f 2029 1625 2030
f 2020 2030 1622
f 2029 2030 2020
f 1518 1951 2105
f 1951 1606 2107
f 2105 2107 1643
f 1951 2107 2105
f 1606 1950 2099
f 1950 1495 2097
f 2099 2097 1641
f 1950 2097 2099
f 1643 2109 2106
f 2109 1641 2098
f 2106 2098 1526
f 2109 2098 2106
f 1606 2099 2107
f 2099 1641 2109
f 2107 2109 1643
f 2099 2109 2107
f 1522 2115 2022
f 2115 1645 2117
f 2022 2117 1623
f 2115 2117 2022
f 1645 2116 2119
f 2116 1526 2102
f 2119 2102 1642
f 2116 2102 2119
f 1623 2103 2021
f 2103 1642 2101
f 2021 2101 1496
f 2103 2101 2021
f 1645 2119 2117
f 2119 1642 2103
f 2117 2103 1623
f 2119 2103 2117
f 1518 2105 2027
f 2105 1643 2108
f 2027 2108 1625
f 2105 2108 2027
f 1643 2106 2120
f 2106 1526 2116
f 2120 2116 1645
f 2106 2116 2120
f 1625 2118 2028
f 2118 1645 2115
f 2028 2115 1522
f 2118 2115 2028
f 1643 2120 2108
f 2120 1645 2118
f 2108 2118 1625
f 2120 2118 2108
f 1486 1690 1837
f 1690 1541 1839
f 1837 1839 1580
f 1690 1839 1837
f 1541 1691 1845
f 1691 1502 1843
f 1845 1843 1582
f 1691 1843 1845
f 1580 1846 1838
f 1846 1582 1844
f 1838 1844 1513
f 1846 1844 1838
f 1541 1845 1839
f 1845 1582 1846
f 1839 1846 1580
f 1845 1846 1839
f 1502 1694 1895
f 1694 1542 1897
f 1895 1897 1595
f 1694 1897 1895
f 1542 1693 1889
f 1693 1490 1887
f 1889 1887 1593
f 1693 1887 1889
f 1595 1899 1896
f 1899 1593 1888
f 1896 1888 1516
f 1899 1888 1896
f 1542 1889 1897
f 1889 1593 1899
f 1897 1899 1595
f 1889 1899 1897
f 1513 1905 1842
f 1905 1597 1907
f 1842 1907 1581
f 1905 1907 1842
f 1597 1906 1909
f 1906 1516 1892
f 1909 1892 1594
f 1906 1892 1909
f 1581 1893 1841
f 1893 1594 1891
f 1841 1891 1494
f 1893 1891 1841
f 1597 1909 1907
f 1909 1594 1893
f 1907 1893 1581
f 1909 1893 1907
f 1502 1895 1843
f 1895 1595 1898
f 1843 1898 1582
f 1895 1898 1843
f 1595 1896 1910
f 1896 1516 1906
f 1910 1906 1597
f 1896 1906 1910
f 1582 1908 1844
f 1908 1597 1905
f 1844 1905 1513
f 1908 1905 1844
f 1595 1910 1898
f 1910 1597 1908
f 1898 1908 1582
f 1910 1908 1898
f 1490 2067 1709
f 2067 1635 2070
f 1709 2070 1546
f 2067 2070 1709
f 1635 2068 2084
f 2068 1525 2081
f 2084 2081 1638
f 2068 2081 2084
f 1546 2082 1710
f 2082 1638 2080
f 1710 2080 1503
f 2082 2080 1710
f 1635 2084 2070
f 2084 1638 2082
f 2070 2082 1546
f 2084 2082 2070
f 1525 2072 2092
f 2072 1636 2095
f 2092 2095 1640
f 2072 2095 2092
f 1636 2071 2074
f 2071 1496 2049
f 2074 2049 1631
f 2071 2049 2074
f 1640 2093 2091
f 2093 1631 2050
f 2091 2050 1524
f 2093 2050 2091
f 1636 2074 2095
f 2074 1631 2093
f 2095 2093 1640
f 2074 2093 2095
f 1503 2057 1708
f 2057 1633 2059
f 1708 2059 1545
f 2057 2059 1708
f 1633 2058 2060
f 2058 1524 2046
f 2060 2046 1630
f 2058 2046 2060
f 1545 2048 1707
f 2048 1630 2045
f 1707 2045 1489
f 2048 2045 1707
f 1633 2060 2059
f 2060 1630 2048
f 2059 2048 1545
f 2060 2048 2059
f 1525 2092 2081
f 2092 1640 2096
f 2081 2096 1638
f 2092 2096 2081
f 1640 2091 2094
f 2091 1524 2058
f 2094 2058 1633
f 2091 2058 2094
f 1638 2083 2080
f 2083 1633 2057
f 2080 2057 1503
f 2083 2057 2080
f 1640 2094 2096
f 2094 1633 2083
f 2096 2083 1638
f 2094 2083 2096
f 1496 2101 2035
f 2101 1642 2104
f 2035 2104 1627
f 2101 2104 2035
f 1642 2102 2125
f 2102 1526 2122
f 2125 2122 1646
f 2102 2122 2125
f 1627 2123 2036
f 2123 1646 2121
f 2036 2121 1523
f 2123 2121 2036
f 1642 2125 2104
f 2125 1646 2123
f 2104 2123 1627
f 2125 2123 2104
f 1526 2098 2111
f 2098 1641 2114
f 2111 2114 1644
f 2098 2114 2111
f 1641 2097 2100
f 2097 1495 1959
f 2100 1959 1609
f 2097 1959 2100
f 1644 2112 2110
f 2112 1609 1960
f 2110 1960 1519
f 2112 1960 2110
f 1641 2100 2114
f 2100 1609 2112
f 2114 2112 1644
f 2100 2112 2114
f 1523 2042 2032
f 2042 1629 2044
f 2032 2044 1626
f 2042 2044 2032
f 1629 2041 2043
f 2041 1519 1957
f 2043 1957 1608
f 2041 1957 2043
f 1626 2034 2031
f 2034 1608 1956
f 2031 1956 1487
f 2034 1956 2031
f 1629 2043 2044
f 2043 1608 2034
f 2044 2034 1626
f 2043 2034 2044
f 1526 2111 2122
f 2111 1644 2126
f 2122 2126 1646
f 2111 2126 2122
f 1644 2110 2113
f 2110 1519 2041
f 2113 2041 1629
f 2110 2041 2113
f 1646 2124 2121
f 2124 1629 2042
f 2121 2042 1523
f 2124 2042 2121
f 1644 2113 2126
f 2113 1629 2124
f 2126 2124 1646
f 2113 2124 2126
f 1495 1991 1969
f 1991 1617 1994
f 1969 1994 1612
f 1991 1994 1969
f 1617 1992 2015
f 1992 1521 2012
f 2015 2012 1621
f 1992 2012 2015
f 1612 2013 1970
f 2013 1621 2011
f 1970 2011 1520
f 2013 2011 1970
f 1617 2015 1994
f 2015 1621 2013
f 1994 2013 1612
f 2015 2013 1994
f 1521 1988 2001
f 1988 1616 2004
f 2001 2004 1619
f 1988 2004 2001
f 1616 1987 1990
f 1987 1492 1765
f 1990 1765 1562
f 1987 1765 1990
f 1619 2002 2000
f 2002 1562 1766
f 2000 1766 1508
f 2002 1766 2000
f 1616 1990 2004
f 1990 1562 2002
f 2004 2002 1619
f 1990 2002 2004
f 1520 1978 1966
f 1978 1614 1980
f 1966 1980 1611
f 1978 1980 1966
f 1614 1977 1979
f 1977 1508 1764
f 1979 1764 1561
f 1977 1764 1979
f 1611 1968 1965
f 1968 1561 1763
f 1965 1763 1491
f 1968 1763 1965
f 1614 1979 1980
f 1979 1561 1968
f 1980 1968 1611
f 1979 1968 1980
f 1521 2001 2012
f 2001 1619 2016
f 2012 2016 1621
f 2001 2016 2012
f 1619 2000 2003
f 2000 1508 1977
f 2003 1977 1614
f 2000 1977 2003
f 1621 2014 2011
f 2014 1614 1978
f 2011 1978 1520
f 2014 1978 2011
f 1619 2003 2016
f 2003 1614 2014
f 2016 2014 1621
f 2003 2014 2016
f 1492 1749 1807
f 1749 1558 1809
f 1807 1809 1574
f 1749 1809 1807
f 1558 1750 1817
f 1750 1507 1815
f 1817 1815 1576
f 1750 1815 1817
f 1574 1819 1808
f 1819 1576 1816
f 1808 1816 1512
f 1819 1816 1808
f 1558 1817 1809
f 1817 1576 1819
f 1809 1819 1574
f 1817 1819 1809
f 1507 1747 1772
f 1747 1557 1774
f 1772 1774 1565
f 1747 1774 1772
f 1557 1746 1769
f 1746 1486 1767
f 1769 1767 1563
f 1746 1767 1769
f 1565 1775 1773
f 1775 1563 1768
f 1773 1768 1509
f 1775 1768 1773
f 1557 1769 1774
f 1769 1563 1775
f 1774 1775 1565
f 1769 1775 1774
f 1512 1826 1812
f 1826 1578 1829
f 1812 1829 1575
f 1826 1829 1812
f 1578 1825 1827
f 1825 1509 1771
f 1827 1771 1564
f 1825 1771 1827
f 1575 1813 1811
f 1813 1564 1770
f 1811 1770 1493
f 1813 1770 1811
f 1578 1827 1829
f 1827 1564 1813
f 1829 1813 1575
f 1827 1813 1829
f 1507 1772 1815
f 1772 1565 1818
f 1815 1818 1576
f 1772 1818 1815
f 1565 1773 1828
f 1773 1509 1825
f 1828 1825 1578
f 1773 1825 1828
f 1576 1830 1816
f 1830 1578 1826
f 1816 1826 1512
f 1830 1826 1816
f 1565 1828 1818
f 1828 1578 1830
f 1818 1830 1576
f 1828 1830 1818
f 1488 1851 1664
f 1851 1584 1853
f 1664 1853 1534
f 1851 1853 1664
f 1584 1852 1860
f 1852 1514 1858
f 1860 1858 1586
f 1852 1858 1860
f 1534 1859 1665
f 1859 1586 1857
f 1665 1857 1500
f 1859 1857 1665
f 1584 1860 1853
f 1860 1586 1859
f 1853 1859 1534
f 1860 1859 1853
f 1514 1856 1881
f 1856 1585 1883
f 1881 1883 1592
f 1856 1883 1881
f 1585 1855 1871
f 1855 1494 1869
f 1871 1869 1589
f 1855 1869 1871
f 1592 1885 1882
f 1885 1589 1870
f 1882 1870 1515
f 1885 1870 1882
f 1585 1871 1883
f 1871 1589 1885
f 1883 1885 1592
f 1871 1885 1883
f 1500 1872 1668
f 1872 1590 1874
f 1668 1874 1535
f 1872 1874 1668
f 1590 1873 1876
f 1873 1515 1866
f 1876 1866 1588
f 1873 1866 1876
f 1535 1867 1667
f 1867 1588 1865
f 1667 1865 1489
f 1867 1865 1667
f 1590 1876 1874
f 1876 1588 1867
f 1874 1867 1535
f 1876 1867 1874
f 1514 1881 1858
f 1881 1592 1884
f 1858 1884 1586
f 1881 1884 1858
f 1592 1882 1886
f 1882 1515 1873
f 1886 1873 1590
f 1882 1873 1886
f 1586 1875 1857
f 1875 1590 1872
f 1857 1872 1500
f 1875 1872 1857
f 1592 1886 1884
f 1886 1590 1875
f 1884 1875 1586
f 1886 1875 1884
f 1488 1664 1653
f 1664 1534 1666
f 1653 1666 1530
f 1664 1666 1653
f 1534 1665 1674
f 1665 1500 1671
f 1674 1671 1536
f 1665 1671 1674
f 1530 1672 1654
f 1672 1536 1670
f 1654 1670 1498
f 1672 1670 1654
f 1534 1674 1666
f 1674 1536 1672
f 1666 1672 1530
f 1674 1672 1666
f 1500 1668 1676
f 1668 1535 1679
f 1676 1679 1537
f 1668 1679 1676
f 1535 1667 1669
f 1667 1489 1658
f 1669 1658 1532
f 1667 1658 1669
f 1537 1677 1675
f 1677 1532 1659
f 1675 1659 1499
f 1677 1659 1675
f 1535 1669 1679
f 1669 1532 1677
f 1679 1677 1537
f 1669 1677 1679
f 1498 1660 1652
f 1660 1533 1662
f 1652 1662 1529
f 1660 1662 1652
f 1533 1661 1663
f 1661 1499 1656
f 1663 1656 1531
f 1661 1656 1663
f 1529 1657 1651
f 1657 1531 1655
f 1651 1655 1487
f 1657 1655 1651
f 1533 1663 1662
f 1663 1531 1657
f 1662 1657 1529
f 1663 1657 1662
f 1500 1676 1671
f 1676 1537 1680
f 1671 1680 1536
f 1676 1680 1671
f 1537 1675 1678
f 1675 1499 1661
f 1678 1661 1533
f 1675 1661 1678
f 1536 1673 1670
f 1673 1533 1660
f 1670 1660 1498
f 1673 1660 1670
f 1537 1678 1680
f 1678 1533 1673
f 1680 1673 1536
f 1678 1673 1680
f 1488 1653 1720
f 1653 1530 1722
f 1720 1722 1550
f 1653 1722 1720
f 1530 1654 1728
f 1654 1498 1726
f 1728 1726 1552
f 1654 1726 1728
f 1550 1730 1721
f 1730 1552 1727
f 1721 1727 1505
f 1730 1727 1721
f 1530 1728 1722
f 1728 1552 1730
f 1722 1730 1550
f 1728 1730 1722
f 1498 1652 1716
f 1652 1529 1718
f 1716 1718 1549
f 1652 1718 1716
f 1529 1651 1713
f 1651 1487 1711
f 1713 1711 1547
f 1651 1711 1713
f 1549 1719 1717
f 1719 1547 1712
f 1717 1712 1504
f 1719 1712 1717
f 1529 1713 1718
f 1713 1547 1719
f 1718 1719 1549
f 1713 1719 1718
f 1505 1732 1724
f 1732 1553 1735
f 1724 1735 1551
f 1732 1735 1724
f 1553 1731 1733
f 1731 1504 1715
f 1733 1715 1548
f 1731 1715 1733
f 1551 1725 1723
f 1725 1548 1714
f 1723 1714 1491
f 1725 1714 1723
f 1553 1733 1735
f 1733 1548 1725
f 1735 1725 1551
f 1733 1725 1735
f 1498 1716 1726
f 1716 1549 1729
f 1726 1729 1552
f 1716 1729 1726
f 1549 1717 1734
f 1717 1504 1731
f 1734 1731 1553
f 1717 1731 1734
f 1552 1736 1727
f 1736 1553 1732
f 1727 1732 1505
f 1736 1732 1727
f 1549 1734 1729
f 1734 1553 1736
f 1729 1736 1552
f 1734 1736 1729
f 1488 1720 1776
f 1720 1550 1778
f 1776 1778 1566
f 1720 1778 1776
f 1550 1721 1783
f 1721 1505 1781
f 1783 1781 1568
f 1721 1781 1783
f 1566 1784 1777
f 1784 1568 1782
f 1777 1782 1510
f 1784 1782 1777
f 1550 1783 1778
f 1783 1568 1784
f 1778 1784 1566
f 1783 1784 1778
f 1505 1724 1792
f 1724 1551 1794
f 1792 1794 1571
f 1724 1794 1792
f 1551 1723 1787
f 1723 1491 1785
f 1787 1785 1569
f 1723 1785 1787
f 1571 1796 1793
f 1796 1569 1786
f 1793 1786 1511
f 1796 1786 1793
f 1551 1787 1794
f 1787 1569 1796
f 1794 1796 1571
f 1787 1796 1794
f 1510 1801 1780
f 1801 1573 1803
f 1780 1803 1567
f 1801 1803 1780
f 1573 1802 1805
f 1802 1511 1790
f 1805 1790 1570
f 1802 1790 1805
f 1567 1791 1779
f 1791 1570 1789
f 1779 1789 1493
f 1791 1789 1779
f 1573 1805 1803
f 1805 1570 1791
f 1803 1791 1567
f 1805 1791 1803
f 1505 1792 1781
f 1792 1571 1795
f 1781 1795 1568
f 1792 1795 1781
f 1571 1793 1806
f 1793 1511 1802
f 1806 1802 1573
f 1793 1802 1806
f 1568 1804 1782
f 1804 1573 1801
f 1782 1801 1510
f 1804 1801 1782
f 1571 1806 1795
f 1806 1573 1804
f 1795 1804 1568
f 1806 1804 1795
f 1488 1776 1851
f 1776 1566 1854
f 1851 1854 1584
f 1776 1854 1851
f 1566 1777 1863
f 1777 1510 1861
f 1863 1861 1587
f 1777 1861 1863
f 1584 1864 1852
f 1864 1587 1862
f 1852 1862 1514
f 1864 1862 1852
f 1566 1863 1854
f 1863 1587 1864
f 1854 1864 1584
f 1863 1864 1854
f 1510 1780 1930
f 1780 1567 1932
f 1930 1932 1602
f 1780 1932 1930
f 1567 1779 1920
f 1779 1493 1917
f 1920 1917 1599
f 1779 1917 1920
f 1602 1934 1931
f 1934 1599 1918
f 1931 1918 1517
f 1934 1918 1931
f 1567 1920 1932
f 1920 1599 1934
f 1932 1934 1602
f 1920 1934 1932
f 1514 1941 1856
f 1941 1604 1943
f 1856 1943 1585
f 1941 1943 1856
f 1604 1942 1945
f 1942 1517 1922
f 1945 1922 1600
f 1942 1922 1945
f 1585 1924 1855
f 1924 1600 1921
f 1855 1921 1494
f 1924 1921 1855
f 1604 1945 1943
f 1945 1600 1924
f 1943 1924 1585
f 1945 1924 1943
f 1510 1930 1861
f 1930 1602 1933
f 1861 1933 1587
f 1930 1933 1861
f 1602 1931 1946
f 1931 1517 1942
f 1946 1942 1604
f 1931 1942 1946
f 1587 1944 1862
f 1944 1604 1941
f 1862 1941 1514
f 1944 1941 1862
f 1602 1946 1933
f 1946 1604 1944
f 1933 1944 1587
f 1946 1944 1933
f 1489 1865 1707
f 1865 1588 1868
f 1707 1868 1545
f 1865 1868 1707
f 1588 1866 1880
f 1866 1515 1878
f 1880 1878 1591
f 1866 1878 1880
f 1545 1879 1708
f 1879 1591 1877
f 1708 1877 1503
f 1879 1877 1708
f 1588 1880 1868
f 1880 1591 1879
f 1868 1879 1545
f 1880 1879 1868
f 1515 1870 1911
f 1870 1589 1913
f 1911 1913 1598
f 1870 1913 1911
f 1589 1869 1894
f 1869 1494 1891
f 1894 1891 1594
f 1869 1891 1894
f 1598 1915 1912
f 1915 1594 1892
f 1912 1892 1516
f 1915 1892 1912
f 1589 1894 1913
f 1894 1594 1915
f 1913 1915 1598
f 1894 1915 1913
f 1503 1900 1710
f 1900 1596 1902
f 1710 1902 1546
f 1900 1902 1710
f 1596 1901 1904
f 1901 1516 1888
f 1904 1888 1593
f 1901 1888 1904
f 1546 1890 1709
f 1890 1593 1887
f 1709 1887 1490
f 1890 1887 1709
f 1596 1904 1902
f 1904 1593 1890
f 1902 1890 1546
f 1904 1890 1902
f 1515 1911 1878
f 1911 1598 1914
f 1878 1914 1591
f 1911 1914 1878
f 1598 1912 1916
f 1912 1516 1901
f 1916 1901 1596
f 1912 1901 1916
f 1591 1903 1877
f 1903 1596 1900
f 1877 1900 1503
f 1903 1900 1877
f 1598 1916 1914
f 1916 1596 1903
f 1914 1903 1591
f 1916 1903 1914
f 1487 1655 2031
f 1655 1531 2033
f 2031 2033 1626
f 1655 2033 2031
f 1531 1656 2039
f 1656 1499 2037
f 2039 2037 1628
f 1656 2037 2039
f 1626 2040 2032
f 2040 1628 2038
f 2032 2038 1523
f 2040 2038 2032
f 1531 2039 2033
f 2039 1628 2040
f 2033 2040 1626
f 2039 2040 2033
f 1499 1659 2052
f 1659 1532 2054
f 2052 2054 1632
f 1659 2054 2052
f 1532 1658 2047
f 1658 1489 2045
f 2047 2045 1630
f 1658 2045 2047
f 1632 2056 2053
f 2056 1630 2046
f 2053 2046 1524
f 2056 2046 2053
f 1532 2047 2054
f 2047 1630 2056
f 2054 2056 1632
f 2047 2056 2054
f 1523 2061 2036
f 2061 1634 2063
f 2036 2063 1627
f 2061 2063 2036
f 1634 2062 2065
f 2062 1524 2050
f 2065 2050 1631
f 2062 2050 2065
f 1627 2051 2035
f 2051 1631 2049
f 2035 2049 1496
f 2051 2049 2035
f 1634 2065 2063
f 2065 1631 2051
f 2063 2051 1627
f 2065 2051 2063
f 1499 2052 2037
f 2052 1632 2055
f 2037 2055 1628
f 2052 2055 2037
f 1632 2053 2066
f 2053 1524 2062
f 2066 2062 1634
f 2053 2062 2066
f 1628 2064 2038
f 2064 1634 2061
f 2038 2061 1523
f 2064 2061 2038
f 1632 2066 2055
f 2066 1634 2064
f 2055 2064 1628
f 2066 2064 2055
f 1491 1714 1965
f 1714 1548 1967
f 1965 1967 1611
f 1714 1967 1965
f 1548 1715 1974
f 1715 1504 1972
f 1974 1972 1613
f 1715 1972 1974
f 1611 1976 1966
f 1976 1613 1973
f 1966 1973 1520
f 1976 1973 1966
f 1548 1974 1967
f 1974 1613 1976
f 1967 1976 1611
f 1974 1976 1967
f 1504 1712 1961
f 1712 1547 1963
f 1961 1963 1610
f 1712 1963 1961
f 1547 1711 1958
f 1711 1487 1956
f 1958 1956 1608
f 1711 1956 1958
f 1610 1964 1962
f 1964 1608 1957
f 1962 1957 1519
f 1964 1957 1962
f 1547 1958 1963
f 1958 1608 1964
f 1963 1964 1610
f 1958 1964 1963
f 1520 1982 1970
f 1982 1615 1985
f 1970 1985 1612
f 1982 1985 1970
f 1615 1981 1983
f 1981 1519 1960
f 1983 1960 1609
f 1981 1960 1983
f 1612 1971 1969
f 1971 1609 1959
f 1969 1959 1495
f 1971 1959 1969
f 1615 1983 1985
f 1983 1609 1971
f 1985 1971 1612
f 1983 1971 1985
f 1504 1961 1972
f 1961 1610 1975
f 1972 1975 1613
f 1961 1975 1972
f 1610 1962 1984
f 1962 1519 1981
f 1984 1981 1615
f 1962 1981 1984
f 1613 1986 1973
f 1986 1615 1982
f 1973 1982 1520
f 1986 1982 1973
f 1610 1984 1975
f 1984 1615 1986
f 1975 1986 1613
f 1984 1986 1975
f 1493 1789 1811
f 1789 1570 1814
f 1811 1814 1575
f 1789 1814 1811
f 1570 1790 1833
f 1790 1511 1831
f 1833 1831 1579
f 1790 1831 1833
f 1575 1835 1812
f 1835 1579 1832
f 1812 1832 1512
f 1835 1832 1812
f 1570 1833 1814
f 1833 1579 1835
f 1814 1835 1575
f 1833 1835 1814
f 1511 1786 1798
f 1786 1569 1800
f 1798 1800 1572
f 1786 1800 1798
f 1569 1785 1788
f 1785 1491 1763
f 1788 1763 1561
f 1785 1763 1788
f 1572 1799 1797
f 1799 1561 1764
f 1797 1764 1508
f 1799 1764 1797
f 1569 1788 1800
f 1788 1561 1799
f 1800 1799 1572
f 1788 1799 1800
f 1512 1821 1808
f 1821 1577 1824
f 1808 1824 1574
f 1821 1824 1808
f 1577 1820 1822
f 1820 1508 1766
f 1822 1766 1562
f 1820 1766 1822
f 1574 1810 1807
f 1810 1562 1765
f 1807 1765 1492
f 1810 1765 1807
f 1577 1822 1824
f 1822 1562 1810
f 1824 1810 1574
f 1822 1810 1824
f 1511 1798 1831
f 1798 1572 1834
f 1831 1834 1579
f 1798 1834 1831
f 1572 1797 1823
f 1797 1508 1820
f 1823 1820 1577
f 1797 1820 1823
f 1579 1836 1832
f 1836 1577 1821
f 1832 1821 1512
f 1836 1821 1832
f 1572 1823 1834
f 1823 1577 1836
f 1834 1836 1579
f 1823 1836 1834
f 1494 1921 1841
f 1921 1600 1923
f 1841 1923 1581
f 1921 1923 1841
f 1600 1922 1939
f 1922 1517 1936
f 1939 1936 1603
f 1922 1936 1939
f 1581 1937 1842
f 1937 1603 1935
f 1842 1935 1513
f 1937 1935 1842
f 1600 1939 1923
f 1939 1603 1937
f 1923 1937 1581
f 1939 1937 1923
f 1517 1918 1926
f 1918 1599 1929
f 1926 1929 1601
f 1918 1929 1926
f 1599 1917 1919
f 1917 1493 1770
f 1919 1770 1564
f 1917 1770 1919
f 1601 1927 1925
f 1927 1564 1771
f 1925 1771 1509
f 1927 1771 1925
f 1599 1919 1929
f 1919 1564 1927
f 1929 1927 1601
f 1919 1927 1929
f 1513 1848 1838
f 1848 1583 1850
f 1838 1850 1580
f 1848 1850 1838
f 1583 1847 1849
f 1847 1509 1768
f 1849 1768 1563
f 1847 1768 1849
f 1580 1840 1837
f 1840 1563 1767
f 1837 1767 1486
f 1840 1767 1837
f 1583 1849 1850
f 1849 1563 1840
f 1850 1840 1580
f 1849 1840 1850
f 1517 1926 1936
f 1926 1601 1940
f 1936 1940 1603
f 1926 1940 1936
f 1601 1925 1928
f 1925 1509 1847
f 1928 1847 1583
f 1925 1847 1928
f 1603 1938 1935
f 1938 1583 1848
f 1935 1848 1513
f 1938 1848 1935
f 1601 1928 1940
f 1928 1583 1938
f 1940 1938 1603
f 1928 1938 1940
f 2127 2164 2143
f 2164 2138 2167
f 2143 2167 2132
f 2164 2167 2143
f 2127 2143 2139
f 2143 2132 2144
f 2139 2144 2128
f 2143 2144 2139
f 2127 2139 2148
f 2139 2128 2149
f 2148 2149 2134
f 2139 2149 2148
f 2127 2148 2160
f 2148 2134 2163
f 2160 2163 2137
f 2148 2163 2160
f 2127 2160 2164
f 2160 2137 2168
f 2164 2168 2138
f 2160 2168 2164
f 2128 2144 2155
f 2144 2132 2158
f 2155 2158 2136
f 2144 2158 2155
f 2132 2167 2145
f 2167 2138 2166
f 2145 2166 2131
f 2167 2166 2145
f 2138 2168 2165
f 2168 2137 2161
f 2165 2161 2129
f 2168 2161 2165
f 2137 2163 2162
f 2163 2134 2150
f 2162 2150 2133
f 2163 2150 2162
f 2134 2149 2154
f 2149 2128 2151
f 2154 2151 2135
f 2149 2151 2154
f 2130 2156 2142
f 2156 2136 2157
f 2142 2157 2131
f 2156 2157 2142
f 2130 2142 2140
f 2142 2131 2141
f 2140 2141 2129
f 2142 2141 2140
f 2130 2140 2147
f 2140 2129 2146
f 2147 2146 2133
f 2140 2146 2147
f 2130 2147 2152
f 2147 2133 2153
f 2152 2153 2135
f 2147 2153 2152
f 2130 2152 2156
f 2152 2135 2159
f 2156 2159 2136
f 2152 2159 2156
f 2131 2157 2145
f 2157 2136 2158
f 2145 2158 2132
f 2157 2158 2145
f 2129 2141 2165
f 2141 2131 2166
f 2165 2166 2138
f 2141 2166 2165
f 2133 2146 2162
f 2146 2129 2161
f 2162 2161 2137
f 2146 2161 2162
f 2135 2153 2154
f 2153 2133 2150
f 2154 2150 2134
f 2153 2150 2154
f 2136 2159 2155
f 2159 2135 2151
f 2155 2151 2128
f 2159 2151 2155
f 2169 2206 2185
f 2206 2180 2209
f 2185 2209 2174
f 2206 2209 2185
f 2169 2185 2181
f 2185 2174 2186
f 2181 2186 2170
f 2185 2186 2181
f 2169 2181 2190
f 2181 2170 2191
f 2190 2191 2176
f 2181 2191 2190
f 2169 2190 2202
f 2190 2176 2205
f 2202 2205 2179
f 2190 2205 2202
f 2169 2202 2206
f 2202 2179 2210
f 2206 2210 2180
f 2202 2210 2206
f 2170 2186 2197
f 2186 2174 2200
f 2197 2200 2178
f 2186 2200 2197
f 2174 2209 2187
f 2209 2180 2208
f 2187 2208 2173
f 2209 2208 2187
f 2180 2210 2207
f 2210 2179 2203
f 2207 2203 2171
f 2210 2203 2207
f 2179 2205 2204
f 2205 2176 2192
f 2204 2192 2175
f 2205 2192 2204
f 2176 2191 2196
f 2191 2170 2193
f 2196 2193 2177
f 2191 2193 2196
f 2172 2198 2184
f 2198 2178 2199
f 2184 2199 2173
f 2198 2199 2184
f 2172 2184 2182
f 2184 2173 2183
f 2182 2183 2171
f 2184 2183 2182
f 2172 2182 2189
f 2182 2171 2188
f 2189 2188 2175
f 2182 2188 2189
f 2172 2189 2194
f 2189 2175 2195
f 2194 2195 2177
f 2189 2195 2194
f 2172 2194 2198
f 2194 2177 2201
f 2198 2201 2178
f 2194 2201 2198
f 2173 2199 2187
f 2199 2178 2200
f 2187 2200 2174
f 2199 2200 2187
f 2171 2183 2207
f 2183 2173 2208
f 2207 2208 2180
f 2183 2208 2207
f 2175 2188 2204
f 2188 2171 2203
f 2204 2203 2179
f 2188 2203 2204
f 2177 2195 2196
f 2195 2175 2192
f 2196 2192 2176
f 2195 2192 2196
f 2178 2201 2197
f 2201 2177 2193
f 2197 2193 2170
f 2201 2193 2197
f 2211 2248 2227
f 2248 2222 2251
f 2227 2251 2216
f 2248 2251 2227
f 2211 2227 2223
f 2227 2216 2228
f 2223 2228 2212
f 2227 2228 2223
f 2211 2223 2232
f 2223 2212 2233
f 2232 2233 2218
f 2223 2233 2232
f 2211 2232 2244
f 2232 2218 2247
f 2244 2247 2221
f 2232 2247 2244
f 2211 2244 2248
f 2244 2221 2252
f 2248 2252 2222
f 2244 2252 2248
f 2212 2228 2239
f 2228 2216 2242
f 2239 2242 2220
f 2228 2242 2239
f 2216 2251 2229
f 2251 2222 2250
f 2229 2250 2215
f 2251 2250 2229
f 2222 2252 2249
f 2252 2221 2245
f 2249 2245 2213
f 2252 2245 2249
f 2221 2247 2246
f 2247 2218 2234
f 2246 2234 2217
f 2247 2234 2246
f 2218 2233 2238
f 2233 2212 2235
f 2238 2235 2219
f 2233 2235 2238
f 2214 2240 2226
f 2240 2220 2241
f 2226 2241 2215
f 2240 2241 2226
f 2214 2226 2224
f 2226 2215 2225
f 2224 2225 2213
f 2226 2225 2224
f 2214 2224 2231
f 2224 2213 2230
f 2231 2230 2217
f 2224 2230 2231
f 2214 2231 2236
f 2231 2217 2237
f 2236 2237 2219
f 2231 2237 2236
f 2214 2236 2240
f 2236 2219 2243
f 2240 2243 2220
f 2236 2243 2240
f 2215 2241 2229
f 2241 2220 2242
f 2229 2242 2216
f 2241 2242 2229
f 2213 2225 2249
f 2225 2215 2250
f 2249 2250 2222
f 2225 2250 2249
f 2217 2230 2246
f 2230 2213 2245
f 2246 2245 2221
f 2230 2245 2246
f 2219 2237 2238
f 2237 2217 2234
f 2238 2234 2218
f 2237 2234 2238
f 2220 2243 2239
f 2243 2219 2235
f 2239 2235 2212
f 2243 2235 2239
f 2253 2290 2269
f 2290 2264 2293
f 2269 2293 2258
f 2290 2293 2269
f 2253 2269 2265
f 2269 2258 2270
f 2265 2270 2254
f 2269 2270 2265
f 2253 2265 2274
f 2265 2254 2275
f 2274 2275 2260
f 2265 2275 2274
f 2253 2274 2286
f 2274 2260 2289
f 2286 2289 2263
f 2274 2289 2286
f 2253 2286 2290
f 2286 2263 2294
f 2290 2294 2264
f 2286 2294 2290
f 2254 2270 2281
f 2270 2258 2284
f 2281 2284 2262
f 2270 2284 2281
f 2258 2293 2271
f 2293 2264 2292
f 2271 2292 2257
f 2293 2292 2271
f 2264 2294 2291
f 2294 2263 2287
f 2291 2287 2255
f 2294 2287 2291
f 2263 2289 2288
f 2289 2260 2276
f 2288 2276 2259
f 2289 2276 2288
f 2260 2275 2280
f 2275 2254 2277
f 2280 2277 2261
f 2275 2277 2280
f 2256 2282 2268
f 2282 2262 2283
f 2268 2283 2257
f 2282 2283 2268
f 2256 2268 2266
f 2268 2257 2267
f 2266 2267 2255
f 2268 2267 2266
f 2256 2266 2273
f 2266 2255 2272
f 2273 2272 2259
f 2266 2272 2273
f 2256 2273 2278
f 2273 2259 2279
f 2278 2279 2261
f 2273 2279 2278
f 2256 2278 2282
f 2278 2261 2285
f 2282 2285 2262
f 2278 2285 2282
f 2257 2283 2271
f 2283 2262 2284
f 2271 2284 2258
f 2283 2284 2271
f 2255 2267 2291
f 2267 2257 2292
f 2291 2292 2264
f 2267 2292 2291
f 2259 2272 2288
f 2272 2255 2287
f 2288 2287 2263
f 2272 2287 2288
f 2261 2279 2280
f 2279 2259 2276
f 2280 2276 2260
f 2279 2276 2280
f 2262 2285 2281
f 2285 2261 2277
f 2281 2277 2254
f 2285 2277 2281
f 2295 2332 2311
f 2332 2306 2335
f 2311 2335 2300
f 2332 2335 2311
f 2295 2311 2307
f 2311 2300 2312
f 2307 2312 2296
f 2311 2312 2307
f 2295 2307 2316
f 2307 2296 2317
f 2316 2317 2302
f 2307 2317 2316
f 2295 2316 2328
f 2316 2302 2331
f 2328 2331 2305
f 2316 2331 2328
f 2295 2328 2332
f 2328 2305 2336
f 2332 2336 2306
f 2328 2336 2332
f 2296 2312 2323
f 2312 2300 2326
f 2323 2326 2304
f 2312 2326 2323
f 2300 2335 2313
f 2335 2306 2334
f 2313 2334 2299
f 2335 2334 2313
f 2306 2336 2333
f 2336 2305 2329
f 2333 2329 2297
f 2336 2329 2333
f 2305 2331 2330
f 2331 2302 2318
f 2330 2318 2301
f 2331 2318 2330
f 2302 2317 2322
f 2317 2296 2319
f 2322 2319 2303
f 2317 2319 2322
f 2298 2324 2310
f 2324 2304 2325
f 2310 2325 2299
f 2324 2325 2310
f 2298 2310 2308
f 2310 2299 2309
f 2308 2309 2297
f 2310 2309 2308
f 2298 2308 2315
f 2308 2297 2314
f 2315 2314 2301
f 2308 2314 2315
f 2298 2315 2320
f 2315 2301 2321
f 2320 2321 2303
f 2315 2321 2320
f 2298 2320 2324
f 2320 2303 2327
f 2324 2327 2304
f 2320 2327 2324
f 2299 2325 2313
f 2325 2304 2326
f 2313 2326 2300
f 2325 2326 2313
f 2297 2309 2333
f 2309 2299 2334
f 2333 2334 2306
f 2309 2334 2333
f 2301 2314 2330
f 2314 2297 2329
f 2330 2329 2305
f 2314 2329 2330
f 2303 2321 2322
f 2321 2301 2318
f 2322 2318 2302
f 2321 2318 2322
f 2304 2327 2323
f 2327 2303 2319
f 2323 2319 2296
f 2327 2319 2323
f 2337 2374 2353
f 2374 2348 2377
f 2353 2377 2342
f 2374 2377 2353
f 2337 2353 2349
f 2353 2342 2354
f 2349 2354 2338
f 2353 2354 2349
f 2337 2349 2358
f 2349 2338 2359
f 2358 2359 2344
f 2349 2359 2358
f 2337 2358 2370
f 2358 2344 2373
f 2370 2373 2347
f 2358 2373 2370
f 2337 2370 2374
f 2370 2347 2378
f 2374 2378 2348
f 2370 2378 2374
f 2338 2354 2365
f 2354 2342 2368
f 2365 2368 2346
f 2354 2368 2365
f 2342 2377 2355
f 2377 2348 2376
f 2355 2376 2341
f 2377 2376 2355
f 2348 2378 2375
f 2378 2347 2371
f 2375 2371 2339
f 2378 2371 2375
f 2347 2373 2372
f 2373 2344 2360
f 2372 2360 2343
f 2373 2360 2372
f 2344 2359 2364
f 2359 2338 2361
f 2364 2361 2345
f 2359 2361 2364
f 2340 2366 2352
f 2366 2346 2367
f 2352 2367 2341
f 2366 2367 2352
f 2340 2352 2350
f 2352 2341 2351
f 2350 2351 2339
f 2352 2351 2350
f 2340 2350 2357
f 2350 2339 2356
f 2357 2356 2343
f 2350 2356 2357
f 2340 2357 2362
f 2357 2343 2363
f 2362 2363 2345
f 2357 2363 2362
f 2340 2362 2366
f 2362 2345 2369
f 2366 2369 2346
f 2362 2369 2366
f 2341 2367 2355
f 2367 2346 2368
f 2355 2368 2342
f 2367 2368 2355
f 2339 2351 2375
f 2351 2341 2376
f 2375 2376 2348
f 2351 2376 2375
f 2343 2356 2372
f 2356 2339 2371
f 2372 2371 2347
f 2356 2371 2372
f 2345 2363 2364
f 2363 2343 2360
f 2364 2360 2344
f 2363 2360 2364
f 2346 2369 2365
f 2369 2345 2361
f 2365 2361 2338
f 2369 2361 2365
f 2379 2416 2395
f 2416 2390 2419
f 2395 2419 2384
f 2416 2419 2395
f 2379 2395 2391
f 2395 2384 2396
f 2391 2396 2380
f 2395 2396 2391
f 2379 2391 2400
f 2391 2380 2401
f 2400 2401 2386
f 2391 2401 2400
f 2379 2400 2412
f 2400 2386 2415
f 2412 2415 2389
f 2400 2415 2412
f 2379 2412 2416
f 2412 2389 2420
f 2416 2420 2390
f 2412 2420 2416
f 2380 2396 2407
f 2396 2384 2410
f 2407 2410 2388
f 2396 2410 2407
f 2384 2419 2397
f 2419 2390 2418
f 2397 2418 2383
f 2419 2418 2397
f 2390 2420 2417
f 2420 2389 2413
f 2417 2413 2381
f 2420 2413 2417
f 2389 2415 2414
f 2415 2386 2402
f 2414 2402 2385
f 2415 2402 2414
f 2386 2401 2406
f 2401 2380 2403
f 2406 2403 2387
f 2401 2403 2406
f 2382 2408 2394
f 2408 2388 2409
f 2394 2409 2383
f 2408 2409 2394
f 2382 2394 2392
f 2394 2383 2393
f 2392 2393 2381
f 2394 2393 2392
f 2382 2392 2399
f 2392 2381 2398
f 2399 2398 2385
f 2392 2398 2399
f 2382 2399 2404
f 2399 2385 2405
f 2404 2405 2387
f 2399 2405 2404
f 2382 2404 2408
f 2404 2387 2411
f 2408 2411 2388
f 2404 2411 2408
f 2383 2409 2397
f 2409 2388 2410
f 2397 2410 2384
f 2409 2410 2397
f 2381 2393 2417
f 2393 2383 2418
f 2417 2418 2390
f 2393 2418 2417
f 2385 2398 2414
f 2398 2381 2413
f 2414 2413 2389
f 2398 2413 2414
f 2387 2405 2406
f 2405 2385 2402
f 2406 2402 2386
f 2405 2402 2406
f 2388 2411 2407
f 2411 2387 2403
f 2407 2403 2380
f 2411 2403 2407
f 2421 2458 2437
f 2458 2432 2461
f 2437 2461 2426
f 2458 2461 2437
f 2421 2437 2433
f 2437 2426 2438
f 2433 2438 2422
f 2437 2438 2433
f 2421 2433 2442
f 2433 2422 2443
f 2442 2443 2428
f 2433 2443 2442
f 2421 2442 2454
f 2442 2428 2457
f 2454 2457 2431
f 2442 2457 2454
f 2421 2454 2458
f 2454 2431 2462
f 2458 2462 2432
f 2454 2462 2458
f 2422 2438 2449
f 2438 2426 2452
f 2449 2452 2430
f 2438 2452 2449
f 2426 2461 2439
f 2461 2432 2460
f 2439 2460 2425
f 2461 2460 2439
f 2432 2462 2459
f 2462 2431 2455
f 2459 2455 2423
f 2462 2455 2459
f 2431 2457 2456
f 2457 2428 2444
f 2456 2444 2427
f 2457 2444 2456
f 2428 2443 2448
f 2443 2422 2445
f 2448 2445 2429
f 2443 2445 2448
f 2424 2450 2436
f 2450 2430 2451
f 2436 2451 2425
f 2450 2451 2436
f 2424 2436 2434
f 2436 2425 2435
f 2434 2435 2423
f 2436 2435 2434
f 2424 2434 2441
f 2434 2423 2440
f 2441 2440 2427
f 2434 2440 2441
f 2424 2441 2446
f 2441 2427 2447
f 2446 2447 2429
f 2441 2447 2446
f 2424 2446 2450
f 2446 2429 2453
f 2450 2453 2430
f 2446 2453 2450
f 2425 2451 2439
f 2451 2430 2452
f 2439 2452 2426
f 2451 2452 2439
f 2423 2435 2459
f 2435 2425 2460
f 2459 2460 2432
f 2435 2460 2459
f 2427 2440 2456
f 2440 2423 2455
f 2456 2455 2431
f 2440 2455 2456
f 2429 2447 2448
f 2447 2427 2444
f 2448 2444 2428
f 2447 2444 2448
f 2430 2453 2449
f 2453 2429 2445
f 2449 2445 2422
f 2453 2445 2449
f 2463 2500 2479
f 2500 2474 2503
f 2479 2503 2468
f 2500 2503 2479
f 2463 2479 2475
f 2479 2468 2480
f 2475 2480 2464
f 2479 2480 2475
f 2463 2475 2484
f 2475 2464 2485
f 2484 2485 2470
f 2475 2485 2484
f 2463 2484 2496
f 2484 2470 2499
f 2496 2499 2473
f 2484 2499 2496
f 2463 2496 2500
f 2496 2473 2504
f 2500 2504 2474
f 2496 2504 2500
f 2464 2480 2491
f 2480 2468 2494
f 2491 2494 2472
f 2480 2494 2491
f 2468 2503 2481
f 2503 2474 2502
f 2481 2502 2467
f 2503 2502 2481
f 2474 2504 2501
f 2504 2473 2497
f 2501 2497 2465
f 2504 2497 2501
f 2473 2499 2498
f 2499 2470 2486
f 2498 2486 2469
f 2499 2486 2498
f 2470 2485 2490
f 2485 2464 2487
f 2490 2487 2471
f 2485 2487 2490
f 2466 2492 2478
f 2492 2472 2493
f 2478 2493 2467
f 2492 2493 2478
f 2466 2478 2476
f 2478 2467 2477
f 2476 2477 2465
f 2478 2477 2476
f 2466 2476 2483
f 2476 2465 2482
f 2483 2482 2469
f 2476 2482 2483
f 2466 2483 2488
f 2483 2469 2489
f 2488 2489 2471
f 2483 2489 2488
f 2466 2488 2492
f 2488 2471 2495
f 2492 2495 2472
f 2488 2495 2492
f 2467 2493 2481
f 2493 2472 2494
f 2481 2494 2468
f 2493 2494 2481
f 2465 2477 2501
f 2477 2467 2502
f 2501 2502 2474
f 2477 2502 2501
f 2469 2482 2498
f 2482 2465 2497
f 2498 2497 2473
f 2482 2497 2498
f 2471 2489 2490
f 2489 2469 2486
f 2490 2486 2470
f 2489 2486 2490
f 2472 2495 2491
f 2495 2471 2487
f 2491 2487 2464
f 2495 2487 2491
f 2505 2542 2521
f 2542 2516 2545
f 2521 2545 2510
f 2542 2545 2521
f 2505 2521 2517
f 2521 2510 2522
f 2517 2522 2506
f 2521 2522 2517
f 2505 2517 2526
f 2517 2506 2527
f 2526 2527 2512
f 2517 2527 2526
f 2505 2526 2538
f 2526 2512 2541
f 2538 2541 2515
f 2526 2541 2538
f 2505 2538 2542
f 2538 2515 2546
f 2542 2546 2516
f 2538 2546 2542
f 2506 2522 2533
f 2522 2510 2536
f 2533 2536 2514
f 2522 2536 2533
f 2510 2545 2523
f 2545 2516 2544
f 2523 2544 2509
f 2545 2544 2523
f 2516 2546 2543
f 2546 2515 2539
f 2543 2539 2507
f 2546 2539 2543
f 2515 2541 2540
f 2541 2512 2528
f 2540 2528 2511
f 2541 2528 2540
f 2512 2527 2532
f 2527 2506 2529
f 2532 2529 2513
f 2527 2529 2532
f 2508 2534 2520
f 2534 2514 2535
f 2520 2535 2509
f 2534 2535 2520
f 2508 2520 2518
f 2520 2509 2519
f 2518 2519 2507
f 2520 2519 2518
f 2508 2518 2525
f 2518 2507 2524
f 2525 2524 2511
f 2518 2524 2525
f 2508 2525 2530
f 2525 2511 2531
f 2530 2531 2513
f 2525 2531 2530
f 2508 2530 2534
f 2530 2513 2537
f 2534 2537 2514
f 2530 2537 2534
f 2509 2535 2523
f 2535 2514 2536
f 2523 2536 2510
f 2535 2536 2523
f 2507 2519 2543
f 2519 2509 2544
f 2543 2544 2516
f 2519 2544 2543
f 2511 2524 2540
f 2524 2507 2539
f 2540 2539 2515
f 2524 2539 2540
f 2513 2531 2532
f 2531 2511 2528
f 2532 2528 2512
f 2531 2528 2532
f 2514 2537 2533
f 2537 2513 2529
f 2533 2529 2506
f 2537 2529 2533
f 2547 2584 2563
f 2584 2558 2587
f 2563 2587 2552
f 2584 2587 2563
f 2547 2563 2559
f 2563 2552 2564
f 2559 2564 2548
f 2563 2564 2559
f 2547 2559 2568
f 2559 2548 2569
f 2568 2569 2554
f 2559 2569 2568
f 2547 2568 2580
f 2568 2554 2583
f 2580 2583 2557
f 2568 2583 2580
f 2547 2580 2584
f 2580 2557 2588
f 2584 2588 2558
f 2580 2588 2584
f 2548 2564 2575
f 2564 2552 2578
f 2575 2578 2556
f 2564 2578 2575
f 2552 2587 2565
f 2587 2558 2586
f 2565 2586 2551
f 2587 2586 2565
f 2558 2588 2585
f 2588 2557 2581
f 2585 2581 2549
f 2588 2581 2585
f 2557 2583 2582
f 2583 2554 2570
f 2582 2570 2553
f 2583 2570 2582
f 2554 2569 2574
f 2569 2548 2571
f 2574 2571 2555
f 2569 2571 2574
f 2550 2576 2562
f 2576 2556 2577
f 2562 2577 2551
f 2576 2577 2562
f 2550 2562 2560
f 2562 2551 2561
f 2560 2561 2549
f 2562 2561 2560
f 2550 2560 2567
f 2560 2549 2566
f 2567 2566 2553
f 2560 2566 2567
f 2550 2567 2572
f 2567 2553 2573
f 2572 2573 2555
f 2567 2573 2572
f 2550 2572 2576
f 2572 2555 2579
f 2576 2579 2556
f 2572 2579 2576
f 2551 2577 2565
f 2577 2556 2578
f 2565 2578 2552
f 2577 2578 2565
f 2549 2561 2585
f 2561 2551 2586
f 2585 2586 2558
f 2561 2586 2585
f 2553 2566 2582
f 2566 2549 2581
f 2582 2581 2557
f 2566 2581 2582
f 2555 2573 2574
f 2573 2553 2570
f 2574 2570 2554
f 2573 2570 2574
f 2556 2579 2575
f 2579 2555 2571
f 2575 2571 2548
f 2579 2571 2575
f 2589 2626 2605
f 2626 2600 2629
f 2605 2629 2594
f 2626 2629 2605
f 2589 2605 2601
f 2605 2594 2606
f 2601 2606 2590
f 2605 2606 2601
f 2589 2601 2610
f 2601 2590 2611
f 2610 2611 2596
f 2601 2611 2610
f 2589 2610 2622
f 2610 2596 2625
f 2622 2625 2599
f 2610 2625 2622
f 2589 2622 2626
f 2622 2599 2630
f 2626 2630 2600
f 2622 2630 2626
f 2590 2606 2617
f 2606 2594 2620
f 2617 2620 2598
f 2606 2620 2617
f 2594 2629 2607
f 2629 2600 2628
f 2607 2628 2593
f 2629 2628 2607
f 2600 2630 2627
f 2630 2599 2623
f 2627 2623 2591
f 2630 2623 2627
f 2599 2625 2624
f 2625 2596 2612
f 2624 2612 2595
f 2625 2612 2624
f 2596 2611 2616
f 2611 2590 2613
f 2616 2613 2597
f 2611 2613 2616
f 2592 2618 2604
f 2618 2598 2619
f 2604 2619 2593
f 2618 2619 2604
f 2592 2604 2602
f 2604 2593 2603
f 2602 2603 2591
f 2604 2603 2602
f 2592 2602 2609
f 2602 2591 2608
f 2609 2608 2595
f 2602 2608 2609
f 2592 2609 2614
f 2609 2595 2615
f 2614 2615 2597
f 2609 2615 2614
f 2592 2614 2618
f 2614 2597 2621
f 2618 2621 2598
f 2614 2621 2618
f 2593 2619 2607
f 2619 2598 2620
f 2607 2620 2594
f 2619 2620 2607
f 2591 2603 2627
f 2603 2593 2628
f 2627 2628 2600
f 2603 2628 2627
f 2595 2608 2624
f 2608 2591 2623
f 2624 2623 2599
f 2608 2623 2624
f 2597 2615 2616
f 2615 2595 2612
f 2616 2612 2596
f 2615 2612 2616
f 2598 2621 2617
f 2621 2597 2613
f 2617 2613 2590
f 2621 2613 2617
f 2631 2668 2647
f 2668 2642 2671
f 2647 2671 2636
f 2668 2671 2647
f 2631 2647 2643
f 2647 2636 2648
f 2643 2648 2632
f 2647 2648 2643
f 2631 2643 2652
f 2643 2632 2653
f 2652 2653 2638
f 2643 2653 2652
f 2631 2652 2664
f 2652 2638 2667
f 2664 2667 2641
f 2652 2667 2664
f 2631 2664 2668
f 2664 2641 2672
f 2668 2672 2642
f 2664 2672 2668
f 2632 2648 2659
f 2648 2636 2662
f 2659 2662 2640
f 2648 2662 2659
f 2636 2671 2649
f 2671 2642 2670
f 2649 2670 2635
f 2671 2670 2649
f 2642 2672 2669
f 2672 2641 2665
f 2669 2665 2633
f 2672 2665 2669
f 2641 2667 2666
f 2667 2638 2654
f 2666 2654 2637
f 2667 2654 2666
f 2638 2653 2658
f 2653 2632 2655
f 2658 2655 2639
f 2653 2655 2658
f 2634 2660 2646
f 2660 2640 2661
f 2646 2661 2635
f 2660 2661 2646
f 2634 2646 2644
f 2646 2635 2645
f 2644 2645 2633
f 2646 2645 2644
f 2634 2644 2651
f 2644 2633 2650
f 2651 2650 2637
f 2644 2650 2651
f 2634 2651 2656
f 2651 2637 2657
f 2656 2657 2639
f 2651 2657 2656
f 2634 2656 2660
f 2656 2639 2663
f 2660 2663 2640
f 2656 2663 2660
f 2635 2661 2649
f 2661 2640 2662
f 2649 2662 2636
f 2661 2662 2649
f 2633 2645 2669
f 2645 2635 2670
f 2669 2670 2642
f 2645 2670 2669
f 2637 2650 2666
f 2650 2633 2665
f 2666 2665 2641
f 2650 2665 2666
f 2639 2657 2658
f 2657 2637 2654
f 2658 2654 2638
f 2657 2654 2658
f 2640 2663 2659
f 2663 2639 2655
f 2659 2655 2632
f 2663 2655 2659
f 2673 2710 2689
f 2710 2684 2713
f 2689 2713 2678
f 2710 2713 2689
f 2673 2689 2685
f 2689 2678 2690
f 2685 2690 2674
f 2689 2690 2685
f 2673 2685 2694
f 2685 2674 2695
f 2694 2695 2680
f 2685 2695 2694
f 2673 2694 2706
f 2694 2680 2709
f 2706 2709 2683
f 2694 2709 2706
f 2673 2706 2710
f 2706 2683 2714
f 2710 2714 2684
f 2706 2714 2710
f 2674 2690 2701
f 2690 2678 2704
f 2701 2704 2682
f 2690 2704 2701
f 2678 2713 2691
f 2713 2684 2712
f 2691 2712 2677
f 2713 2712 2691
f 2684 2714 2711
f 2714 2683 2707
f 2711 2707 2675
f 2714 2707 2711
f 2683 2709 2708
f 2709 2680 2696
f 2708 2696 2679
f 2709 2696 2708
f 2680 2695 2700
f 2695 2674 2697
f 2700 2697 2681
f 2695 2697 2700
f 2676 2702 2688
f 2702 2682 2703
f 2688 2703 2677
f 2702 2703 2688
f 2676 2688 2686
f 2688 2677 2687
f 2686 2687 2675
f 2688 2687 2686
f 2676 2686 2693
f 2686 2675 2692
f 2693 2692 2679
f 2686 2692 2693
f 2676 2693 2698
f 2693 2679 2699
f 2698 2699 2681
f 2693 2699 2698
f 2676 2698 2702
f 2698 2681 2705
f 2702 2705 2682
f 2698 2705 2702
f 2677 2703 2691
f 2703 2682 2704
f 2691 2704 2678
f 2703 2704 2691
f 2675 2687 2711
f 2687 2677 2712
f 2711 2712 2684
f 2687 2712 2711
f 2679 2692 2708
f 2692 2675 2707
f 2708 2707 2683
f 2692 2707 2708
f 2681 2699 2700
f 2699 2679 2696
f 2700 2696 2680
f 2699 2696 2700
f 2682 2705 2701
f 2705 2681 2697
f 2701 2697 2674
f 2705 2697 2701
f 2715 2752 2731
f 2752 2726 2755
f 2731 2755 2720
f 2752 2755 2731
f 2715 2731 2727
f 2731 2720 2732
f 2727 2732 2716
f 2731 2732 2727
f 2715 2727 2736
f 2727 2716 2737
f 2736 2737 2722
f 2727 2737 2736
f 2715 2736 2748
f 2736 2722 2751
f 2748 2751 2725
f 2736 2751 2748
f 2715 2748 2752
f 2748 2725 2756
f 2752 2756 2726
f 2748 2756 2752
f 2716 2732 2743
f 2732 2720 2746
f 2743 2746 2724
f 2732 2746 2743
f 2720 2755 2733
f 2755 2726 2754
f 2733 2754 2719
f 2755 2754 2733
f 2726 2756 2753
f 2756 2725 2749
f 2753 2749 2717
f 2756 2749 2753
f 2725 2751 2750
f 2751 2722 2738
f 2750 2738 2721
f 2751 2738 2750
f 2722 2737 2742
f 2737 2716 2739
f 2742 2739 2723
f 2737 2739 2742
f 2718 2744 2730
f 2744 2724 2745
f 2730 2745 2719
f 2744 2745 2730
f 2718 2730 2728
f 2730 2719 2729
f 2728 2729 2717
f 2730 2729 2728
f 2718 2728 2735
f 2728 2717 2734
f 2735 2734 2721
f 2728 2734 2735
f 2718 2735 2740
f 2735 2721 2741
f 2740 2741 2723
f 2735 2741 2740
f 2718 2740 2744
f 2740 2723 2747
f 2744 2747 2724
f 2740 2747 2744
f 2719 2745 2733
f 2745 2724 2746
f 2733 2746 2720
f 2745 2746 2733
f 2717 2729 2753
f 2729 2719 2754
f 2753 2754 2726
f 2729 2754 2753
f 2721 2734 2750
f 2734 2717 2749
f 2750 2749 2725
f 2734 2749 2750
f 2723 2741 2742
f 2741 2721 2738
f 2742 2738 2722
f 2741 2738 2742
f 2724 2747 2743
f 2747 2723 2739
f 2743 2739 2716
f 2747 2739 2743
f 2757 2794 2773
f 2794 2768 2797
f 2773 2797 2762
f 2794 2797 2773
f 2757 2773 2769
f 2773 2762 2774
f 2769 2774 2758
f 2773 2774 2769
f 2757 2769 2778
f 2769 2758 2779
f 2778 2779 2764
f 2769 2779 2778
f 2757 2778 2790
f 2778 2764 2793
f 2790 2793 2767
f 2778 2793 2790
f 2757 2790 2794
f 2790 2767 2798
f 2794 2798 2768
f 2790 2798 2794
f 2758 2774 2785
f 2774 2762 2788
f 2785 2788 2766
f 2774 2788 2785
f 2762 2797 2775
f 2797 2768 2796
f 2775 2796 2761
f 2797 2796 2775
f 2768 2798 2795
f 2798 2767 2791
f 2795 2791 2759
f 2798 2791 2795
f 2767 2793 2792
f 2793 2764 2780
f 2792 2780 2763
f 2793 2780 2792
f 2764 2779 2784
f 2779 2758 2781
f 2784 2781 2765
f 2779 2781 2784
f 2760 2786 2772
f 2786 2766 2787
f 2772 2787 2761
f 2786 2787 2772
f 2760 2772 2770
f 2772 2761 2771
f 2770 2771 2759
f 2772 2771 2770
f 2760 2770 2777
f 2770 2759 2776
f 2777 2776 2763
f 2770 2776 2777
f 2760 2777 2782
f 2777 2763 2783
f 2782 2783 2765
f 2777 2783 2782
f 2760 2782 2786
f 2782 2765 2789
f 2786 2789 2766
f 2782 2789 2786
f 2761 2787 2775
f 2787 2766 2788
f 2775 2788 2762
f 2787 2788 2775
f 2759 2771 2795
f 2771 2761 2796
f 2795 2796 2768
f 2771 2796 2795
f 2763 2776 2792
f 2776 2759 2791
f 2792 2791 2767
f 2776 2791 2792
f 2765 2783 2784
f 2783 2763 2780
f 2784 2780 2764
f 2783 2780 2784
f 2766 2789 2785
f 2789 2765 2781
f 2785 2781 2758
f 2789 2781 2785
f 2799 2836 2815
f 2836 2810 2839
f 2815 2839 2804
f 2836 2839 2815
f 2799 2815 2811
f 2815 2804 2816
f 2811 2816 2800
f 2815 2816 2811
f 2799 2811 2820
f 2811 2800 2821
f 2820 2821 2806
f 2811 2821 2820
f 2799 2820 2832
f 2820 2806 2835
f 2832 2835 2809
f 2820 2835 2832
f 2799 2832 2836
f 2832 2809 2840
f 2836 2840 2810
f 2832 2840 2836
f 2800 2816 2827
f 2816 2804 2830
f 2827 2830 2808
f 2816 2830 2827
f 2804 2839 2817
f 2839 2810 2838
f 2817 2838 2803
f 2839 2838 2817
f 2810 2840 2837
f 2840 2809 2833
f 2837 2833 2801
f 2840 2833 2837
f 2809 2835 2834
f 2835 2806 2822
f 2834 2822 2805
f 2835 2822 2834
f 2806 2821 2826
f 2821 2800 2823
f 2826 2823 2807
f 2821 2823 2826
f 2802 2828 2814
f 2828 2808 2829
f 2814 2829 2803
f 2828 2829 2814
f 2802 2814 2812
f 2814 2803 2813
f 2812 2813 2801
f 2814 2813 2812
f 2802 2812 2819
f 2812 2801 2818
f 2819 2818 2805
f 2812 2818 2819
f 2802 2819 2824
f 2819 2805 2825
f 2824 2825 2807
f 2819 2825 2824
f 2802 2824 2828
f 2824 2807 2831
f 2828 2831 2808
f 2824 2831 2828
f 2803 2829 2817
f 2829 2808 2830
f 2817 2830 2804
f 2829 2830 2817
f 2801 2813 2837
f 2813 2803 2838
f 2837 2838 2810
f 2813 2838 2837
f 2805 2818 2834
f 2818 2801 2833
f 2834 2833 2809
f 2818 2833 2834
f 2807 2825 2826
f 2825 2805 2822
f 2826 2822 2806
f 2825 2822 2826
f 2808 2831 2827
f 2831 2807 2823
f 2827 2823 2800
f 2831 2823 2827
f 2841 2878 2857
f 2878 2852 2881
f 2857 2881 2846
f 2878 2881 2857
f 2841 2857 2853
f 2857 2846 2858
f 2853 2858 2842
f 2857 2858 2853
f 2841 2853 2862
f 2853 2842 2863
f 2862 2863 2848
f 2853 2863 2862
f 2841 2862 2874
f 2862 2848 2877
f 2874 2877 2851
f 2862 2877 2874
f 2841 2874 2878
f 2874 2851 2882
f 2878 2882 2852
f 2874 2882 2878
f 2842 2858 2869
f 2858 2846 2872
f 2869 2872 2850
f 2858 2872 2869
f 2846 2881 2859
f 2881 2852 2880
f 2859 2880 2845
f 2881 2880 2859
f 2852 2882 2879
f 2882 2851 2875
f 2879 2875 2843
f 2882 2875 2879
f 2851 2877 2876
f 2877 2848 2864
f 2876 2864 2847
f 2877 2864 2876
f 2848 2863 2868
f 2863 2842 2865
f 2868 2865 2849
f 2863 2865 2868
f 2844 2870 2856
f 2870 2850 2871
f 2856 2871 2845
f 2870 2871 2856
f 2844 2856 2854
f 2856 2845 2855
f 2854 2855 2843
f 2856 2855 2854
f 2844 2854 2861
f 2854 2843 2860
f 2861 2860 2847
f 2854 2860 2861
f 2844 2861 2866
f 2861 2847 2867
f 2866 2867 2849
f 2861 2867 2866
f 2844 2866 2870
f 2866 2849 2873
f 2870 2873 2850
f 2866 2873 2870
f 2845 2871 2859
f 2871 2850 2872
f 2859 2872 2846
f 2871 2872 2859
f 2843 2855 2879
f 2855 2845 2880
f 2879 2880 2852
f 2855 2880 2879
f 2847 2860 2876
f 2860 2843 2875
f 2876 2875 2851
f 2860 2875 2876
f 2849 2867 2868
f 2867 2847 2864
f 2868 2864 2848
f 2867 2864 2868
f 2850 2873 2869
f 2873 2849 2865
f 2869 2865 2842
f 2873 2865 2869
f 2883 2920 2899
f 2920 2894 2923
f 2899 2923 2888
f 2920 2923 2899
f 2883 2899 2895
f 2899 2888 2900
f 2895 2900 2884
f 2899 2900 2895
f 2883 2895 2904
f 2895 2884 2905
f 2904 2905 2890
f 2895 2905 2904
f 2883 2904 2916
f 2904 2890 2919
f 2916 2919 2893
f 2904 2919 2916
f 2883 2916 2920
f 2916 2893 2924
f 2920 2924 2894
f 2916 2924 2920
f 2884 2900 2911
f 2900 2888 2914
f 2911 2914 2892
f 2900 2914 2911
f 2888 2923 2901
f 2923 2894 2922
f 2901 2922 2887
f 2923 2922 2901
f 2894 2924 2921
f 2924 2893 2917
f 2921 2917 2885
f 2924 2917 2921
f 2893 2919 2918
f 2919 2890 2906
f 2918 2906 2889
f 2919 2906 2918
f 2890 2905 2910
f 2905 2884 2907
f 2910 2907 2891
f 2905 2907 2910
f 2886 2912 2898
f 2912 2892 2913
f 2898 2913 2887
f 2912 2913 2898
f 2886 2898 2896
f 2898 2887 2897
f 2896 2897 2885
f 2898 2897 2896
f 2886 2896 2903
f 2896 2885 2902
f 2903 2902 2889
f 2896 2902 2903
f 2886 2903 2908
f 2903 2889 2909
f 2908 2909 2891
f 2903 2909 2908
f 2886 2908 2912
f 2908 2891 2915
f 2912 2915 2892
f 2908 2915 2912
f 2887 2913 2901
f 2913 2892 2914
f 2901 2914 2888
f 2913 2914 2901
f 2885 2897 2921
f 2897 2887 2922
f 2921 2922 2894
f 2897 2922 2921
f 2889 2902 2918
f 2902 2885 2917
f 2918 2917 2893
f 2902 2917 2918
f 2891 2909 2910
f 2909 2889 2906
f 2910 2906 2890
f 2909 2906 2910
f 2892 2915 2911
f 2915 2891 2907
f 2911 2907 2884
f 2915 2907 2911
f 2925 2962 2941
f 2962 2936 2965
f 2941 2965 2930
f 2962 2965 2941
f 2925 2941 2937
f 2941 2930 2942
f 2937 2942 2926
f 2941 2942 2937
f 2925 2937 2946
f 2937 2926 2947
f 2946 2947 2932
f 2937 2947 2946
f 2925 2946 2958
f 2946 2932 2961
f 2958 2961 2935
f 2946 2961 2958
f 2925 2958 2962
f 2958 2935 2966
f 2962 2966 2936
f 2958 2966 2962
f 2926 2942 2953
f 2942 2930 2956
f 2953 2956 2934
f 2942 2956 2953
f 2930 2965 2943
f 2965 2936 2964
f 2943 2964 2929
f 2965 2964 2943
f 2936 2966 2963
f 2966 2935 2959
f 2963 2959 2927
f 2966 2959 2963
f 2935 2961 2960
f 2961 2932 2948
f 2960 2948 2931
f 2961 2948 2960
f 2932 2947 2952
f 2947 2926 2949
f 2952 2949 2933
f 2947 2949 2952
f 2928 2954 2940
f 2954 2934 2955
f 2940 2955 2929
f 2954 2955 2940
f 2928 2940 2938
f 2940 2929 2939
f 2938 2939 2927
f 2940 2939 2938
f 2928 2938 2945
f 2938 2927 2944
f 2945 2944 2931
f 2938 2944 2945
f 2928 2945 2950
f 2945 2931 2951
f 2950 2951 2933
f 2945 2951 2950
f 2928 2950 2954
f 2950 2933 2957
f 2954 2957 2934
f 2950 2957 2954
f 2929 2955 2943
f 2955 2934 2956
f 2943 2956 2930
f 2955 2956 2943
f 2927 2939 2963
f 2939 2929 2964
f 2963 2964 2936
f 2939 2964 2963
f 2931 2944 2960
f 2944 2927 2959
f 2960 2959 2935
f 2944 2959 2960
f 2933 2951 2952
f 2951 2931 2948
f 2952 2948 2932
f 2951 2948 2952
f 2934 2957 2953
f 2957 2933 2949
f 2953 2949 2926
f 2957 2949 2953
f 2967 3004 2983
f 3004 2978 3007
f 2983 3007 2972
f 3004 3007 2983
f 2967 2983 2979
f 2983 2972 2984
f 2979 2984 2968
f 2983 2984 2979
f 2967 2979 2988
f 2979 2968 2989
f 2988 2989 2974
f 2979 2989 2988
f 2967 2988 3000
f 2988 2974 3003
f 3000 3003 2977
f 2988 3003 3000
f 2967 3000 3004
f 3000 2977 3008
f 3004 3008 2978
f 3000 3008 3004
f 2968 2984 2995
f 2984 2972 2998
f 2995 2998 2976
f 2984 2998 2995
f 2972 3007 2985
f 3007 2978 3006
f 2985 3006 2971
f 3007 3006 2985
f 2978 3008 3005
f 3008 2977 3001
f 3005 3001 2969
f 3008 3001 3005
f 2977 3003 3002
f 3003 2974 2990
f 3002 2990 2973
f 3003 2990 3002
f 2974 2989 2994
f 2989 2968 2991
f 2994 2991 2975
f 2989 2991 2994
f 2970 2996 2982
f 2996 2976 2997
f 2982 2997 2971
f 2996 2997 2982
f 2970 2982 2980
f 2982 2971 2981
f 2980 2981 2969
f 2982 2981 2980
f 2970 2980 2987
f 2980 2969 2986
f 2987 2986 2973
f 2980 2986 2987
f 2970 2987 2992
f 2987 2973 2993
f 2992 2993 2975
f 2987 2993 2992
f 2970 2992 2996
f 2992 2975 2999
f 2996 2999 2976
f 2992 2999 2996
f 2971 2997 2985
f 2997 2976 2998
f 2985 2998 2972
f 2997 2998 2985
f 2969 2981 3005
f 2981 2971 3006
f 3005 3006 2978
f 2981 3006 3005
f 2973 2986 3002
f 2986 2969 3001
f 3002 3001 2977
f 2986 3001 3002
f 2975 2993 2994
f 2993 2973 2990
f 2994 2990 2974
f 2993 2990 2994
f 2976 2999 2995
f 2999 2975 2991
f 2995 2991 2968
f 2999 2991 2995
f 3009 3046 3025
f 3046 3020 3049
f 3025 3049 3014
f 3046 3049 3025
f 3009 3025 3021
f 3025 3014 3026
f 3021 3026 3010
f 3025 3026 3021
f 3009 3021 3030
f 3021 3010 3031
f 3030 3031 3016
f 3021 3031 3030
f 3009 3030 3042
f 3030 3016 3045
f 3042 3045 3019
f 3030 3045 3042
f 3009 3042 3046
f 3042 3019 3050
f 3046 3050 3020
f 3042 3050 3046
f 3010 3026 3037
f 3026 3014 3040
f 3037 3040 3018
f 3026 3040 3037
f 3014 3049 3027
f 3049 3020 3048
f 3027 3048 3013
f 3049 3048 3027
f 3020 3050 3047
f 3050 3019 3043
f 3047 3043 3011
f 3050 3043 3047
f 3019 3045 3044
f 3045 3016 3032
f 3044 3032 3015
f 3045 3032 3044
f 3016 3031 3036
f 3031 3010 3033
f 3036 3033 3017
f 3031 3033 3036
f 3012 3038 3024
f 3038 3018 3039
f 3024 3039 3013
f 3038 3039 3024
f 3012 3024 3022
f 3024 3013 3023
f 3022 3023 3011
f 3024 3023 3022
f 3012 3022 3029
f 3022 3011 3028
f 3029 3028 3015
f 3022 3028 3029
f 3012 3029 3034
f 3029 3015 3035
f 3034 3035 3017
f 3029 3035 3034
f 3012 3034 3038
f 3034 3017 3041
f 3038 3041 3018
f 3034 3041 3038
f 3013 3039 3027
f 3039 3018 3040
f 3027 3040 3014
f 3039 3040 3027
f 3011 3023 3047
f 3023 3013 3048
f 3047 3048 3020
f 3023 3048 3047
f 3015 3028 3044
f 3028 3011 3043
f 3044 3043 3019
f 3028 3043 3044
f 3017 3035 3036
f 3035 3015 3032
f 3036 3032 3016
f 3035 3032 3036
f 3018 3041 3037
f 3041 3017 3033
f 3037 3033 3010
f 3041 3033 3037
f 3051 3088 3067
f 3088 3062 3091
f 3067 3091 3056
f 3088 3091 3067
f 3051 3067 3063
f 3067 3056 3068
f 3063 3068 3052
f 3067 3068 3063
f 3051 3063 3072
f 3063 3052 3073
f 3072 3073 3058
f 3063 3073 3072
f 3051 3072 3084
f 3072 3058 3087
f 3084 3087 3061
f 3072 3087 3084
f 3051 3084 3088
f 3084 3061 3092
f 3088 3092 3062
f 3084 3092 3088
f 3052 3068 3079
f 3068 3056 3082
f 3079 3082 3060
f 3068 3082 3079
f 3056 3091 3069
f 3091 3062 3090
f 3069 3090 3055
f 3091 3090 3069
f 3062 3092 3089
f 3092 3061 3085
f 3089 3085 3053
f 3092 3085 3089
f 3061 3087 3086
f 3087 3058 3074
f 3086 3074 3057
f 3087 3074 3086
f 3058 3073 3078
f 3073 3052 3075
f 3078 3075 3059
f 3073 3075 3078
f 3054 3080 3066
f 3080 3060 3081
f 3066 3081 3055
f 3080 3081 3066
f 3054 3066 3064
f 3066 3055 3065
f 3064 3065 3053
f 3066 3065 3064
f 3054 3064 3071
f 3064 3053 3070
f 3071 3070 3057
f 3064 3070 3071
f 3054 3071 3076
f 3071 3057 3077
f 3076 3077 3059
f 3071 3077 3076
f 3054 3076 3080
f 3076 3059 3083
f 3080 3083 3060
f 3076 3083 3080
f 3055 3081 3069
f 3081 3060 3082
f 3069 3082 3056
f 3081 3082 3069
f 3053 3065 3089
f 3065 3055 3090
f 3089 3090 3062
f 3065 3090 3089
f 3057 3070 3086
f 3070 3053 3085
f 3086 3085 3061
f 3070 3085 3086
f 3059 3077 3078
f 3077 3057 3074
f 3078 3074 3058
f 3077 3074 3078
f 3060 3083 3079
f 3083 3059 3075
f 3079 3075 3052
f 3083 3075 3079
f 3093 3130 3109
f 3130 3104 3133
f 3109 3133 3098
f 3130 3133 3109
f 3093 3109 3105
f 3109 3098 3110
f 3105 3110 3094
f 3109 3110 3105
f 3093 3105 3114
f 3105 3094 3115
f 3114 3115 3100
f 3105 3115 3114
f 3093 3114 3126
f 3114 3100 3129
f 3126 3129 3103
f 3114 3129 3126
f 3093 3126 3130
f 3126 3103 3134
f 3130 3134 3104
f 3126 3134 3130
f 3094 3110 3121
f 3110 3098 3124
f 3121 3124 3102
f 3110 3124 3121
f 3098 3133 3111
f 3133 3104 3132
f 3111 3132 3097
f 3133 3132 3111
f 3104 3134 3131
f 3134 3103 3127
f 3131 3127 3095
f 3134 3127 3131
f 3103 3129 3128
f 3129 3100 3116
f 3128 3116 3099
f 3129 3116 3128
f 3100 3115 3120
f 3115 3094 3117
f 3120 3117 3101
f 3115 3117 3120
f 3096 3122 3108
f 3122 3102 3123
f 3108 3123 3097
f 3122 3123 3108
f 3096 3108 3106
f 3108 3097 3107
f 3106 3107 3095
f 3108 3107 3106
f 3096 3106 3113
f 3106 3095 3112
f 3113 3112 3099
f 3106 3112 3113
f 3096 3113 3118
f 3113 3099 3119
f 3118 3119 3101
f 3113 3119 3118
f 3096 3118 3122
f 3118 3101 3125
f 3122 3125 3102
f 3118 3125 3122
f 3097 3123 3111
f 3123 3102 3124
f 3111 3124 3098
f 3123 3124 3111
f 3095 3107 3131
f 3107 3097 3132
f 3131 3132 3104
f 3107 3132 3131
f 3099 3112 3128
f 3112 3095 3127
f 3128 3127 3103
f 3112 3127 3128
f 3101 3119 3120
f 3119 3099 3116
f 3120 3116 3100
f 3119 3116 3120
f 3102 3125 3121
f 3125 3101 3117
f 3121 3117 3094
f 3125 3117 3121
f 3135 3172 3151
f 3172 3146 3175
f 3151 3175 3140
f 3172 3175 3151
f 3135 3151 3147
f 3151 3140 3152
f 3147 3152 3136
f 3151 3152 3147
f 3135 3147 3156
f 3147 3136 3157
f 3156 3157 3142
f 3147 3157 3156
f 3135 3156 3168
f 3156 3142 3171
f 3168 3171 3145
f 3156 3171 3168
f 3135 3168 3172
f 3168 3145 3176
f 3172 3176 3146
f 3168 3176 3172
f 3136 3152 3163
f 3152 3140 3166
f 3163 3166 3144
f 3152 3166 3163
f 3140 3175 3153
f 3175 3146 3174
f 3153 3174 3139
f 3175 3174 3153
f 3146 3176 3173
f 3176 3145 3169
f 3173 3169 3137
f 3176 3169 3173
f 3145 3171 3170
f 3171 3142 3158
f 3170 3158 3141
f 3171 3158 3170
f 3142 3157 3162
f 3157 3136 3159
f 3162 3159 3143
f 3157 3159 3162
f 3138 3164 3150
f 3164 3144 3165
f 3150 3165 3139
f 3164 3165 3150
f 3138 3150 3148
f 3150 3139 3149
f 3148 3149 3137
f 3150 3149 3148
f 3138 3148 3155
f 3148 3137 3154
f 3155 3154 3141
f 3148 3154 3155
f 3138 3155 3160
f 3155 3141 3161
f 3160 3161 3143
f 3155 3161 3160
f 3138 3160 3164
f 3160 3143 3167
f 3164 3167 3144
f 3160 3167 3164
f 3139 3165 3153
f 3165 3144 3166
f 3153 3166 3140
f 3165 3166 3153
f 3137 3149 3173
f 3149 3139 3174
f 3173 3174 3146
f 3149 3174 3173
f 3141 3154 3170
f 3154 3137 3169
f 3170 3169 3145
f 3154 3169 3170
f 3143 3161 3162
f 3161 3141 3158
f 3162 3158 3142
f 3161 3158 3162
f 3144 3167 3163
f 3167 3143 3159
f 3163 3159 3136
f 3167 3159 3163
f 3177 3214 3193
f 3214 3188 3217
f 3193 3217 3182
f 3214 3217 3193
f 3177 3193 3189
f 3193 3182 3194
f 3189 3194 3178
f 3193 3194 3189
f 3177 3189 3198
f 3189 3178 3199
f 3198 3199 3184
f 3189 3199 3198
f 3177 3198 3210
f 3198 3184 3213
f 3210 3213 3187
f 3198 3213 3210
f 3177 3210 3214
f 3210 3187 3218
f 3214 3218 3188
f 3210 3218 3214
f 3178 3194 3205
f 3194 3182 3208
f 3205 3208 3186
f 3194 3208 3205
f 3182 3217 3195
f 3217 3188 3216
f 3195 3216 3181
f 3217 3216 3195
f 3188 3218 3215
f 3218 3187 3211
f 3215 3211 3179
f 3218 3211 3215
f 3187 3213 3212
f 3213 3184 3200
f 3212 3200 3183
f 3213 3200 3212
f 3184 3199 3204
f 3199 3178 3201
f 3204 3201 3185
f 3199 3201 3204
f 3180 3206 3192
f 3206 3186 3207
f 3192 3207 3181
f 3206 3207 3192
f 3180 3192 3190
f 3192 3181 3191
f 3190 3191 3179
f 3192 3191 3190
f 3180 3190 3197
f 3190 3179 3196
f 3197 3196 3183
f 3190 3196 3197
f 3180 3197 3202
f 3197 3183 3203
f 3202 3203 3185
f 3197 3203 3202
f 3180 3202 3206
f 3202 3185 3209
f 3206 3209 3186
f 3202 3209 3206
f 3181 3207 3195
f 3207 3186 3208
f 3195 3208 3182
f 3207 3208 3195
f 3179 3191 3215
f 3191 3181 3216
f 3215 3216 3188
f 3191 3216 3215
f 3183 3196 3212
f 3196 3179 3211
f 3212 3211 3187
f 3196 3211 3212
f 3185 3203 3204
f 3203 3183 3200
f 3204 3200 3184
f 3203 3200 3204
f 3186 3209 3205
f 3209 3185 3201
f 3205 3201 3178
f 3209 3201 3205
f 3219 3256 3235
f 3256 3230 3259
f 3235 3259 3224
f 3256 3259 3235
f 3219 3235 3231
f 3235 3224 3236
f 3231 3236 3220
f 3235 3236 3231
f 3219 3231 3240
f 3231 3220 3241
f 3240 3241 3226
f 3231 3241 3240
f 3219 3240 3252
f 3240 3226 3255
f 3252 3255 3229
f 3240 3255 3252
f 3219 3252 3256
f 3252 3229 3260
f 3256 3260 3230
f 3252 3260 3256
f 3220 3236 3247
f 3236 3224 3250
f 3247 3250 3228
f 3236 3250 3247
f 3224 3259 3237
f 3259 3230 3258
f 3237 3258 3223
f 3259 3258 3237
f 3230 3260 3257
f 3260 3229 3253
f 3257 3253 3221
f 3260 3253 3257
f 3229 3255 3254
f 3255 3226 3242
f 3254 3242 3225
f 3255 3242 3254
f 3226 3241 3246
f 3241 3220 3243
f 3246 3243 3227
f 3241 3243 3246
f 3222 3248 3234
f 3248 3228 3249
f 3234 3249 3223
f 3248 3249 3234
f 3222 3234 3232
f 3234 3223 3233
f 3232 3233 3221
f 3234 3233 3232
f 3222 3232 3239
f 3232 3221 3238
f 3239 3238 3225
f 3232 3238 3239
f 3222 3239 3244
f 3239 3225 3245
f 3244 3245 3227
f 3239 3245 3244
f 3222 3244 3248
f 3244 3227 3251
f 3248 3251 3228
f 3244 3251 3248
f 3223 3249 3237
f 3249 3228 3250
f 3237 3250 3224
f 3249 3250 3237
f 3221 3233 3257
f 3233 3223 3258
f 3257 3258 3230
f 3233 3258 3257
f 3225 3238 3254
f 3238 3221 3253
f 3254 3253 3229
f 3238 3253 3254
f 3227 3245 3246
f 3245 3225 3242
f 3246 3242 3226
f 3245 3242 3246
f 3228 3251 3247
f 3251 3227 3243
f 3247 3243 3220
f 3251 3243 3247
f 3261 3298 3277
f 3298 3272 3301
f 3277 3301 3266
f 3298 3301 3277
f 3261 3277 3273
f 3277 3266 3278
f 3273 3278 3262
f 3277 3278 3273
f 3261 3273 3282
f 3273 3262 3283
f 3282 3283 3268
f 3273 3283 3282
f 3261 3282 3294
f 3282 3268 3297
f 3294 3297 3271
f 3282 3297 3294
f 3261 3294 3298
f 3294 3271 3302
f 3298 3302 3272
f 3294 3302 3298
f 3262 3278 3289
f 3278 3266 3292
f 3289 3292 3270
f 3278 3292 3289
f 3266 3301 3279
f 3301 3272 3300
f 3279 3300 3265
f 3301 3300 3279
f 3272 3302 3299
f 3302 3271 3295
f 3299 3295 3263
f 3302 3295 3299
f 3271 3297 3296
f 3297 3268 3284
f 3296 3284 3267
f 3297 3284 3296
f 3268 3283 3288
f 3283 3262 3285
f 3288 3285 3269
f 3283 3285 3288
f 3264 3290 3276
f 3290 3270 3291
f 3276 3291 3265
f 3290 3291 3276
f 3264 3276 3274
f 3276 3265 3275
f 3274 3275 3263
f 3276 3275 3274
f 3264 3274 3281
f 3274 3263 3280
f 3281 3280 3267
f 3274 3280 3281
f 3264 3281 3286
f 3281 3267 3287
f 3286 3287 3269
f 3281 3287 3286
f 3264 3286 3290
f 3286 3269 3293
f 3290 3293 3270
f 3286 3293 3290
f 3265 3291 3279
f 3291 3270 3292
f 3279 3292 3266
f 3291 3292 3279
f 3263 3275 3299
f 3275 3265 3300
f 3299 3300 3272
f 3275 3300 3299
f 3267 3280 3296
f 3280 3263 3295
f 3296 3295 3271
f 3280 3295 3296
f 3269 3287 3288
f 3287 3267 3284
f 3288 3284 3268
f 3287 3284 3288
f 3270 3293 3289
f 3293 3269 3285
f 3289 3285 3262
f 3293 3285 3289
f 3303 3340 3319
f 3340 3314 3343
f 3319 3343 3308
f 3340 3343 3319
f 3303 3319 3315
f 3319 3308 3320
f 3315 3320 3304
f 3319 3320 3315
f 3303 3315 3324
f 3315 3304 3325
f 3324 3325 3310
f 3315 3325 3324
f 3303 3324 3336
f 3324 3310 3339
f 3336 3339 3313
f 3324 3339 3336
f 3303 3336 3340
f 3336 3313 3344
f 3340 3344 3314
f 3336 3344 3340
f 3304 3320 3331
f 3320 3308 3334
f 3331 3334 3312
f 3320 3334 3331
f 3308 3343 3321
f 3343 3314 3342
f 3321 3342 3307
f 3343 3342 3321
f 3314 3344 3341
f 3344 3313 3337
f 3341 3337 3305
f 3344 3337 3341
f 3313 3339 3338
f 3339 3310 3326
f 3338 3326 3309
f 3339 3326 3338
f 3310 3325 3330
f 3325 3304 3327
f 3330 3327 3311
f 3325 3327 3330
f 3306 3332 3318
f 3332 3312 3333
f 3318 3333 3307
f 3332 3333 3318
f 3306 3318 3316
f 3318 3307 3317
f 3316 3317 3305
f 3318 3317 3316
f 3306 3316 3323
f 3316 3305 3322
f 3323 3322 3309
f 3316 3322 3323
f 3306 3323 3328
f 3323 3309 3329
f 3328 3329 3311
f 3323 3329 3328
f 3306 3328 3332
f 3328 3311 3335
f 3332 3335 3312
f 3328 3335 3332
f 3307 3333 3321
f 3333 3312 3334
f 3321 3334 3308
f 3333 3334 3321
f 3305 3317 3341
f 3317 3307 3342
f 3341 3342 3314
f 3317 3342 3341
f 3309 3322 3338
f 3322 3305 3337
f 3338 3337 3313
f 3322 3337 3338
f 3311 3329 3330
f 3329 3309 3326
f 3330 3326 3310
f 3329 3326 3330
f 3312 3335 3331
f 3335 3311 3327
f 3331 3327 3304
f 3335 3327 3331
f 3345 3382 3361
f 3382 3356 3385
f 3361 3385 3350
f 3382 3385 3361
f 3345 3361 3357
f 3361 3350 3362
f 3357 3362 3346
f 3361 3362 3357
f 3345 3357 3366
f 3357 3346 3367
f 3366 3367 3352
f 3357 3367 3366
f 3345 3366 3378
f 3366 3352 3381
f 3378 3381 3355
f 3366 3381 3378
f 3345 3378 3382
f 3378 3355 3386
f 3382 3386 3356
f 3378 3386 3382
f 3346 3362 3373
f 3362 3350 3376
f 3373 3376 3354
f 3362 3376 3373
f 3350 3385 3363
f 3385 3356 3384
f 3363 3384 3349
f 3385 3384 3363
f 3356 3386 3383
f 3386 3355 3379
f 3383 3379 3347
f 3386 3379 3383
f 3355 3381 3380
f 3381 3352 3368
f 3380 3368 3351
f 3381 3368 3380
f 3352 3367 3372
f 3367 3346 3369
f 3372 3369 3353
f 3367 3369 3372
f 3348 3374 3360
f 3374 3354 3375
f 3360 3375 3349
f 3374 3375 3360
f 3348 3360 3358
f 3360 3349 3359
f 3358 3359 3347
f 3360 3359 3358
f 3348 3358 3365
f 3358 3347 3364
f 3365 3364 3351
f 3358 3364 3365
f 3348 3365 3370
f 3365 3351 3371
f 3370 3371 3353
f 3365 3371 3370
f 3348 3370 3374
f 3370 3353 3377
f 3374 3377 3354
f 3370 3377 3374
f 3349 3375 3363
f 3375 3354 3376
f 3363 3376 3350
f 3375 3376 3363
f 3347 3359 3383
f 3359 3349 3384
f 3383 3384 3356
f 3359 3384 3383
f 3351 3364 3380
f 3364 3347 3379
f 3380 3379 3355
f 3364 3379 3380
f 3353 3371 3372
f 3371 3351 3368
f 3372 3368 3352
f 3371 3368 3372
f 3354 3377 3373
f 3377 3353 3369
f 3373 3369 3346
f 3377 3369 3373

