# https://github.com/mikedh/trimesh
v 0.00000000 9.00000000 -0.00000000 0.18823529 0.21176471 0.23921569
v 0.35000000 9.00000000 -0.00000000 0.18823529 0.21176471 0.23921569
v 0.35000000 0.00000000 0.00000000 0.18823529 0.21176471 0.23921569
v 0.00000000 0.00000000 0.00000000 0.18823529 0.21176471 0.23921569
v 0.33807404 9.00000000 0.09058667 0.18823529 0.21176471 0.23921569
v 0.33807404 0.00000000 0.09058667 0.18823529 0.21176471 0.23921569
v 0.30310889 9.00000000 0.17500000 0.18823529 0.21176471 0.23921569
v 0.30310889 0.00000000 0.17500000 0.18823529 0.21176471 0.23921569
v 0.24748737 9.00000000 0.24748737 0.18823529 0.21176471 0.23921569
v 0.24748737 0.00000000 0.24748737 0.18823529 0.21176471 0.23921569
v 0.17500000 9.00000000 0.30310889 0.18823529 0.21176471 0.23921569
v 0.17500000 0.00000000 0.30310889 0.18823529 0.21176471 0.23921569
v 0.09058667 9.00000000 0.33807404 0.18823529 0.21176471 0.23921569
v 0.09058667 0.00000000 0.33807404 0.18823529 0.21176471 0.23921569
v 0.00000000 9.00000000 0.35000000 0.18823529 0.21176471 0.23921569
v 0.00000000 0.00000000 0.35000000 0.18823529 0.21176471 0.23921569
v -0.09058667 9.00000000 0.33807404 0.18823529 0.21176471 0.23921569
v -0.09058667 0.00000000 0.33807404 0.18823529 0.21176471 0.23921569
v -0.17500000 9.00000000 0.30310889 0.18823529 0.21176471 0.23921569
v -0.17500000 0.00000000 0.30310889 0.18823529 0.21176471 0.23921569
v -0.24748737 9.00000000 0.24748737 0.18823529 0.21176471 0.23921569
v -0.24748737 0.00000000 0.24748737 0.18823529 0.21176471 0.23921569
v -0.30310889 9.00000000 0.17500000 0.18823529 0.21176471 0.23921569
v -0.30310889 0.00000000 0.17500000 0.18823529 0.21176471 0.23921569
v -0.33807404 9.00000000 0.09058667 0.18823529 0.21176471 0.23921569
v -0.33807404 0.00000000 0.09058667 0.18823529 0.21176471 0.23921569
v -0.35000000 9.00000000 -0.00000000 0.18823529 0.21176471 0.23921569
v -0.35000000 0.00000000 0.00000000 0.18823529 0.21176471 0.23921569
v -0.33807404 9.00000000 -0.09058667 0.18823529 0.21176471 0.23921569
v -0.33807404 0.00000000 -0.09058667 0.18823529 0.21176471 0.23921569
v -0.30310889 9.00000000 -0.17500000 0.18823529 0.21176471 0.23921569
v -0.30310889 0.00000000 -0.17500000 0.18823529 0.21176471 0.23921569
v -0.24748737 9.00000000 -0.24748737 0.18823529 0.21176471 0.23921569
v -0.24748737 0.00000000 -0.24748737 0.18823529 0.21176471 0.23921569
v -0.17500000 9.00000000 -0.30310889 0.18823529 0.21176471 0.23921569
v -0.17500000 0.00000000 -0.30310889 0.18823529 0.21176471 0.23921569
v -0.09058667 9.00000000 -0.33807404 0.18823529 0.21176471 0.23921569
v -0.09058667 0.00000000 -0.33807404 0.18823529 0.21176471 0.23921569
v -0.00000000 9.00000000 -0.35000000 0.18823529 0.21176471 0.23921569
v -0.00000000 0.00000000 -0.35000000 0.18823529 0.21176471 0.23921569
v 0.09058667 9.00000000 -0.33807404 0.18823529 0.21176471 0.23921569
v 0.09058667 0.00000000 -0.33807404 0.18823529 0.21176471 0.23921569
v 0.17500000 9.00000000 -0.30310889 0.18823529 0.21176471 0.23921569
v 0.17500000 0.00000000 -0.30310889 0.18823529 0.21176471 0.23921569
v 0.24748737 9.00000000 -0.24748737 0.18823529 0.21176471 0.23921569
v 0.24748737 0.00000000 -0.24748737 0.18823529 0.21176471 0.23921569
v 0.30310889 9.00000000 -0.17500000 0.18823529 0.21176471 0.23921569
v 0.30310889 0.00000000 -0.17500000 0.18823529 0.21176471 0.23921569
v 0.33807404 9.00000000 -0.09058667 0.18823529 0.21176471 0.23921569
v 0.33807404 0.00000000 -0.09058667 0.18823529 0.21176471 0.23921569
v -0.60459078 10.27824843 0.00000000 0.30196078 0.61568627 0.89803922
v 0.60459078 10.27824843 0.00000000 0.30196078 0.61568627 0.89803922
v -0.60459078 8.32175157 0.00000000 0.30196078 0.61568627 0.89803922
v 0.60459078 8.32175157 0.00000000 0.30196078 0.61568627 0.89803922
v 0.00000000 8.69540922 0.97824843 0.30196078 0.61568627 0.89803922
v 0.00000000 9.90459078 0.97824843 0.30196078 0.61568627 0.89803922
v 0.00000000 8.69540922 -0.97824843 0.30196078 0.61568627 0.89803922
v 0.00000000 9.90459078 -0.97824843 0.30196078 0.61568627 0.89803922
v 0.97824843 9.30000000 -0.60459078 0.30196078 0.61568627 0.89803922
v 0.97824843 9.30000000 0.60459078 0.30196078 0.61568627 0.89803922
v -0.97824843 9.30000000 -0.60459078 0.30196078 0.61568627 0.89803922
v -0.97824843 9.30000000 0.60459078 0.30196078 0.61568627 0.89803922
v 0.00000000 10.45000000 0.00000000 0.30196078 0.61568627 0.89803922
v 0.00000000 8.15000000 0.00000000 0.30196078 0.61568627 0.89803922
v -0.35536954 8.36963046 0.57500000 0.30196078 0.61568627 0.89803922
v 0.35536954 8.36963046 0.57500000 0.30196078 0.61568627 0.89803922
v -0.35536954 10.23036954 0.57500000 0.30196078 0.61568627 0.89803922
v 0.35536954 10.23036954 0.57500000 0.30196078 0.61568627 0.89803922
v 0.00000000 9.30000000 1.15000000 0.30196078 0.61568627 0.89803922
v -0.35536954 8.36963046 -0.57500000 0.30196078 0.61568627 0.89803922
v 0.35536954 8.36963046 -0.57500000 0.30196078 0.61568627 0.89803922
v -0.35536954 10.23036954 -0.57500000 0.30196078 0.61568627 0.89803922
v 0.35536954 10.23036954 -0.57500000 0.30196078 0.61568627 0.89803922
v 0.00000000 9.30000000 -1.15000000 0.30196078 0.61568627 0.89803922
v 0.93036954 9.87500000 -0.35536954 0.30196078 0.61568627 0.89803922
v 0.93036954 8.72500000 -0.35536954 0.30196078 0.61568627 0.89803922
v 0.57500000 8.94463046 -0.93036954 0.30196078 0.61568627 0.89803922
v 0.57500000 9.65536954 -0.93036954 0.30196078 0.61568627 0.89803922
v 0.93036954 9.87500000 0.35536954 0.30196078 0.61568627 0.89803922
v 0.93036954 8.72500000 0.35536954 0.30196078 0.61568627 0.89803922
v 0.57500000 8.94463046 0.93036954 0.30196078 0.61568627 0.89803922
v 0.57500000 9.65536954 0.93036954 0.30196078 0.61568627 0.89803922
v 1.15000000 9.30000000 0.00000000 0.30196078 0.61568627 0.89803922
v -0.93036954 9.87500000 -0.35536954 0.30196078 0.61568627 0.89803922
v -0.93036954 8.72500000 -0.35536954 0.30196078 0.61568627 0.89803922
v -0.57500000 8.94463046 -0.93036954 0.30196078 0.61568627 0.89803922
v -0.57500000 9.65536954 -0.93036954 0.30196078 0.61568627 0.89803922
v -0.93036954 9.87500000 0.35536954 0.30196078 0.61568627 0.89803922
v -0.93036954 8.72500000 0.35536954 0.30196078 0.61568627 0.89803922
v -0.57500000 8.94463046 0.93036954 0.30196078 0.61568627 0.89803922
v -0.57500000 9.65536954 0.93036954 0.30196078 0.61568627 0.89803922
v -1.15000000 9.30000000 0.00000000 0.30196078 0.61568627 0.89803922
v -0.31425651 10.40622911 0.00000000 0.30196078 0.61568627 0.89803922
v 0.31425651 10.40622911 0.00000000 0.30196078 0.61568627 0.89803922
v -0.31425651 8.19377089 0.00000000 0.30196078 0.61568627 0.89803922
v 0.31425651 8.19377089 0.00000000 0.30196078 0.61568627 0.89803922
v -0.49897185 8.30793125 0.29887570 0.30196078 0.61568627 0.89803922
v -0.18471534 8.50215245 0.80735341 0.30196078 0.61568627 0.89803922
v -0.18682883 8.20628501 0.30229539 0.30196078 0.61568627 0.89803922
v 0.49897185 8.30793125 0.29887570 0.30196078 0.61568627 0.89803922
v 0.18471534 8.50215245 0.80735341 0.30196078 0.61568627 0.89803922
v 0.18682883 8.20628501 0.30229539 0.30196078 0.61568627 0.89803922
v 0.00000000 8.32175157 0.60459078 0.30196078 0.61568627 0.89803922
v -0.49897185 10.29206875 0.29887570 0.30196078 0.61568627 0.89803922
v -0.18471534 10.09784755 0.80735341 0.30196078 0.61568627 0.89803922
v -0.18682883 10.39371499 0.30229539 0.30196078 0.61568627 0.89803922
v 0.49897185 10.29206875 0.29887570 0.30196078 0.61568627 0.89803922
v 0.18471534 10.09784755 0.80735341 0.30196078 0.61568627 0.89803922
v 0.18682883 10.39371499 0.30229539 0.30196078 0.61568627 0.89803922
v 0.00000000 10.27824843 0.60459078 0.30196078 0.61568627 0.89803922
v 0.00000000 8.98574349 1.10622911 0.30196078 0.61568627 0.89803922
v 0.00000000 9.61425651 1.10622911 0.30196078 0.61568627 0.89803922
v -0.49897185 8.30793125 -0.29887570 0.30196078 0.61568627 0.89803922
v -0.18471534 8.50215245 -0.80735341 0.30196078 0.61568627 0.89803922
v -0.18682883 8.20628501 -0.30229539 0.30196078 0.61568627 0.89803922
v 0.49897185 8.30793125 -0.29887570 0.30196078 0.61568627 0.89803922
v 0.18471534 8.50215245 -0.80735341 0.30196078 0.61568627 0.89803922
v 0.18682883 8.20628501 -0.30229539 0.30196078 0.61568627 0.89803922
v 0.00000000 8.32175157 -0.60459078 0.30196078 0.61568627 0.89803922
v -0.49897185 10.29206875 -0.29887570 0.30196078 0.61568627 0.89803922
v -0.18471534 10.09784755 -0.80735341 0.30196078 0.61568627 0.89803922
v -0.18682883 10.39371499 -0.30229539 0.30196078 0.61568627 0.89803922
v 0.49897185 10.29206875 -0.29887570 0.30196078 0.61568627 0.89803922
v 0.18471534 10.09784755 -0.80735341 0.30196078 0.61568627 0.89803922
v 0.18682883 10.39371499 -0.30229539 0.30196078 0.61568627 0.89803922
v 0.00000000 10.27824843 -0.60459078 0.30196078 0.61568627 0.89803922
v 0.00000000 8.98574349 -1.10622911 0.30196078 0.61568627 0.89803922
v 0.00000000 9.61425651 -1.10622911 0.30196078 0.61568627 0.89803922
v 0.79784755 10.10735341 -0.18471534 0.30196078 0.61568627 0.89803922
v 0.99206875 9.59887570 -0.49897185 0.30196078 0.61568627 0.89803922
v 0.67595304 10.09141960 -0.48912421 0.30196078 0.61568627 0.89803922
v 0.79784755 8.49264659 -0.18471534 0.30196078 0.61568627 0.89803922
v 0.99206875 9.00112430 -0.49897185 0.30196078 0.61568627 0.89803922
v 0.67595304 8.50858040 -0.48912421 0.30196078 0.61568627 0.89803922
v 0.29887570 8.80102815 -0.99206875 0.30196078 0.61568627 0.89803922
v 0.80735341 9.11528466 -0.79784755 0.30196078 0.61568627 0.89803922
v 0.48912421 8.62404696 -0.79141960 0.30196078 0.61568627 0.89803922
v 0.30229539 9.11317117 -1.09371499 0.30196078 0.61568627 0.89803922
v 0.79141960 8.81087579 -0.67595304 0.30196078 0.61568627 0.89803922
v 0.29887570 9.79897185 -0.99206875 0.30196078 0.61568627 0.89803922
v 0.80735341 9.48471534 -0.79784755 0.30196078 0.61568627 0.89803922
v 0.48912421 9.97595304 -0.79141960 0.30196078 0.61568627 0.89803922
v 0.30229539 9.48682883 -1.09371499 0.30196078 0.61568627 0.89803922
v 0.79141960 9.78912421 -0.67595304 0.30196078 0.61568627 0.89803922
v 0.60459078 9.30000000 -0.97824843 0.30196078 0.61568627 0.89803922
v 0.79784755 10.10735341 0.18471534 0.30196078 0.61568627 0.89803922
v 0.99206875 9.59887570 0.49897185 0.30196078 0.61568627 0.89803922
v 0.67595304 10.09141960 0.48912421 0.30196078 0.61568627 0.89803922
v 0.97824843 9.90459078 0.00000000 0.30196078 0.61568627 0.89803922
v 0.79784755 8.49264659 0.18471534 0.30196078 0.61568627 0.89803922
v 0.99206875 9.00112430 0.49897185 0.30196078 0.61568627 0.89803922
v 0.67595304 8.50858040 0.48912421 0.30196078 0.61568627 0.89803922
v 0.97824843 8.69540922 0.00000000 0.30196078 0.61568627 0.89803922
v 0.29887570 8.80102815 0.99206875 0.30196078 0.61568627 0.89803922
v 0.80735341 9.11528466 0.79784755 0.30196078 0.61568627 0.89803922
v 0.48912421 8.62404696 0.79141960 0.30196078 0.61568627 0.89803922
v 0.30229539 9.11317117 1.09371499 0.30196078 0.61568627 0.89803922
v 0.79141960 8.81087579 0.67595304 0.30196078 0.61568627 0.89803922
v 0.29887570 9.79897185 0.99206875 0.30196078 0.61568627 0.89803922
v 0.80735341 9.48471534 0.79784755 0.30196078 0.61568627 0.89803922
v 0.48912421 9.97595304 0.79141960 0.30196078 0.61568627 0.89803922
v 0.30229539 9.48682883 1.09371499 0.30196078 0.61568627 0.89803922
v 0.79141960 9.78912421 0.67595304 0.30196078 0.61568627 0.89803922
v 0.60459078 9.30000000 0.97824843 0.30196078 0.61568627 0.89803922
v 1.10622911 9.30000000 -0.31425651 0.30196078 0.61568627 0.89803922
v 1.10622911 9.30000000 0.31425651 0.30196078 0.61568627 0.89803922
v 1.09371499 9.60229539 -0.18682883 0.30196078 0.61568627 0.89803922
v 1.09371499 8.99770461 -0.18682883 0.30196078 0.61568627 0.89803922
v 1.09371499 9.60229539 0.18682883 0.30196078 0.61568627 0.89803922
v 1.09371499 8.99770461 0.18682883 0.30196078 0.61568627 0.89803922
v -0.79784755 10.10735341 -0.18471534 0.30196078 0.61568627 0.89803922
v -0.99206875 9.59887570 -0.49897185 0.30196078 0.61568627 0.89803922
v -0.67595304 10.09141960 -0.48912421 0.30196078 0.61568627 0.89803922
v -0.79784755 8.49264659 -0.18471534 0.30196078 0.61568627 0.89803922
v -0.99206875 9.00112430 -0.49897185 0.30196078 0.61568627 0.89803922
v -0.67595304 8.50858040 -0.48912421 0.30196078 0.61568627 0.89803922
v -0.29887570 8.80102815 -0.99206875 0.30196078 0.61568627 0.89803922
v -0.80735341 9.11528466 -0.79784755 0.30196078 0.61568627 0.89803922
v -0.48912421 8.62404696 -0.79141960 0.30196078 0.61568627 0.89803922
v -0.30229539 9.11317117 -1.09371499 0.30196078 0.61568627 0.89803922
v -0.79141960 8.81087579 -0.67595304 0.30196078 0.61568627 0.89803922
v -0.29887570 9.79897185 -0.99206875 0.30196078 0.61568627 0.89803922
v -0.80735341 9.48471534 -0.79784755 0.30196078 0.61568627 0.89803922
v -0.48912421 9.97595304 -0.79141960 0.30196078 0.61568627 0.89803922
v -0.30229539 9.48682883 -1.09371499 0.30196078 0.61568627 0.89803922
v -0.79141960 9.78912421 -0.67595304 0.30196078 0.61568627 0.89803922
v -0.60459078 9.30000000 -0.97824843 0.30196078 0.61568627 0.89803922
v -0.79784755 10.10735341 0.18471534 0.30196078 0.61568627 0.89803922
v -0.99206875 9.59887570 0.49897185 0.30196078 0.61568627 0.89803922
v -0.67595304 10.09141960 0.48912421 0.30196078 0.61568627 0.89803922
v -0.97824843 9.90459078 0.00000000 0.30196078 0.61568627 0.89803922
v -0.79784755 8.49264659 0.18471534 0.30196078 0.61568627 0.89803922
v -0.99206875 9.00112430 0.49897185 0.30196078 0.61568627 0.89803922
v -0.67595304 8.50858040 0.48912421 0.30196078 0.61568627 0.89803922
v -0.97824843 8.69540922 0.00000000 0.30196078 0.61568627 0.89803922
v -0.29887570 8.80102815 0.99206875 0.30196078 0.61568627 0.89803922
v -0.80735341 9.11528466 0.79784755 0.30196078 0.61568627 0.89803922
v -0.48912421 8.62404696 0.79141960 0.30196078 0.61568627 0.89803922
v -0.30229539 9.11317117 1.09371499 0.30196078 0.61568627 0.89803922
v -0.79141960 8.81087579 0.67595304 0.30196078 0.61568627 0.89803922
v -0.29887570 9.79897185 0.99206875 0.30196078 0.61568627 0.89803922
v -0.80735341 9.48471534 0.79784755 0.30196078 0.61568627 0.89803922
v -0.48912421 9.97595304 0.79141960 0.30196078 0.61568627 0.89803922
v -0.30229539 9.48682883 1.09371499 0.30196078 0.61568627 0.89803922
v -0.79141960 9.78912421 0.67595304 0.30196078 0.61568627 0.89803922
v -0.60459078 9.30000000 0.97824843 0.30196078 0.61568627 0.89803922
v -1.10622911 9.30000000 -0.31425651 0.30196078 0.61568627 0.89803922
v -1.10622911 9.30000000 0.31425651 0.30196078 0.61568627 0.89803922
v -1.09371499 9.60229539 -0.18682883 0.30196078 0.61568627 0.89803922
v -1.09371499 8.99770461 -0.18682883 0.30196078 0.61568627 0.89803922
v -1.09371499 9.60229539 0.18682883 0.30196078 0.61568627 0.89803922
v -1.09371499 8.99770461 0.18682883 0.30196078 0.61568627 0.89803922
v -0.46385865 10.35229993 0.00000000 0.30196078 0.61568627 0.89803922
v -0.15864508 10.43900471 0.00000000 0.30196078 0.61568627 0.89803922
v 0.46385865 10.35229993 0.00000000 0.30196078 0.61568627 0.89803922
v 0.15864508 10.43900471 0.00000000 0.30196078 0.61568627 0.89803922
v -0.46385865 8.24770007 0.00000000 0.30196078 0.61568627 0.89803922
v -0.15864508 8.16099529 0.00000000 0.30196078 0.61568627 0.89803922
v 0.46385865 8.24770007 0.00000000 0.30196078 0.61568627 0.89803922
v 0.15864508 8.16099529 0.00000000 0.30196078 0.61568627 0.89803922
v -0.55710789 8.30533126 0.15088044 0.30196078 0.61568627 0.89803922
v -0.43129435 8.32950180 0.44115579 0.30196078 0.61568627 0.89803922
v -0.41196311 8.23704971 0.15140368 0.30196078 0.61568627 0.89803922
v -0.09324924 8.59201168 0.90141950 0.30196078 0.61568627 0.89803922
v -0.27264927 8.42754985 0.69784892 0.30196078 0.61568627 0.89803922
v -0.09457884 8.16415841 0.15303177 0.30196078 0.61568627 0.89803922
v -0.27447847 8.27534250 0.44411549 0.30196078 0.61568627 0.89803922
v -0.25313458 8.18864851 0.15271135 0.30196078 0.61568627 0.89803922
v -0.34644771 8.24631920 0.30369516 0.30196078 0.61568627 0.89803922
v 0.55710789 8.30533126 0.15088044 0.30196078 0.61568627 0.89803922
v 0.43129435 8.32950180 0.44115579 0.30196078 0.61568627 0.89803922
v 0.41196311 8.23704971 0.15140368 0.30196078 0.61568627 0.89803922
v 0.09324924 8.59201168 0.90141950 0.30196078 0.61568627 0.89803922
v 0.27264927 8.42754985 0.69784892 0.30196078 0.61568627 0.89803922
v 0.00000000 8.49165691 0.81797400 0.30196078 0.61568627 0.89803922
v 0.09457884 8.16415841 0.15303177 0.30196078 0.61568627 0.89803922
v 0.27447847 8.27534250 0.44411549 0.30196078 0.61568627 0.89803922
v 0.25313458 8.18864851 0.15271135 0.30196078 0.61568627 0.89803922
v 0.00000000 8.19155955 0.30636541 0.30196078 0.61568627 0.89803922
v 0.34644771 8.24631920 0.30369516 0.30196078 0.61568627 0.89803922
v -0.17989963 8.33379543 0.59714726 0.30196078 0.61568627 0.89803922
v 0.17989963 8.33379543 0.59714726 0.30196078 0.61568627 0.89803922
v -0.09331313 8.40276497 0.71327552 0.30196078 0.61568627 0.89803922
v -0.09467212 8.25007013 0.45954811 0.30196078 0.61568627 0.89803922
v 0.09331313 8.40276497 0.71327552 0.30196078 0.61568627 0.89803922
v 0.09467212 8.25007013 0.45954811 0.30196078 0.61568627 0.89803922
v -0.55710789 10.29466874 0.15088044 0.30196078 0.61568627 0.89803922
v -0.43129435 10.27049820 0.44115579 0.30196078 0.61568627 0.89803922
v -0.41196311 10.36295029 0.15140368 0.30196078 0.61568627 0.89803922
v -0.09324924 10.00798832 0.90141950 0.30196078 0.61568627 0.89803922
v -0.27264927 10.17245015 0.69784892 0.30196078 0.61568627 0.89803922
v -0.09457884 10.43584159 0.15303177 0.30196078 0.61568627 0.89803922
v -0.27447847 10.32465750 0.44411549 0.30196078 0.61568627 0.89803922
v -0.25313458 10.41135149 0.15271135 0.30196078 0.61568627 0.89803922
v -0.34644771 10.35368080 0.30369516 0.30196078 0.61568627 0.89803922
v 0.55710789 10.29466874 0.15088044 0.30196078 0.61568627 0.89803922
v 0.43129435 10.27049820 0.44115579 0.30196078 0.61568627 0.89803922
v 0.41196311 10.36295029 0.15140368 0.30196078 0.61568627 0.89803922
v 0.09324924 10.00798832 0.90141950 0.30196078 0.61568627 0.89803922
v 0.27264927 10.17245015 0.69784892 0.30196078 0.61568627 0.89803922
v 0.00000000 10.10834309 0.81797400 0.30196078 0.61568627 0.89803922
v 0.09457884 10.43584159 0.15303177 0.30196078 0.61568627 0.89803922
v 0.27447847 10.32465750 0.44411549 0.30196078 0.61568627 0.89803922
v 0.25313458 10.41135149 0.15271135 0.30196078 0.61568627 0.89803922
v 0.00000000 10.40844045 0.30636541 0.30196078 0.61568627 0.89803922
v 0.34644771 10.35368080 0.30369516 0.30196078 0.61568627 0.89803922
v -0.17989963 10.26620457 0.59714726 0.30196078 0.61568627 0.89803922
v 0.17989963 10.26620457 0.59714726 0.30196078 0.61568627 0.89803922
v -0.09331313 10.19723503 0.71327552 0.30196078 0.61568627 0.89803922
v -0.09467212 10.34992987 0.45954811 0.30196078 0.61568627 0.89803922
v 0.09331313 10.19723503 0.71327552 0.30196078 0.61568627 0.89803922
v 0.09467212 10.34992987 0.45954811 0.30196078 0.61568627 0.89803922
v 0.00000000 8.83614135 1.05229993 0.30196078 0.61568627 0.89803922
v 0.00000000 9.14135492 1.13900471 0.30196078 0.61568627 0.89803922
v 0.00000000 9.76385865 1.05229993 0.30196078 0.61568627 0.89803922
v 0.00000000 9.45864508 1.13900471 0.30196078 0.61568627 0.89803922
v -0.55710789 8.30533126 -0.15088044 0.30196078 0.61568627 0.89803922
v -0.43129435 8.32950180 -0.44115579 0.30196078 0.61568627 0.89803922
v -0.41196311 8.23704971 -0.15140368 0.30196078 0.61568627 0.89803922
v -0.09324924 8.59201168 -0.90141950 0.30196078 0.61568627 0.89803922
v -0.27264927 8.42754985 -0.69784892 0.30196078 0.61568627 0.89803922
v -0.09457884 8.16415841 -0.15303177 0.30196078 0.61568627 0.89803922
v -0.27447847 8.27534250 -0.44411549 0.30196078 0.61568627 0.89803922
v -0.25313458 8.18864851 -0.15271135 0.30196078 0.61568627 0.89803922
v -0.34644771 8.24631920 -0.30369516 0.30196078 0.61568627 0.89803922
v 0.55710789 8.30533126 -0.15088044 0.30196078 0.61568627 0.89803922
v 0.43129435 8.32950180 -0.44115579 0.30196078 0.61568627 0.89803922
v 0.41196311 8.23704971 -0.15140368 0.30196078 0.61568627 0.89803922
v 0.09324924 8.59201168 -0.90141950 0.30196078 0.61568627 0.89803922
v 0.27264927 8.42754985 -0.69784892 0.30196078 0.61568627 0.89803922
v 0.00000000 8.49165691 -0.81797400 0.30196078 0.61568627 0.89803922
v 0.09457884 8.16415841 -0.15303177 0.30196078 0.61568627 0.89803922
v 0.27447847 8.27534250 -0.44411549 0.30196078 0.61568627 0.89803922
v 0.25313458 8.18864851 -0.15271135 0.30196078 0.61568627 0.89803922
v 0.00000000 8.19155955 -0.30636541 0.30196078 0.61568627 0.89803922
v 0.34644771 8.24631920 -0.30369516 0.30196078 0.61568627 0.89803922
v -0.17989963 8.33379543 -0.59714726 0.30196078 0.61568627 0.89803922
v 0.17989963 8.33379543 -0.59714726 0.30196078 0.61568627 0.89803922
v -0.09331313 8.40276497 -0.71327552 0.30196078 0.61568627 0.89803922
v -0.09467212 8.25007013 -0.45954811 0.30196078 0.61568627 0.89803922
v 0.09331313 8.40276497 -0.71327552 0.30196078 0.61568627 0.89803922
v 0.09467212 8.25007013 -0.45954811 0.30196078 0.61568627 0.89803922
v -0.55710789 10.29466874 -0.15088044 0.30196078 0.61568627 0.89803922
v -0.43129435 10.27049820 -0.44115579 0.30196078 0.61568627 0.89803922
v -0.41196311 10.36295029 -0.15140368 0.30196078 0.61568627 0.89803922
v -0.09324924 10.00798832 -0.90141950 0.30196078 0.61568627 0.89803922
v -0.27264927 10.17245015 -0.69784892 0.30196078 0.61568627 0.89803922
v -0.09457884 10.43584159 -0.15303177 0.30196078 0.61568627 0.89803922
v -0.27447847 10.32465750 -0.44411549 0.30196078 0.61568627 0.89803922
v -0.25313458 10.41135149 -0.15271135 0.30196078 0.61568627 0.89803922
v -0.34644771 10.35368080 -0.30369516 0.30196078 0.61568627 0.89803922
v 0.55710789 10.29466874 -0.15088044 0.30196078 0.61568627 0.89803922
v 0.43129435 10.27049820 -0.44115579 0.30196078 0.61568627 0.89803922
v 0.41196311 10.36295029 -0.15140368 0.30196078 0.61568627 0.89803922
v 0.09324924 10.00798832 -0.90141950 0.30196078 0.61568627 0.89803922
v 0.27264927 10.17245015 -0.69784892 0.30196078 0.61568627 0.89803922
v 0.00000000 10.10834309 -0.81797400 0.30196078 0.61568627 0.89803922
v 0.09457884 10.43584159 -0.15303177 0.30196078 0.61568627 0.89803922
v 0.27447847 10.32465750 -0.44411549 0.30196078 0.61568627 0.89803922
v 0.25313458 10.41135149 -0.15271135 0.30196078 0.61568627 0.89803922
v 0.00000000 10.40844045 -0.30636541 0.30196078 0.61568627 0.89803922
v 0.34644771 10.35368080 -0.30369516 0.30196078 0.61568627 0.89803922
v -0.17989963 10.26620457 -0.59714726 0.30196078 0.61568627 0.89803922
v 0.17989963 10.26620457 -0.59714726 0.30196078 0.61568627 0.89803922
v -0.09331313 10.19723503 -0.71327552 0.30196078 0.61568627 0.89803922
v -0.09467212 10.34992987 -0.45954811 0.30196078 0.61568627 0.89803922
v 0.09331313 10.19723503 -0.71327552 0.30196078 0.61568627 0.89803922
v 0.09467212 10.34992987 -0.45954811 0.30196078 0.61568627 0.89803922
v 0.00000000 8.83614135 -1.05229993 0.30196078 0.61568627 0.89803922
v 0.00000000 9.14135492 -1.13900471 0.30196078 0.61568627 0.89803922
v 0.00000000 9.76385865 -1.05229993 0.30196078 0.61568627 0.89803922
v 0.00000000 9.45864508 -1.13900471 0.30196078 0.61568627 0.89803922
v 0.70798832 10.20141950 -0.09324924 0.30196078 0.61568627 0.89803922
v 0.87245015 9.99784892 -0.27264927 0.30196078 0.61568627 0.89803922
v 0.65693941 10.21154661 -0.24497630 0.30196078 0.61568627 0.89803922
v 0.99466874 9.45088044 -0.55710789 0.30196078 0.61568627 0.89803922
v 0.97049820 9.74115579 -0.43129435 0.30196078 0.61568627 0.89803922
v 0.52208907 10.17162573 -0.53869433 0.30196078 0.61568627 0.89803922
v 0.81317280 9.99172610 -0.42751024 0.30196078 0.61568627 0.89803922
v 0.59353986 10.20096945 -0.39807597 0.30196078 0.61568627 0.89803922
v 0.74452368 10.10765632 -0.34040528 0.30196078 0.61568627 0.89803922
v 0.70798832 8.39858050 -0.09324924 0.30196078 0.61568627 0.89803922
v 0.87245015 8.60215108 -0.27264927 0.30196078 0.61568627 0.89803922
v 0.65693941 8.38845339 -0.24497630 0.30196078 0.61568627 0.89803922
v 0.99466874 9.14911956 -0.55710789 0.30196078 0.61568627 0.89803922
v 0.97049820 8.85884421 -0.43129435 0.30196078 0.61568627 0.89803922
v 0.52208907 8.42837427 -0.53869433 0.30196078 0.61568627 0.89803922
v 0.81317280 8.60827390 -0.42751024 0.30196078 0.61568627 0.89803922
v 0.59353986 8.39903055 -0.39807597 0.30196078 0.61568627 0.89803922
v 0.74452368 8.49234368 -0.34040528 0.30196078 0.61568627 0.89803922
v 0.15088044 8.74289211 -0.99466874 0.30196078 0.61568627 0.89803922
v 0.44115579 8.86870565 -0.97049820 0.30196078 0.61568627 0.89803922
v 0.24497630 8.64306059 -0.91154661 0.30196078 0.61568627 0.89803922
v 0.15140368 8.88803689 -1.06295029 0.30196078 0.61568627 0.89803922
v 0.90141950 9.20675076 -0.70798832 0.30196078 0.61568627 0.89803922
v 0.69784892 9.02735073 -0.87245015 0.30196078 0.61568627 0.89803922
v 0.91154661 9.05502370 -0.65693941 0.30196078 0.61568627 0.89803922
v 0.42751024 8.48682720 -0.69172610 0.30196078 0.61568627 0.89803922
v 0.53869433 8.77791093 -0.87162573 0.30196078 0.61568627 0.89803922
v 0.34040528 8.55547632 -0.80765632 0.30196078 0.61568627 0.89803922
v 0.59038176 8.55643554 -0.64889234 0.30196078 0.61568627 0.89803922
v 0.39807597 8.70646014 -0.90096945 0.30196078 0.61568627 0.89803922
v 0.15303177 9.20542116 -1.13584159 0.30196078 0.61568627 0.89803922
v 0.44411549 9.02552153 -1.02465750 0.30196078 0.61568627 0.89803922
v 0.15271135 9.04686542 -1.11135149 0.30196078 0.61568627 0.89803922
v 0.30369516 8.95355229 -1.05368080 0.30196078 0.61568627 0.89803922
v 0.87162573 8.76130567 -0.52208907 0.30196078 0.61568627 0.89803922
v 0.69172610 8.87248976 -0.81317280 0.30196078 0.61568627 0.89803922
v 0.90096945 8.90192403 -0.59353986 0.30196078 0.61568627 0.89803922
v 0.74356446 8.65110766 -0.59038176 0.30196078 0.61568627 0.89803922
v 0.80765632 8.95959472 -0.74452368 0.30196078 0.61568627 0.89803922
v 0.64889234 8.70961824 -0.74356446 0.30196078 0.61568627 0.89803922
v 0.15088044 9.85710789 -0.99466874 0.30196078 0.61568627 0.89803922
v 0.44115579 9.73129435 -0.97049820 0.30196078 0.61568627 0.89803922
v 0.24497630 9.95693941 -0.91154661 0.30196078 0.61568627 0.89803922
v 0.15140368 9.71196311 -1.06295029 0.30196078 0.61568627 0.89803922
v 0.90141950 9.39324924 -0.70798832 0.30196078 0.61568627 0.89803922
v 0.69784892 9.57264927 -0.87245015 0.30196078 0.61568627 0.89803922
v 0.91154661 9.54497630 -0.65693941 0.30196078 0.61568627 0.89803922
v 0.81797400 9.30000000 -0.80834309 0.30196078 0.61568627 0.89803922
v 0.42751024 10.11317280 -0.69172610 0.30196078 0.61568627 0.89803922
v 0.53869433 9.82208907 -0.87162573 0.30196078 0.61568627 0.89803922
v 0.34040528 10.04452368 -0.80765632 0.30196078 0.61568627 0.89803922
v 0.59038176 10.04356446 -0.64889234 0.30196078 0.61568627 0.89803922
v 0.39807597 9.89353986 -0.90096945 0.30196078 0.61568627 0.89803922
v 0.15303177 9.39457884 -1.13584159 0.30196078 0.61568627 0.89803922
v 0.44411549 9.57447847 -1.02465750 0.30196078 0.61568627 0.89803922
v 0.15271135 9.55313458 -1.11135149 0.30196078 0.61568627 0.89803922
v 0.30636541 9.30000000 -1.10844045 0.30196078 0.61568627 0.89803922
v 0.30369516 9.64644771 -1.05368080 0.30196078 0.61568627 0.89803922
v 0.87162573 9.83869433 -0.52208907 0.30196078 0.61568627 0.89803922
v 0.69172610 9.72751024 -0.81317280 0.30196078 0.61568627 0.89803922
v 0.90096945 9.69807597 -0.59353986 0.30196078 0.61568627 0.89803922
v 0.74356446 9.94889234 -0.59038176 0.30196078 0.61568627 0.89803922
v 0.80765632 9.64040528 -0.74452368 0.30196078 0.61568627 0.89803922
v 0.64889234 9.89038176 -0.74356446 0.30196078 0.61568627 0.89803922
v 0.59714726 9.12010037 -0.96620457 0.30196078 0.61568627 0.89803922
v 0.59714726 9.47989963 -0.96620457 0.30196078 0.61568627 0.89803922
v 0.71327552 9.20668687 -0.89723503 0.30196078 0.61568627 0.89803922
v 0.45954811 9.20532788 -1.04992987 0.30196078 0.61568627 0.89803922
v 0.71327552 9.39331313 -0.89723503 0.30196078 0.61568627 0.89803922
v 0.45954811 9.39467212 -1.04992987 0.30196078 0.61568627 0.89803922
v 0.70798832 10.20141950 0.09324924 0.30196078 0.61568627 0.89803922
v 0.87245015 9.99784892 0.27264927 0.30196078 0.61568627 0.89803922
v 0.65693941 10.21154661 0.24497630 0.30196078 0.61568627 0.89803922
v 0.80834309 10.11797400 0.00000000 0.30196078 0.61568627 0.89803922
v 0.99466874 9.45088044 0.55710789 0.30196078 0.61568627 0.89803922
v 0.97049820 9.74115579 0.43129435 0.30196078 0.61568627 0.89803922
v 0.52208907 10.17162573 0.53869433 0.30196078 0.61568627 0.89803922
v 0.81317280 9.99172610 0.42751024 0.30196078 0.61568627 0.89803922
v 0.59353986 10.20096945 0.39807597 0.30196078 0.61568627 0.89803922
v 0.74452368 10.10765632 0.34040528 0.30196078 0.61568627 0.89803922
v 0.96620457 9.89714726 -0.17989963 0.30196078 0.61568627 0.89803922
v 0.96620457 9.89714726 0.17989963 0.30196078 0.61568627 0.89803922
v 0.89723503 10.01327552 -0.09331313 0.30196078 0.61568627 0.89803922
v 0.89723503 10.01327552 0.09331313 0.30196078 0.61568627 0.89803922
v 0.70798832 8.39858050 0.09324924 0.30196078 0.61568627 0.89803922
v 0.87245015 8.60215108 0.27264927 0.30196078 0.61568627 0.89803922
v 0.65693941 8.38845339 0.24497630 0.30196078 0.61568627 0.89803922
v 0.80834309 8.48202600 0.00000000 0.30196078 0.61568627 0.89803922
v 0.99466874 9.14911956 0.55710789 0.30196078 0.61568627 0.89803922
v 0.97049820 8.85884421 0.43129435 0.30196078 0.61568627 0.89803922
v 0.52208907 8.42837427 0.53869433 0.30196078 0.61568627 0.89803922
v 0.81317280 8.60827390 0.42751024 0.30196078 0.61568627 0.89803922
v 0.59353986 8.39903055 0.39807597 0.30196078 0.61568627 0.89803922
v 0.74452368 8.49234368 0.34040528 0.30196078 0.61568627 0.89803922
v 0.96620457 8.70285274 -0.17989963 0.30196078 0.61568627 0.89803922
v 0.96620457 8.70285274 0.17989963 0.30196078 0.61568627 0.89803922
v 0.89723503 8.58672448 -0.09331313 0.30196078 0.61568627 0.89803922
v 0.89723503 8.58672448 0.09331313 0.30196078 0.61568627 0.89803922
v 0.15088044 8.74289211 0.99466874 0.30196078 0.61568627 0.89803922
v 0.44115579 8.86870565 0.97049820 0.30196078 0.61568627 0.89803922
v 0.24497630 8.64306059 0.91154661 0.30196078 0.61568627 0.89803922
v 0.15140368 8.88803689 1.06295029 0.30196078 0.61568627 0.89803922
v 0.90141950 9.20675076 0.70798832 0.30196078 0.61568627 0.89803922
v 0.69784892 9.02735073 0.87245015 0.30196078 0.61568627 0.89803922
v 0.91154661 9.05502370 0.65693941 0.30196078 0.61568627 0.89803922
v 0.42751024 8.48682720 0.69172610 0.30196078 0.61568627 0.89803922
v 0.53869433 8.77791093 0.87162573 0.30196078 0.61568627 0.89803922
v 0.34040528 8.55547632 0.80765632 0.30196078 0.61568627 0.89803922
v 0.59038176 8.55643554 0.64889234 0.30196078 0.61568627 0.89803922
v 0.39807597 8.70646014 0.90096945 0.30196078 0.61568627 0.89803922
v 0.15303177 9.20542116 1.13584159 0.30196078 0.61568627 0.89803922
v 0.44411549 9.02552153 1.02465750 0.30196078 0.61568627 0.89803922
v 0.15271135 9.04686542 1.11135149 0.30196078 0.61568627 0.89803922
v 0.30369516 8.95355229 1.05368080 0.30196078 0.61568627 0.89803922
v 0.87162573 8.76130567 0.52208907 0.30196078 0.61568627 0.89803922
v 0.69172610 8.87248976 0.81317280 0.30196078 0.61568627 0.89803922
v 0.90096945 8.90192403 0.59353986 0.30196078 0.61568627 0.89803922
v 0.74356446 8.65110766 0.59038176 0.30196078 0.61568627 0.89803922
v 0.80765632 8.95959472 0.74452368 0.30196078 0.61568627 0.89803922
v 0.64889234 8.70961824 0.74356446 0.30196078 0.61568627 0.89803922
v 0.15088044 9.85710789 0.99466874 0.30196078 0.61568627 0.89803922
v 0.44115579 9.73129435 0.97049820 0.30196078 0.61568627 0.89803922
v 0.24497630 9.95693941 0.91154661 0.30196078 0.61568627 0.89803922
v 0.15140368 9.71196311 1.06295029 0.30196078 0.61568627 0.89803922
v 0.90141950 9.39324924 0.70798832 0.30196078 0.61568627 0.89803922
v 0.69784892 9.57264927 0.87245015 0.30196078 0.61568627 0.89803922
v 0.91154661 9.54497630 0.65693941 0.30196078 0.61568627 0.89803922
v 0.81797400 9.30000000 0.80834309 0.30196078 0.61568627 0.89803922
v 0.42751024 10.11317280 0.69172610 0.30196078 0.61568627 0.89803922
v 0.53869433 9.82208907 0.87162573 0.30196078 0.61568627 0.89803922
v 0.34040528 10.04452368 0.80765632 0.30196078 0.61568627 0.89803922
v 0.59038176 10.04356446 0.64889234 0.30196078 0.61568627 0.89803922
v 0.39807597 9.89353986 0.90096945 0.30196078 0.61568627 0.89803922
v 0.15303177 9.39457884 1.13584159 0.30196078 0.61568627 0.89803922
v 0.44411549 9.57447847 1.02465750 0.30196078 0.61568627 0.89803922
v 0.15271135 9.55313458 1.11135149 0.30196078 0.61568627 0.89803922
v 0.30636541 9.30000000 1.10844045 0.30196078 0.61568627 0.89803922
v 0.30369516 9.64644771 1.05368080 0.30196078 0.61568627 0.89803922
v 0.87162573 9.83869433 0.52208907 0.30196078 0.61568627 0.89803922
v 0.69172610 9.72751024 0.81317280 0.30196078 0.61568627 0.89803922
v 0.90096945 9.69807597 0.59353986 0.30196078 0.61568627 0.89803922
v 0.74356446 9.94889234 0.59038176 0.30196078 0.61568627 0.89803922
v 0.80765632 9.64040528 0.74452368 0.30196078 0.61568627 0.89803922
v 0.64889234 9.89038176 0.74356446 0.30196078 0.61568627 0.89803922
v 0.59714726 9.12010037 0.96620457 0.30196078 0.61568627 0.89803922
v 0.59714726 9.47989963 0.96620457 0.30196078 0.61568627 0.89803922
v 0.71327552 9.20668687 0.89723503 0.30196078 0.61568627 0.89803922
v 0.45954811 9.20532788 1.04992987 0.30196078 0.61568627 0.89803922
v 0.71327552 9.39331313 0.89723503 0.30196078 0.61568627 0.89803922
v 0.45954811 9.39467212 1.04992987 0.30196078 0.61568627 0.89803922
v 1.05229993 9.30000000 -0.46385865 0.30196078 0.61568627 0.89803922
v 1.13900471 9.30000000 -0.15864508 0.30196078 0.61568627 0.89803922
v 1.06295029 9.45140368 -0.41196311 0.30196078 0.61568627 0.89803922
v 1.06295029 9.14859632 -0.41196311 0.30196078 0.61568627 0.89803922
v 1.05229993 9.30000000 0.46385865 0.30196078 0.61568627 0.89803922
v 1.13900471 9.30000000 0.15864508 0.30196078 0.61568627 0.89803922
v 1.06295029 9.45140368 0.41196311 0.30196078 0.61568627 0.89803922
v 1.06295029 9.14859632 0.41196311 0.30196078 0.61568627 0.89803922
v 1.02465750 9.74411549 -0.27447847 0.30196078 0.61568627 0.89803922
v 1.13584159 9.45303177 -0.09457884 0.30196078 0.61568627 0.89803922
v 1.05368080 9.60369516 -0.34644771 0.30196078 0.61568627 0.89803922
v 1.04992987 9.75954811 -0.09467212 0.30196078 0.61568627 0.89803922
v 1.11135149 9.45271135 -0.25313458 0.30196078 0.61568627 0.89803922
v 1.02465750 8.85588451 -0.27447847 0.30196078 0.61568627 0.89803922
v 1.13584159 9.14696823 -0.09457884 0.30196078 0.61568627 0.89803922
v 1.05368080 8.99630484 -0.34644771 0.30196078 0.61568627 0.89803922
v 1.04992987 8.84045189 -0.09467212 0.30196078 0.61568627 0.89803922
v 1.11135149 9.14728865 -0.25313458 0.30196078 0.61568627 0.89803922
v 1.02465750 9.74411549 0.27447847 0.30196078 0.61568627 0.89803922
v 1.13584159 9.45303177 0.09457884 0.30196078 0.61568627 0.89803922
v 1.05368080 9.60369516 0.34644771 0.30196078 0.61568627 0.89803922
v 1.04992987 9.75954811 0.09467212 0.30196078 0.61568627 0.89803922
v 1.11135149 9.45271135 0.25313458 0.30196078 0.61568627 0.89803922
v 1.10844045 9.60636541 0.00000000 0.30196078 0.61568627 0.89803922
v 1.02465750 8.85588451 0.27447847 0.30196078 0.61568627 0.89803922
v 1.13584159 9.14696823 0.09457884 0.30196078 0.61568627 0.89803922
v 1.05368080 8.99630484 0.34644771 0.30196078 0.61568627 0.89803922
v 1.04992987 8.84045189 0.09467212 0.30196078 0.61568627 0.89803922
v 1.11135149 9.14728865 0.25313458 0.30196078 0.61568627 0.89803922
v 1.10844045 8.99363459 0.00000000 0.30196078 0.61568627 0.89803922
v -0.70798832 10.20141950 -0.09324924 0.30196078 0.61568627 0.89803922
v -0.87245015 9.99784892 -0.27264927 0.30196078 0.61568627 0.89803922
v -0.65693941 10.21154661 -0.24497630 0.30196078 0.61568627 0.89803922
v -0.99466874 9.45088044 -0.55710789 0.30196078 0.61568627 0.89803922
v -0.97049820 9.74115579 -0.43129435 0.30196078 0.61568627 0.89803922
v -0.52208907 10.17162573 -0.53869433 0.30196078 0.61568627 0.89803922
v -0.81317280 9.99172610 -0.42751024 0.30196078 0.61568627 0.89803922
v -0.59353986 10.20096945 -0.39807597 0.30196078 0.61568627 0.89803922
v -0.74452368 10.10765632 -0.34040528 0.30196078 0.61568627 0.89803922
v -0.70798832 8.39858050 -0.09324924 0.30196078 0.61568627 0.89803922
v -0.87245015 8.60215108 -0.27264927 0.30196078 0.61568627 0.89803922
v -0.65693941 8.38845339 -0.24497630 0.30196078 0.61568627 0.89803922
v -0.99466874 9.14911956 -0.55710789 0.30196078 0.61568627 0.89803922
v -0.97049820 8.85884421 -0.43129435 0.30196078 0.61568627 0.89803922
v -0.52208907 8.42837427 -0.53869433 0.30196078 0.61568627 0.89803922
v -0.81317280 8.60827390 -0.42751024 0.30196078 0.61568627 0.89803922
v -0.59353986 8.39903055 -0.39807597 0.30196078 0.61568627 0.89803922
v -0.74452368 8.49234368 -0.34040528 0.30196078 0.61568627 0.89803922
v -0.15088044 8.74289211 -0.99466874 0.30196078 0.61568627 0.89803922
v -0.44115579 8.86870565 -0.97049820 0.30196078 0.61568627 0.89803922
v -0.24497630 8.64306059 -0.91154661 0.30196078 0.61568627 0.89803922
v -0.15140368 8.88803689 -1.06295029 0.30196078 0.61568627 0.89803922
v -0.90141950 9.20675076 -0.70798832 0.30196078 0.61568627 0.89803922
v -0.69784892 9.02735073 -0.87245015 0.30196078 0.61568627 0.89803922
v -0.91154661 9.05502370 -0.65693941 0.30196078 0.61568627 0.89803922
v -0.42751024 8.48682720 -0.69172610 0.30196078 0.61568627 0.89803922
v -0.53869433 8.77791093 -0.87162573 0.30196078 0.61568627 0.89803922
v -0.34040528 8.55547632 -0.80765632 0.30196078 0.61568627 0.89803922
v -0.59038176 8.55643554 -0.64889234 0.30196078 0.61568627 0.89803922
v -0.39807597 8.70646014 -0.90096945 0.30196078 0.61568627 0.89803922
v -0.15303177 9.20542116 -1.13584159 0.30196078 0.61568627 0.89803922
v -0.44411549 9.02552153 -1.02465750 0.30196078 0.61568627 0.89803922
v -0.15271135 9.04686542 -1.11135149 0.30196078 0.61568627 0.89803922
v -0.30369516 8.95355229 -1.05368080 0.30196078 0.61568627 0.89803922
v -0.87162573 8.76130567 -0.52208907 0.30196078 0.61568627 0.89803922
v -0.69172610 8.87248976 -0.81317280 0.30196078 0.61568627 0.89803922
v -0.90096945 8.90192403 -0.59353986 0.30196078 0.61568627 0.89803922
v -0.74356446 8.65110766 -0.59038176 0.30196078 0.61568627 0.89803922
v -0.80765632 8.95959472 -0.74452368 0.30196078 0.61568627 0.89803922
v -0.64889234 8.70961824 -0.74356446 0.30196078 0.61568627 0.89803922
v -0.15088044 9.85710789 -0.99466874 0.30196078 0.61568627 0.89803922
v -0.44115579 9.73129435 -0.97049820 0.30196078 0.61568627 0.89803922
v -0.24497630 9.95693941 -0.91154661 0.30196078 0.61568627 0.89803922
v -0.15140368 9.71196311 -1.06295029 0.30196078 0.61568627 0.89803922
v -0.90141950 9.39324924 -0.70798832 0.30196078 0.61568627 0.89803922
v -0.69784892 9.57264927 -0.87245015 0.30196078 0.61568627 0.89803922
v -0.91154661 9.54497630 -0.65693941 0.30196078 0.61568627 0.89803922
v -0.81797400 9.30000000 -0.80834309 0.30196078 0.61568627 0.89803922
v -0.42751024 10.11317280 -0.69172610 0.30196078 0.61568627 0.89803922
v -0.53869433 9.82208907 -0.87162573 0.30196078 0.61568627 0.89803922
v -0.34040528 10.04452368 -0.80765632 0.30196078 0.61568627 0.89803922
v -0.59038176 10.04356446 -0.64889234 0.30196078 0.61568627 0.89803922
v -0.39807597 9.89353986 -0.90096945 0.30196078 0.61568627 0.89803922
v -0.15303177 9.39457884 -1.13584159 0.30196078 0.61568627 0.89803922
v -0.44411549 9.57447847 -1.02465750 0.30196078 0.61568627 0.89803922
v -0.15271135 9.55313458 -1.11135149 0.30196078 0.61568627 0.89803922
v -0.30636541 9.30000000 -1.10844045 0.30196078 0.61568627 0.89803922
v -0.30369516 9.64644771 -1.05368080 0.30196078 0.61568627 0.89803922
v -0.87162573 9.83869433 -0.52208907 0.30196078 0.61568627 0.89803922
v -0.69172610 9.72751024 -0.81317280 0.30196078 0.61568627 0.89803922
v -0.90096945 9.69807597 -0.59353986 0.30196078 0.61568627 0.89803922
v -0.74356446 9.94889234 -0.59038176 0.30196078 0.61568627 0.89803922
v -0.80765632 9.64040528 -0.74452368 0.30196078 0.61568627 0.89803922
v -0.64889234 9.89038176 -0.74356446 0.30196078 0.61568627 0.89803922
v -0.59714726 9.12010037 -0.96620457 0.30196078 0.61568627 0.89803922
v -0.59714726 9.47989963 -0.96620457 0.30196078 0.61568627 0.89803922
v -0.71327552 9.20668687 -0.89723503 0.30196078 0.61568627 0.89803922
v -0.45954811 9.20532788 -1.04992987 0.30196078 0.61568627 0.89803922
v -0.71327552 9.39331313 -0.89723503 0.30196078 0.61568627 0.89803922
v -0.45954811 9.39467212 -1.04992987 0.30196078 0.61568627 0.89803922
v -0.70798832 10.20141950 0.09324924 0.30196078 0.61568627 0.89803922
v -0.87245015 9.99784892 0.27264927 0.30196078 0.61568627 0.89803922
v -0.65693941 10.21154661 0.24497630 0.30196078 0.61568627 0.89803922
v -0.80834309 10.11797400 0.00000000 0.30196078 0.61568627 0.89803922
v -0.99466874 9.45088044 0.55710789 0.30196078 0.61568627 0.89803922
v -0.97049820 9.74115579 0.43129435 0.30196078 0.61568627 0.89803922
v -0.52208907 10.17162573 0.53869433 0.30196078 0.61568627 0.89803922
v -0.81317280 9.99172610 0.42751024 0.30196078 0.61568627 0.89803922
v -0.59353986 10.20096945 0.39807597 0.30196078 0.61568627 0.89803922
v -0.74452368 10.10765632 0.34040528 0.30196078 0.61568627 0.89803922
v -0.96620457 9.89714726 -0.17989963 0.30196078 0.61568627 0.89803922
v -0.96620457 9.89714726 0.17989963 0.30196078 0.61568627 0.89803922
v -0.89723503 10.01327552 -0.09331313 0.30196078 0.61568627 0.89803922
v -0.89723503 10.01327552 0.09331313 0.30196078 0.61568627 0.89803922
v -0.70798832 8.39858050 0.09324924 0.30196078 0.61568627 0.89803922
v -0.87245015 8.60215108 0.27264927 0.30196078 0.61568627 0.89803922
v -0.65693941 8.38845339 0.24497630 0.30196078 0.61568627 0.89803922
v -0.80834309 8.48202600 0.00000000 0.30196078 0.61568627 0.89803922
v -0.99466874 9.14911956 0.55710789 0.30196078 0.61568627 0.89803922
v -0.97049820 8.85884421 0.43129435 0.30196078 0.61568627 0.89803922
v -0.52208907 8.42837427 0.53869433 0.30196078 0.61568627 0.89803922
v -0.81317280 8.60827390 0.42751024 0.30196078 0.61568627 0.89803922
v -0.59353986 8.39903055 0.39807597 0.30196078 0.61568627 0.89803922
v -0.74452368 8.49234368 0.34040528 0.30196078 0.61568627 0.89803922
v -0.96620457 8.70285274 -0.17989963 0.30196078 0.61568627 0.89803922
v -0.96620457 8.70285274 0.17989963 0.30196078 0.61568627 0.89803922
v -0.89723503 8.58672448 -0.09331313 0.30196078 0.61568627 0.89803922
v -0.89723503 8.58672448 0.09331313 0.30196078 0.61568627 0.89803922
v -0.15088044 8.74289211 0.99466874 0.30196078 0.61568627 0.89803922
v -0.44115579 8.86870565 0.97049820 0.30196078 0.61568627 0.89803922
v -0.24497630 8.64306059 0.91154661 0.30196078 0.61568627 0.89803922
v -0.15140368 8.88803689 1.06295029 0.30196078 0.61568627 0.89803922
v -0.90141950 9.20675076 0.70798832 0.30196078 0.61568627 0.89803922
v -0.69784892 9.02735073 0.87245015 0.30196078 0.61568627 0.89803922
v -0.91154661 9.05502370 0.65693941 0.30196078 0.61568627 0.89803922
v -0.42751024 8.48682720 0.69172610 0.30196078 0.61568627 0.89803922
v -0.53869433 8.77791093 0.87162573 0.30196078 0.61568627 0.89803922
v -0.34040528 8.55547632 0.80765632 0.30196078 0.61568627 0.89803922
v -0.59038176 8.55643554 0.64889234 0.30196078 0.61568627 0.89803922
v -0.39807597 8.70646014 0.90096945 0.30196078 0.61568627 0.89803922
v -0.15303177 9.20542116 1.13584159 0.30196078 0.61568627 0.89803922
v -0.44411549 9.02552153 1.02465750 0.30196078 0.61568627 0.89803922
v -0.15271135 9.04686542 1.11135149 0.30196078 0.61568627 0.89803922
v -0.30369516 8.95355229 1.05368080 0.30196078 0.61568627 0.89803922
v -0.87162573 8.76130567 0.52208907 0.30196078 0.61568627 0.89803922
v -0.69172610 8.87248976 0.81317280 0.30196078 0.61568627 0.89803922
v -0.90096945 8.90192403 0.59353986 0.30196078 0.61568627 0.89803922
v -0.74356446 8.65110766 0.59038176 0.30196078 0.61568627 0.89803922
v -0.80765632 8.95959472 0.74452368 0.30196078 0.61568627 0.89803922
v -0.64889234 8.70961824 0.74356446 0.30196078 0.61568627 0.89803922
v -0.15088044 9.85710789 0.99466874 0.30196078 0.61568627 0.89803922
v -0.44115579 9.73129435 0.97049820 0.30196078 0.61568627 0.89803922
v -0.24497630 9.95693941 0.91154661 0.30196078 0.61568627 0.89803922
v -0.15140368 9.71196311 1.06295029 0.30196078 0.61568627 0.89803922
v -0.90141950 9.39324924 0.70798832 0.30196078 0.61568627 0.89803922
v -0.69784892 9.57264927 0.87245015 0.30196078 0.61568627 0.89803922
v -0.91154661 9.54497630 0.65693941 0.30196078 0.61568627 0.89803922
v -0.81797400 9.30000000 0.80834309 0.30196078 0.61568627 0.89803922
v -0.42751024 10.11317280 0.69172610 0.30196078 0.61568627 0.89803922
v -0.53869433 9.82208907 0.87162573 0.30196078 0.61568627 0.89803922
v -0.34040528 10.04452368 0.80765632 0.30196078 0.61568627 0.89803922
v -0.59038176 10.04356446 0.64889234 0.30196078 0.61568627 0.89803922
v -0.39807597 9.89353986 0.90096945 0.30196078 0.61568627 0.89803922
v -0.15303177 9.39457884 1.13584159 0.30196078 0.61568627 0.89803922
v -0.44411549 9.57447847 1.02465750 0.30196078 0.61568627 0.89803922
v -0.15271135 9.55313458 1.11135149 0.30196078 0.61568627 0.89803922
v -0.30636541 9.30000000 1.10844045 0.30196078 0.61568627 0.89803922
v -0.30369516 9.64644771 1.05368080 0.30196078 0.61568627 0.89803922
v -0.87162573 9.83869433 0.52208907 0.30196078 0.61568627 0.89803922
v -0.69172610 9.72751024 0.81317280 0.30196078 0.61568627 0.89803922
v -0.90096945 9.69807597 0.59353986 0.30196078 0.61568627 0.89803922
v -0.74356446 9.94889234 0.59038176 0.30196078 0.61568627 0.89803922
v -0.80765632 9.64040528 0.74452368 0.30196078 0.61568627 0.89803922
v -0.64889234 9.89038176 0.74356446 0.30196078 0.61568627 0.89803922
v -0.59714726 9.12010037 0.96620457 0.30196078 0.61568627 0.89803922
v -0.59714726 9.47989963 0.96620457 0.30196078 0.61568627 0.89803922
v -0.71327552 9.20668687 0.89723503 0.30196078 0.61568627 0.89803922
v -0.45954811 9.20532788 1.04992987 0.30196078 0.61568627 0.89803922
v -0.71327552 9.39331313 0.89723503 0.30196078 0.61568627 0.89803922
v -0.45954811 9.39467212 1.04992987 0.30196078 0.61568627 0.89803922
v -1.05229993 9.30000000 -0.46385865 0.30196078 0.61568627 0.89803922
v -1.13900471 9.30000000 -0.15864508 0.30196078 0.61568627 0.89803922
v -1.06295029 9.45140368 -0.41196311 0.30196078 0.61568627 0.89803922
v -1.06295029 9.14859632 -0.41196311 0.30196078 0.61568627 0.89803922
v -1.05229993 9.30000000 0.46385865 0.30196078 0.61568627 0.89803922
v -1.13900471 9.30000000 0.15864508 0.30196078 0.61568627 0.89803922
v -1.06295029 9.45140368 0.41196311 0.30196078 0.61568627 0.89803922
v -1.06295029 9.14859632 0.41196311 0.30196078 0.61568627 0.89803922
v -1.02465750 9.74411549 -0.27447847 0.30196078 0.61568627 0.89803922
v -1.13584159 9.45303177 -0.09457884 0.30196078 0.61568627 0.89803922
v -1.05368080 9.60369516 -0.34644771 0.30196078 0.61568627 0.89803922
v -1.04992987 9.75954811 -0.09467212 0.30196078 0.61568627 0.89803922
v -1.11135149 9.45271135 -0.25313458 0.30196078 0.61568627 0.89803922
v -1.02465750 8.85588451 -0.27447847 0.30196078 0.61568627 0.89803922
v -1.13584159 9.14696823 -0.09457884 0.30196078 0.61568627 0.89803922
v -1.05368080 8.99630484 -0.34644771 0.30196078 0.61568627 0.89803922
v -1.04992987 8.84045189 -0.09467212 0.30196078 0.61568627 0.89803922
v -1.11135149 9.14728865 -0.25313458 0.30196078 0.61568627 0.89803922
v -1.02465750 9.74411549 0.27447847 0.30196078 0.61568627 0.89803922
v -1.13584159 9.45303177 0.09457884 0.30196078 0.61568627 0.89803922
v -1.05368080 9.60369516 0.34644771 0.30196078 0.61568627 0.89803922
v -1.04992987 9.75954811 0.09467212 0.30196078 0.61568627 0.89803922
v -1.11135149 9.45271135 0.25313458 0.30196078 0.61568627 0.89803922
v -1.10844045 9.60636541 0.00000000 0.30196078 0.61568627 0.89803922
v -1.02465750 8.85588451 0.27447847 0.30196078 0.61568627 0.89803922
v -1.13584159 9.14696823 0.09457884 0.30196078 0.61568627 0.89803922
v -1.05368080 8.99630484 0.34644771 0.30196078 0.61568627 0.89803922
v -1.04992987 8.84045189 0.09467212 0.30196078 0.61568627 0.89803922
v -1.11135149 9.14728865 0.25313458 0.30196078 0.61568627 0.89803922
v -1.10844045 8.99363459 0.00000000 0.30196078 0.61568627 0.89803922
v 1.90000000 0.40000000 0.00000000 0.30196078 0.61568627 0.89803922
v 1.87990381 0.32500000 0.00000000 0.30196078 0.61568627 0.89803922
v 1.82500000 0.27009619 0.00000000 0.30196078 0.61568627 0.89803922
v 1.75000000 0.25000000 0.00000000 0.30196078 0.61568627 0.89803922
v 1.67500000 0.27009619 0.00000000 0.30196078 0.61568627 0.89803922
v 1.62009619 0.32500000 0.00000000 0.30196078 0.61568627 0.89803922
v 1.60000000 0.40000000 0.00000000 0.30196078 0.61568627 0.89803922
v 1.62009619 0.47500000 -0.00000000 0.30196078 0.61568627 0.89803922
v 1.67500000 0.52990381 -0.00000000 0.30196078 0.61568627 0.89803922
v 1.75000000 0.55000000 -0.00000000 0.30196078 0.61568627 0.89803922
v 1.82500000 0.52990381 -0.00000000 0.30196078 0.61568627 0.89803922
v 1.87990381 0.47500000 -0.00000000 0.30196078 0.61568627 0.89803922
v 1.86349203 0.40000000 0.37067161 0.30196078 0.61568627 0.89803922
v 1.84378199 0.32500000 0.36675104 0.30196078 0.61568627 0.89803922
v 1.78993314 0.27009619 0.35603984 0.30196078 0.61568627 0.89803922
v 1.71637424 0.25000000 0.34140806 0.30196078 0.61568627 0.89803922
v 1.64281534 0.27009619 0.32677629 0.30196078 0.61568627 0.89803922
v 1.58896650 0.32500000 0.31606509 0.30196078 0.61568627 0.89803922
v 1.56925645 0.40000000 0.31214452 0.30196078 0.61568627 0.89803922
v 1.58896650 0.47500000 0.31606509 0.30196078 0.61568627 0.89803922
v 1.64281534 0.52990381 0.32677629 0.30196078 0.61568627 0.89803922
v 1.71637424 0.55000000 0.34140806 0.30196078 0.61568627 0.89803922
v 1.78993314 0.52990381 0.35603984 0.30196078 0.61568627 0.89803922
v 1.84378199 0.47500000 0.36675104 0.30196078 0.61568627 0.89803922
v 1.75537111 0.40000000 0.72709852 0.30196078 0.61568627 0.89803922
v 1.73680465 0.32500000 0.71940804 0.30196078 0.61568627 0.89803922
v 1.68608015 0.27009619 0.69839726 0.30196078 0.61568627 0.89803922
v 1.61678918 0.25000000 0.66969601 0.30196078 0.61568627 0.89803922
v 1.54749822 0.27009619 0.64099475 0.30196078 0.61568627 0.89803922
v 1.49677371 0.32500000 0.61998397 0.30196078 0.61568627 0.89803922
v 1.47820725 0.40000000 0.61229349 0.30196078 0.61568627 0.89803922
v 1.49677371 0.47500000 0.61998397 0.30196078 0.61568627 0.89803922
v 1.54749822 0.52990381 0.64099475 0.30196078 0.61568627 0.89803922
v 1.61678918 0.55000000 0.66969601 0.30196078 0.61568627 0.89803922
v 1.68608015 0.52990381 0.69839726 0.30196078 0.61568627 0.89803922
v 1.73680465 0.47500000 0.71940804 0.30196078 0.61568627 0.89803922
v 1.57979226 0.40000000 1.05558344 0.30196078 0.61568627 0.89803922
v 1.56308289 0.32500000 1.04441860 0.30196078 0.61568627 0.89803922
v 1.51743204 0.27009619 1.01391568 0.30196078 0.61568627 0.89803922
v 1.45507182 0.25000000 0.97224791 0.30196078 0.61568627 0.89803922
v 1.39271160 0.27009619 0.93058014 0.30196078 0.61568627 0.89803922
v 1.34706075 0.32500000 0.90007722 0.30196078 0.61568627 0.89803922
v 1.33035138 0.40000000 0.88891237 0.30196078 0.61568627 0.89803922
v 1.34706075 0.47500000 0.90007722 0.30196078 0.61568627 0.89803922
v 1.39271160 0.52990381 0.93058014 0.30196078 0.61568627 0.89803922
v 1.45507182 0.55000000 0.97224791 0.30196078 0.61568627 0.89803922
v 1.51743204 0.52990381 1.01391568 0.30196078 0.61568627 0.89803922
v 1.56308289 0.47500000 1.04441860 0.30196078 0.61568627 0.89803922
v 1.34350288 0.40000000 1.34350288 0.30196078 0.61568627 0.89803922
v 1.32929273 0.32500000 1.32929273 0.30196078 0.61568627 0.89803922
v 1.29046988 0.27009619 1.29046988 0.30196078 0.61568627 0.89803922
v 1.23743687 0.25000000 1.23743687 0.30196078 0.61568627 0.89803922
v 1.18440386 0.27009619 1.18440386 0.30196078 0.61568627 0.89803922
v 1.14558100 0.32500000 1.14558100 0.30196078 0.61568627 0.89803922
v 1.13137085 0.40000000 1.13137085 0.30196078 0.61568627 0.89803922
v 1.14558100 0.47500000 1.14558100 0.30196078 0.61568627 0.89803922
v 1.18440386 0.52990381 1.18440386 0.30196078 0.61568627 0.89803922
v 1.23743687 0.55000000 1.23743687 0.30196078 0.61568627 0.89803922
v 1.29046988 0.52990381 1.29046988 0.30196078 0.61568627 0.89803922
v 1.32929273 0.47500000 1.32929273 0.30196078 0.61568627 0.89803922
v 1.05558344 0.40000000 1.57979226 0.30196078 0.61568627 0.89803922
v 1.04441860 0.32500000 1.56308289 0.30196078 0.61568627 0.89803922
v 1.01391568 0.27009619 1.51743204 0.30196078 0.61568627 0.89803922
v 0.97224791 0.25000000 1.45507182 0.30196078 0.61568627 0.89803922
v 0.93058014 0.27009619 1.39271160 0.30196078 0.61568627 0.89803922
v 0.90007722 0.32500000 1.34706075 0.30196078 0.61568627 0.89803922
v 0.88891237 0.40000000 1.33035138 0.30196078 0.61568627 0.89803922
v 0.90007722 0.47500000 1.34706075 0.30196078 0.61568627 0.89803922
v 0.93058014 0.52990381 1.39271160 0.30196078 0.61568627 0.89803922
v 0.97224791 0.55000000 1.45507182 0.30196078 0.61568627 0.89803922
v 1.01391568 0.52990381 1.51743204 0.30196078 0.61568627 0.89803922
v 1.04441860 0.47500000 1.56308289 0.30196078 0.61568627 0.89803922
v 0.72709852 0.40000000 1.75537111 0.30196078 0.61568627 0.89803922
v 0.71940804 0.32500000 1.73680465 0.30196078 0.61568627 0.89803922
v 0.69839726 0.27009619 1.68608015 0.30196078 0.61568627 0.89803922
v 0.66969601 0.25000000 1.61678918 0.30196078 0.61568627 0.89803922
v 0.64099475 0.27009619 1.54749822 0.30196078 0.61568627 0.89803922
v 0.61998397 0.32500000 1.49677371 0.30196078 0.61568627 0.89803922
v 0.61229349 0.40000000 1.47820725 0.30196078 0.61568627 0.89803922
v 0.61998397 0.47500000 1.49677371 0.30196078 0.61568627 0.89803922
v 0.64099475 0.52990381 1.54749822 0.30196078 0.61568627 0.89803922
v 0.66969601 0.55000000 1.61678918 0.30196078 0.61568627 0.89803922
v 0.69839726 0.52990381 1.68608015 0.30196078 0.61568627 0.89803922
v 0.71940804 0.47500000 1.73680465 0.30196078 0.61568627 0.89803922
v 0.37067161 0.40000000 1.86349203 0.30196078 0.61568627 0.89803922
v 0.36675104 0.32500000 1.84378199 0.30196078 0.61568627 0.89803922
v 0.35603984 0.27009619 1.78993314 0.30196078 0.61568627 0.89803922
v 0.34140806 0.25000000 1.71637424 0.30196078 0.61568627 0.89803922
v 0.32677629 0.27009619 1.64281534 0.30196078 0.61568627 0.89803922
v 0.31606509 0.32500000 1.58896650 0.30196078 0.61568627 0.89803922
v 0.31214452 0.40000000 1.56925645 0.30196078 0.61568627 0.89803922
v 0.31606509 0.47500000 1.58896650 0.30196078 0.61568627 0.89803922
v 0.32677629 0.52990381 1.64281534 0.30196078 0.61568627 0.89803922
v 0.34140806 0.55000000 1.71637424 0.30196078 0.61568627 0.89803922
v 0.35603984 0.52990381 1.78993314 0.30196078 0.61568627 0.89803922
v 0.36675104 0.47500000 1.84378199 0.30196078 0.61568627 0.89803922
v 0.00000000 0.40000000 1.90000000 0.30196078 0.61568627 0.89803922
v 0.00000000 0.32500000 1.87990381 0.30196078 0.61568627 0.89803922
v 0.00000000 0.27009619 1.82500000 0.30196078 0.61568627 0.89803922
v 0.00000000 0.25000000 1.75000000 0.30196078 0.61568627 0.89803922
v 0.00000000 0.27009619 1.67500000 0.30196078 0.61568627 0.89803922
v 0.00000000 0.32500000 1.62009619 0.30196078 0.61568627 0.89803922
v 0.00000000 0.40000000 1.60000000 0.30196078 0.61568627 0.89803922
v 0.00000000 0.47500000 1.62009619 0.30196078 0.61568627 0.89803922
v 0.00000000 0.52990381 1.67500000 0.30196078 0.61568627 0.89803922
v 0.00000000 0.55000000 1.75000000 0.30196078 0.61568627 0.89803922
v 0.00000000 0.52990381 1.82500000 0.30196078 0.61568627 0.89803922
v 0.00000000 0.47500000 1.87990381 0.30196078 0.61568627 0.89803922
v -0.37067161 0.40000000 1.86349203 0.30196078 0.61568627 0.89803922
v -0.36675104 0.32500000 1.84378199 0.30196078 0.61568627 0.89803922
v -0.35603984 0.27009619 1.78993314 0.30196078 0.61568627 0.89803922
v -0.34140806 0.25000000 1.71637424 0.30196078 0.61568627 0.89803922
v -0.32677629 0.27009619 1.64281534 0.30196078 0.61568627 0.89803922
v -0.31606509 0.32500000 1.58896650 0.30196078 0.61568627 0.89803922
v -0.31214452 0.40000000 1.56925645 0.30196078 0.61568627 0.89803922
v -0.31606509 0.47500000 1.58896650 0.30196078 0.61568627 0.89803922
v -0.32677629 0.52990381 1.64281534 0.30196078 0.61568627 0.89803922
v -0.34140806 0.55000000 1.71637424 0.30196078 0.61568627 0.89803922
v -0.35603984 0.52990381 1.78993314 0.30196078 0.61568627 0.89803922
v -0.36675104 0.47500000 1.84378199 0.30196078 0.61568627 0.89803922
v -0.72709852 0.40000000 1.75537111 0.30196078 0.61568627 0.89803922
v -0.71940804 0.32500000 1.73680465 0.30196078 0.61568627 0.89803922
v -0.69839726 0.27009619 1.68608015 0.30196078 0.61568627 0.89803922
v -0.66969601 0.25000000 1.61678918 0.30196078 0.61568627 0.89803922
v -0.64099475 0.27009619 1.54749822 0.30196078 0.61568627 0.89803922
v -0.61998397 0.32500000 1.49677371 0.30196078 0.61568627 0.89803922
v -0.61229349 0.40000000 1.47820725 0.30196078 0.61568627 0.89803922
v -0.61998397 0.47500000 1.49677371 0.30196078 0.61568627 0.89803922
v -0.64099475 0.52990381 1.54749822 0.30196078 0.61568627 0.89803922
v -0.66969601 0.55000000 1.61678918 0.30196078 0.61568627 0.89803922
v -0.69839726 0.52990381 1.68608015 0.30196078 0.61568627 0.89803922
v -0.71940804 0.47500000 1.73680465 0.30196078 0.61568627 0.89803922
v -1.05558344 0.40000000 1.57979226 0.30196078 0.61568627 0.89803922
v -1.04441860 0.32500000 1.56308289 0.30196078 0.61568627 0.89803922
v -1.01391568 0.27009619 1.51743204 0.30196078 0.61568627 0.89803922
v -0.97224791 0.25000000 1.45507182 0.30196078 0.61568627 0.89803922
v -0.93058014 0.27009619 1.39271160 0.30196078 0.61568627 0.89803922
v -0.90007722 0.32500000 1.34706075 0.30196078 0.61568627 0.89803922
v -0.88891237 0.40000000 1.33035138 0.30196078 0.61568627 0.89803922
v -0.90007722 0.47500000 1.34706075 0.30196078 0.61568627 0.89803922
v -0.93058014 0.52990381 1.39271160 0.30196078 0.61568627 0.89803922
v -0.97224791 0.55000000 1.45507182 0.30196078 0.61568627 0.89803922
v -1.01391568 0.52990381 1.51743204 0.30196078 0.61568627 0.89803922
v -1.04441860 0.47500000 1.56308289 0.30196078 0.61568627 0.89803922
v -1.34350288 0.40000000 1.34350288 0.30196078 0.61568627 0.89803922
v -1.32929273 0.32500000 1.32929273 0.30196078 0.61568627 0.89803922
v -1.29046988 0.27009619 1.29046988 0.30196078 0.61568627 0.89803922
v -1.23743687 0.25000000 1.23743687 0.30196078 0.61568627 0.89803922
v -1.18440386 0.27009619 1.18440386 0.30196078 0.61568627 0.89803922
v -1.14558100 0.32500000 1.14558100 0.30196078 0.61568627 0.89803922
v -1.13137085 0.40000000 1.13137085 0.30196078 0.61568627 0.89803922
v -1.14558100 0.47500000 1.14558100 0.30196078 0.61568627 0.89803922
v -1.18440386 0.52990381 1.18440386 0.30196078 0.61568627 0.89803922
v -1.23743687 0.55000000 1.23743687 0.30196078 0.61568627 0.89803922
v -1.29046988 0.52990381 1.29046988 0.30196078 0.61568627 0.89803922
v -1.32929273 0.47500000 1.32929273 0.30196078 0.61568627 0.89803922
v -1.57979226 0.40000000 1.05558344 0.30196078 0.61568627 0.89803922
v -1.56308289 0.32500000 1.04441860 0.30196078 0.61568627 0.89803922
v -1.51743204 0.27009619 1.01391568 0.30196078 0.61568627 0.89803922
v -1.45507182 0.25000000 0.97224791 0.30196078 0.61568627 0.89803922
v -1.39271160 0.27009619 0.93058014 0.30196078 0.61568627 0.89803922
v -1.34706075 0.32500000 0.90007722 0.30196078 0.61568627 0.89803922
v -1.33035138 0.40000000 0.88891237 0.30196078 0.61568627 0.89803922
v -1.34706075 0.47500000 0.90007722 0.30196078 0.61568627 0.89803922
v -1.39271160 0.52990381 0.93058014 0.30196078 0.61568627 0.89803922
v -1.45507182 0.55000000 0.97224791 0.30196078 0.61568627 0.89803922
v -1.51743204 0.52990381 1.01391568 0.30196078 0.61568627 0.89803922
v -1.56308289 0.47500000 1.04441860 0.30196078 0.61568627 0.89803922
v -1.75537111 0.40000000 0.72709852 0.30196078 0.61568627 0.89803922
v -1.73680465 0.32500000 0.71940804 0.30196078 0.61568627 0.89803922
v -1.68608015 0.27009619 0.69839726 0.30196078 0.61568627 0.89803922
v -1.61678918 0.25000000 0.66969601 0.30196078 0.61568627 0.89803922
v -1.54749822 0.27009619 0.64099475 0.30196078 0.61568627 0.89803922
v -1.49677371 0.32500000 0.61998397 0.30196078 0.61568627 0.89803922
v -1.47820725 0.40000000 0.61229349 0.30196078 0.61568627 0.89803922
v -1.49677371 0.47500000 0.61998397 0.30196078 0.61568627 0.89803922
v -1.54749822 0.52990381 0.64099475 0.30196078 0.61568627 0.89803922
v -1.61678918 0.55000000 0.66969601 0.30196078 0.61568627 0.89803922
v -1.68608015 0.52990381 0.69839726 0.30196078 0.61568627 0.89803922
v -1.73680465 0.47500000 0.71940804 0.30196078 0.61568627 0.89803922
v -1.86349203 0.40000000 0.37067161 0.30196078 0.61568627 0.89803922
v -1.84378199 0.32500000 0.36675104 0.30196078 0.61568627 0.89803922
v -1.78993314 0.27009619 0.35603984 0.30196078 0.61568627 0.89803922
v -1.71637424 0.25000000 0.34140806 0.30196078 0.61568627 0.89803922
v -1.64281534 0.27009619 0.32677629 0.30196078 0.61568627 0.89803922
v -1.58896650 0.32500000 0.31606509 0.30196078 0.61568627 0.89803922
v -1.56925645 0.40000000 0.31214452 0.30196078 0.61568627 0.89803922
v -1.58896650 0.47500000 0.31606509 0.30196078 0.61568627 0.89803922
v -1.64281534 0.52990381 0.32677629 0.30196078 0.61568627 0.89803922
v -1.71637424 0.55000000 0.34140806 0.30196078 0.61568627 0.89803922
v -1.78993314 0.52990381 0.35603984 0.30196078 0.61568627 0.89803922
v -1.84378199 0.47500000 0.36675104 0.30196078 0.61568627 0.89803922
v -1.90000000 0.40000000 0.00000000 0.30196078 0.61568627 0.89803922
v -1.87990381 0.32500000 0.00000000 0.30196078 0.61568627 0.89803922
v -1.82500000 0.27009619 0.00000000 0.30196078 0.61568627 0.89803922
v -1.75000000 0.25000000 0.00000000 0.30196078 0.61568627 0.89803922
v -1.67500000 0.27009619 0.00000000 0.30196078 0.61568627 0.89803922
v -1.62009619 0.32500000 0.00000000 0.30196078 0.61568627 0.89803922
v -1.60000000 0.40000000 0.00000000 0.30196078 0.61568627 0.89803922
v -1.62009619 0.47500000 0.00000000 0.30196078 0.61568627 0.89803922
v -1.67500000 0.52990381 0.00000000 0.30196078 0.61568627 0.89803922
v -1.75000000 0.55000000 0.00000000 0.30196078 0.61568627 0.89803922
v -1.82500000 0.52990381 0.00000000 0.30196078 0.61568627 0.89803922
v -1.87990381 0.47500000 0.00000000 0.30196078 0.61568627 0.89803922
v -1.86349203 0.40000000 -0.37067161 0.30196078 0.61568627 0.89803922
v -1.84378199 0.32500000 -0.36675104 0.30196078 0.61568627 0.89803922
v -1.78993314 0.27009619 -0.35603984 0.30196078 0.61568627 0.89803922
v -1.71637424 0.25000000 -0.34140806 0.30196078 0.61568627 0.89803922
v -1.64281534 0.27009619 -0.32677629 0.30196078 0.61568627 0.89803922
v -1.58896650 0.32500000 -0.31606509 0.30196078 0.61568627 0.89803922
v -1.56925645 0.40000000 -0.31214452 0.30196078 0.61568627 0.89803922
v -1.58896650 0.47500000 -0.31606509 0.30196078 0.61568627 0.89803922
v -1.64281534 0.52990381 -0.32677629 0.30196078 0.61568627 0.89803922
v -1.71637424 0.55000000 -0.34140806 0.30196078 0.61568627 0.89803922
v -1.78993314 0.52990381 -0.35603984 0.30196078 0.61568627 0.89803922
v -1.84378199 0.47500000 -0.36675104 0.30196078 0.61568627 0.89803922
v -1.75537111 0.40000000 -0.72709852 0.30196078 0.61568627 0.89803922
v -1.73680465 0.32500000 -0.71940804 0.30196078 0.61568627 0.89803922
v -1.68608015 0.27009619 -0.69839726 0.30196078 0.61568627 0.89803922
v -1.61678918 0.25000000 -0.66969601 0.30196078 0.61568627 0.89803922
v -1.54749822 0.27009619 -0.64099475 0.30196078 0.61568627 0.89803922
v -1.49677371 0.32500000 -0.61998397 0.30196078 0.61568627 0.89803922
v -1.47820725 0.40000000 -0.61229349 0.30196078 0.61568627 0.89803922
v -1.49677371 0.47500000 -0.61998397 0.30196078 0.61568627 0.89803922
v -1.54749822 0.52990381 -0.64099475 0.30196078 0.61568627 0.89803922
v -1.61678918 0.55000000 -0.66969601 0.30196078 0.61568627 0.89803922
v -1.68608015 0.52990381 -0.69839726 0.30196078 0.61568627 0.89803922
v -1.73680465 0.47500000 -0.71940804 0.30196078 0.61568627 0.89803922
v -1.57979226 0.40000000 -1.05558344 0.30196078 0.61568627 0.89803922
v -1.56308289 0.32500000 -1.04441860 0.30196078 0.61568627 0.89803922
v -1.51743204 0.27009619 -1.01391568 0.30196078 0.61568627 0.89803922
v -1.45507182 0.25000000 -0.97224791 0.30196078 0.61568627 0.89803922
v -1.39271160 0.27009619 -0.93058014 0.30196078 0.61568627 0.89803922
v -1.34706075 0.32500000 -0.90007722 0.30196078 0.61568627 0.89803922
v -1.33035138 0.40000000 -0.88891237 0.30196078 0.61568627 0.89803922
v -1.34706075 0.47500000 -0.90007722 0.30196078 0.61568627 0.89803922
v -1.39271160 0.52990381 -0.93058014 0.30196078 0.61568627 0.89803922
v -1.45507182 0.55000000 -0.97224791 0.30196078 0.61568627 0.89803922
v -1.51743204 0.52990381 -1.01391568 0.30196078 0.61568627 0.89803922
v -1.56308289 0.47500000 -1.04441860 0.30196078 0.61568627 0.89803922
v -1.34350288 0.40000000 -1.34350288 0.30196078 0.61568627 0.89803922
v -1.32929273 0.32500000 -1.32929273 0.30196078 0.61568627 0.89803922
v -1.29046988 0.27009619 -1.29046988 0.30196078 0.61568627 0.89803922
v -1.23743687 0.25000000 -1.23743687 0.30196078 0.61568627 0.89803922
v -1.18440386 0.27009619 -1.18440386 0.30196078 0.61568627 0.89803922
v -1.14558100 0.32500000 -1.14558100 0.30196078 0.61568627 0.89803922
v -1.13137085 0.40000000 -1.13137085 0.30196078 0.61568627 0.89803922
v -1.14558100 0.47500000 -1.14558100 0.30196078 0.61568627 0.89803922
v -1.18440386 0.52990381 -1.18440386 0.30196078 0.61568627 0.89803922
v -1.23743687 0.55000000 -1.23743687 0.30196078 0.61568627 0.89803922
v -1.29046988 0.52990381 -1.29046988 0.30196078 0.61568627 0.89803922
v -1.32929273 0.47500000 -1.32929273 0.30196078 0.61568627 0.89803922
v -1.05558344 0.40000000 -1.57979226 0.30196078 0.61568627 0.89803922
v -1.04441860 0.32500000 -1.56308289 0.30196078 0.61568627 0.89803922
v -1.01391568 0.27009619 -1.51743204 0.30196078 0.61568627 0.89803922
v -0.97224791 0.25000000 -1.45507182 0.30196078 0.61568627 0.89803922
v -0.93058014 0.27009619 -1.39271160 0.30196078 0.61568627 0.89803922
v -0.90007722 0.32500000 -1.34706075 0.30196078 0.61568627 0.89803922
v -0.88891237 0.40000000 -1.33035138 0.30196078 0.61568627 0.89803922
v -0.90007722 0.47500000 -1.34706075 0.30196078 0.61568627 0.89803922
v -0.93058014 0.52990381 -1.39271160 0.30196078 0.61568627 0.89803922
v -0.97224791 0.55000000 -1.45507182 0.30196078 0.61568627 0.89803922
v -1.01391568 0.52990381 -1.51743204 0.30196078 0.61568627 0.89803922
v -1.04441860 0.47500000 -1.56308289 0.30196078 0.61568627 0.89803922
v -0.72709852 0.40000000 -1.75537111 0.30196078 0.61568627 0.89803922
v -0.71940804 0.32500000 -1.73680465 0.30196078 0.61568627 0.89803922
v -0.69839726 0.27009619 -1.68608015 0.30196078 0.61568627 0.89803922
v -0.66969601 0.25000000 -1.61678918 0.30196078 0.61568627 0.89803922
v -0.64099475 0.27009619 -1.54749822 0.30196078 0.61568627 0.89803922
v -0.61998397 0.32500000 -1.49677371 0.30196078 0.61568627 0.89803922
v -0.61229349 0.40000000 -1.47820725 0.30196078 0.61568627 0.89803922
v -0.61998397 0.47500000 -1.49677371 0.30196078 0.61568627 0.89803922
v -0.64099475 0.52990381 -1.54749822 0.30196078 0.61568627 0.89803922
v -0.66969601 0.55000000 -1.61678918 0.30196078 0.61568627 0.89803922
v -0.69839726 0.52990381 -1.68608015 0.30196078 0.61568627 0.89803922
v -0.71940804 0.47500000 -1.73680465 0.30196078 0.61568627 0.89803922
v -0.37067161 0.40000000 -1.86349203 0.30196078 0.61568627 0.89803922
v -0.36675104 0.32500000 -1.84378199 0.30196078 0.61568627 0.89803922
v -0.35603984 0.27009619 -1.78993314 0.30196078 0.61568627 0.89803922
v -0.34140806 0.25000000 -1.71637424 0.30196078 0.61568627 0.89803922
v -0.32677629 0.27009619 -1.64281534 0.30196078 0.61568627 0.89803922
v -0.31606509 0.32500000 -1.58896650 0.30196078 0.61568627 0.89803922
v -0.31214452 0.40000000 -1.56925645 0.30196078 0.61568627 0.89803922
v -0.31606509 0.47500000 -1.58896650 0.30196078 0.61568627 0.89803922
v -0.32677629 0.52990381 -1.64281534 0.30196078 0.61568627 0.89803922
v -0.34140806 0.55000000 -1.71637424 0.30196078 0.61568627 0.89803922
v -0.35603984 0.52990381 -1.78993314 0.30196078 0.61568627 0.89803922
v -0.36675104 0.47500000 -1.84378199 0.30196078 0.61568627 0.89803922
v -0.00000000 0.40000000 -1.90000000 0.30196078 0.61568627 0.89803922
v -0.00000000 0.32500000 -1.87990381 0.30196078 0.61568627 0.89803922
v -0.00000000 0.27009619 -1.82500000 0.30196078 0.61568627 0.89803922
v -0.00000000 0.25000000 -1.75000000 0.30196078 0.61568627 0.89803922
v -0.00000000 0.27009619 -1.67500000 0.30196078 0.61568627 0.89803922
v -0.00000000 0.32500000 -1.62009619 0.30196078 0.61568627 0.89803922
v -0.00000000 0.40000000 -1.60000000 0.30196078 0.61568627 0.89803922
v -0.00000000 0.47500000 -1.62009619 0.30196078 0.61568627 0.89803922
v -0.00000000 0.52990381 -1.67500000 0.30196078 0.61568627 0.89803922
v -0.00000000 0.55000000 -1.75000000 0.30196078 0.61568627 0.89803922
v -0.00000000 0.52990381 -1.82500000 0.30196078 0.61568627 0.89803922
v -0.00000000 0.47500000 -1.87990381 0.30196078 0.61568627 0.89803922
v 0.37067161 0.40000000 -1.86349203 0.30196078 0.61568627 0.89803922
v 0.36675104 0.32500000 -1.84378199 0.30196078 0.61568627 0.89803922
v 0.35603984 0.27009619 -1.78993314 0.30196078 0.61568627 0.89803922
v 0.34140806 0.25000000 -1.71637424 0.30196078 0.61568627 0.89803922
v 0.32677629 0.27009619 -1.64281534 0.30196078 0.61568627 0.89803922
v 0.31606509 0.32500000 -1.58896650 0.30196078 0.61568627 0.89803922
v 0.31214452 0.40000000 -1.56925645 0.30196078 0.61568627 0.89803922
v 0.31606509 0.47500000 -1.58896650 0.30196078 0.61568627 0.89803922
v 0.32677629 0.52990381 -1.64281534 0.30196078 0.61568627 0.89803922
v 0.34140806 0.55000000 -1.71637424 0.30196078 0.61568627 0.89803922
v 0.35603984 0.52990381 -1.78993314 0.30196078 0.61568627 0.89803922
v 0.36675104 0.47500000 -1.84378199 0.30196078 0.61568627 0.89803922
v 0.72709852 0.40000000 -1.75537111 0.30196078 0.61568627 0.89803922
v 0.71940804 0.32500000 -1.73680465 0.30196078 0.61568627 0.89803922
v 0.69839726 0.27009619 -1.68608015 0.30196078 0.61568627 0.89803922
v 0.66969601 0.25000000 -1.61678918 0.30196078 0.61568627 0.89803922
v 0.64099475 0.27009619 -1.54749822 0.30196078 0.61568627 0.89803922
v 0.61998397 0.32500000 -1.49677371 0.30196078 0.61568627 0.89803922
v 0.61229349 0.40000000 -1.47820725 0.30196078 0.61568627 0.89803922
v 0.61998397 0.47500000 -1.49677371 0.30196078 0.61568627 0.89803922
v 0.64099475 0.52990381 -1.54749822 0.30196078 0.61568627 0.89803922
v 0.66969601 0.55000000 -1.61678918 0.30196078 0.61568627 0.89803922
v 0.69839726 0.52990381 -1.68608015 0.30196078 0.61568627 0.89803922
v 0.71940804 0.47500000 -1.73680465 0.30196078 0.61568627 0.89803922
v 1.05558344 0.40000000 -1.57979226 0.30196078 0.61568627 0.89803922
v 1.04441860 0.32500000 -1.56308289 0.30196078 0.61568627 0.89803922
v 1.01391568 0.27009619 -1.51743204 0.30196078 0.61568627 0.89803922
v 0.97224791 0.25000000 -1.45507182 0.30196078 0.61568627 0.89803922
v 0.93058014 0.27009619 -1.39271160 0.30196078 0.61568627 0.89803922
v 0.90007722 0.32500000 -1.34706075 0.30196078 0.61568627 0.89803922
v 0.88891237 0.40000000 -1.33035138 0.30196078 0.61568627 0.89803922
v 0.90007722 0.47500000 -1.34706075 0.30196078 0.61568627 0.89803922
v 0.93058014 0.52990381 -1.39271160 0.30196078 0.61568627 0.89803922
v 0.97224791 0.55000000 -1.45507182 0.30196078 0.61568627 0.89803922
v 1.01391568 0.52990381 -1.51743204 0.30196078 0.61568627 0.89803922
v 1.04441860 0.47500000 -1.56308289 0.30196078 0.61568627 0.89803922
v 1.34350288 0.40000000 -1.34350288 0.30196078 0.61568627 0.89803922
v 1.32929273 0.32500000 -1.32929273 0.30196078 0.61568627 0.89803922
v 1.29046988 0.27009619 -1.29046988 0.30196078 0.61568627 0.89803922
v 1.23743687 0.25000000 -1.23743687 0.30196078 0.61568627 0.89803922
v 1.18440386 0.27009619 -1.18440386 0.30196078 0.61568627 0.89803922
v 1.14558100 0.32500000 -1.14558100 0.30196078 0.61568627 0.89803922
v 1.13137085 0.40000000 -1.13137085 0.30196078 0.61568627 0.89803922
v 1.14558100 0.47500000 -1.14558100 0.30196078 0.61568627 0.89803922
v 1.18440386 0.52990381 -1.18440386 0.30196078 0.61568627 0.89803922
v 1.23743687 0.55000000 -1.23743687 0.30196078 0.61568627 0.89803922
v 1.29046988 0.52990381 -1.29046988 0.30196078 0.61568627 0.89803922
v 1.32929273 0.47500000 -1.32929273 0.30196078 0.61568627 0.89803922
v 1.57979226 0.40000000 -1.05558344 0.30196078 0.61568627 0.89803922
v 1.56308289 0.32500000 -1.04441860 0.30196078 0.61568627 0.89803922
v 1.51743204 0.27009619 -1.01391568 0.30196078 0.61568627 0.89803922
v 1.45507182 0.25000000 -0.97224791 0.30196078 0.61568627 0.89803922
v 1.39271160 0.27009619 -0.93058014 0.30196078 0.61568627 0.89803922
v 1.34706075 0.32500000 -0.90007722 0.30196078 0.61568627 0.89803922
v 1.33035138 0.40000000 -0.88891237 0.30196078 0.61568627 0.89803922
v 1.34706075 0.47500000 -0.90007722 0.30196078 0.61568627 0.89803922
v 1.39271160 0.52990381 -0.93058014 0.30196078 0.61568627 0.89803922
v 1.45507182 0.55000000 -0.97224791 0.30196078 0.61568627 0.89803922
v 1.51743204 0.52990381 -1.01391568 0.30196078 0.61568627 0.89803922
v 1.56308289 0.47500000 -1.04441860 0.30196078 0.61568627 0.89803922
v 1.75537111 0.40000000 -0.72709852 0.30196078 0.61568627 0.89803922
v 1.73680465 0.32500000 -0.71940804 0.30196078 0.61568627 0.89803922
v 1.68608015 0.27009619 -0.69839726 0.30196078 0.61568627 0.89803922
v 1.61678918 0.25000000 -0.66969601 0.30196078 0.61568627 0.89803922
v 1.54749822 0.27009619 -0.64099475 0.30196078 0.61568627 0.89803922
v 1.49677371 0.32500000 -0.61998397 0.30196078 0.61568627 0.89803922
v 1.47820725 0.40000000 -0.61229349 0.30196078 0.61568627 0.89803922
v 1.49677371 0.47500000 -0.61998397 0.30196078 0.61568627 0.89803922
v 1.54749822 0.52990381 -0.64099475 0.30196078 0.61568627 0.89803922
v 1.61678918 0.55000000 -0.66969601 0.30196078 0.61568627 0.89803922
v 1.68608015 0.52990381 -0.69839726 0.30196078 0.61568627 0.89803922
v 1.73680465 0.47500000 -0.71940804 0.30196078 0.61568627 0.89803922
v 1.86349203 0.40000000 -0.37067161 0.30196078 0.61568627 0.89803922
v 1.84378199 0.32500000 -0.36675104 0.30196078 0.61568627 0.89803922
v 1.78993314 0.27009619 -0.35603984 0.30196078 0.61568627 0.89803922
v 1.71637424 0.25000000 -0.34140806 0.30196078 0.61568627 0.89803922
v 1.64281534 0.27009619 -0.32677629 0.30196078 0.61568627 0.89803922
v 1.58896650 0.32500000 -0.31606509 0.30196078 0.61568627 0.89803922
v 1.56925645 0.40000000 -0.31214452 0.30196078 0.61568627 0.89803922
v 1.58896650 0.47500000 -0.31606509 0.30196078 0.61568627 0.89803922
v 1.64281534 0.52990381 -0.32677629 0.30196078 0.61568627 0.89803922
v 1.71637424 0.55000000 -0.34140806 0.30196078 0.61568627 0.89803922
v 1.78993314 0.52990381 -0.35603984 0.30196078 0.61568627 0.89803922
v 1.84378199 0.47500000 -0.36675104 0.30196078 0.61568627 0.89803922
f 2 1 5
f 2 5 3
f 3 5 6
f 3 6 4
f 5 1 7
f 5 7 6
f 6 7 8
f 6 8 4
f 7 1 9
f 7 9 8
f 8 9 10
f 8 10 4
f 9 1 11
f 9 11 10
f 10 11 12
f 10 12 4
f 11 1 13
f 11 13 12
f 12 13 14
f 12 14 4
f 13 1 15
f 13 15 14
f 14 15 16
f 14 16 4
f 15 1 17
f 15 17 16
f 16 17 18
f 16 18 4
f 17 1 19
f 17 19 18
f 18 19 20
f 18 20 4
f 19 1 21
f 19 21 20
f 20 21 22
f 20 22 4
f 21 1 23
f 21 23 22
f 22 23 24
f 22 24 4
f 23 1 25
f 23 25 24
f 24 25 26
f 24 26 4
f 25 1 27
f 25 27 26
f 26 27 28
f 26 28 4
f 27 1 29
f 27 29 28
f 28 29 30
f 28 30 4
f 29 1 31
f 29 31 30
f 30 31 32
f 30 32 4
f 31 1 33
f 31 33 32
f 32 33 34
f 32 34 4
f 33 1 35
f 33 35 34
f 34 35 36
f 34 36 4
f 35 1 37
f 35 37 36
f 36 37 38
f 36 38 4
f 37 1 39
f 37 39 38
f 38 39 40
f 38 40 4
f 39 1 41
f 39 41 40
f 40 41 42
f 40 42 4
f 41 1 43
f 41 43 42
f 42 43 44
f 42 44 4
f 43 1 45
f 43 45 44
f 44 45 46
f 44 46 4
f 45 1 47
f 45 47 46
f 46 47 48
f 46 48 4
f 47 1 49
f 47 49 48
f 48 49 50
f 48 50 4
f 49 1 2
f 49 2 50
f 50 2 3
f 50 3 4
f 51 583 247
f 583 188 585
f 247 585 104
f 583 585 247
f 188 584 592
f 584 88 590
f 592 590 190
f 584 590 592
f 104 591 248
f 591 190 589
f 248 589 67
f 591 589 248
f 188 592 585
f 592 190 591
f 585 591 104
f 592 591 585
f 88 588 651
f 588 189 653
f 651 653 205
f 588 653 651
f 189 587 639
f 587 62 637
f 639 637 202
f 587 637 639
f 205 655 652
f 655 202 638
f 652 638 91
f 655 638 652
f 189 639 653
f 639 202 655
f 653 655 205
f 639 655 653
f 67 641 251
f 641 203 643
f 251 643 105
f 641 643 251
f 203 642 645
f 642 91 634
f 645 634 201
f 642 634 645
f 105 635 250
f 635 201 633
f 250 633 56
f 635 633 250
f 203 645 643
f 645 201 635
f 643 635 105
f 645 635 643
f 88 651 590
f 651 205 654
f 590 654 190
f 651 654 590
f 205 652 656
f 652 91 642
f 656 642 203
f 652 642 656
f 190 644 589
f 644 203 641
f 589 641 67
f 644 641 589
f 205 656 654
f 656 203 644
f 654 644 190
f 656 644 654
f 51 247 213
f 247 104 249
f 213 249 93
f 247 249 213
f 104 248 255
f 248 67 253
f 255 253 106
f 248 253 255
f 93 254 214
f 254 106 252
f 214 252 63
f 254 252 214
f 104 255 249
f 255 106 254
f 249 254 93
f 255 254 249
f 67 251 267
f 251 105 269
f 267 269 110
f 251 269 267
f 105 250 261
f 250 56 259
f 261 259 108
f 250 259 261
f 110 271 268
f 271 108 260
f 268 260 68
f 271 260 268
f 105 261 269
f 261 108 271
f 269 271 110
f 261 271 269
f 63 262 216
f 262 109 264
f 216 264 94
f 262 264 216
f 109 263 266
f 263 68 257
f 266 257 107
f 263 257 266
f 94 258 215
f 258 107 256
f 215 256 52
f 258 256 215
f 109 266 264
f 266 107 258
f 264 258 94
f 266 258 264
f 67 267 253
f 267 110 270
f 253 270 106
f 267 270 253
f 110 268 272
f 268 68 263
f 272 263 109
f 268 263 272
f 106 265 252
f 265 109 262
f 252 262 63
f 265 262 252
f 110 272 270
f 272 109 265
f 270 265 106
f 272 265 270
f 51 213 303
f 213 93 305
f 303 305 120
f 213 305 303
f 93 214 310
f 214 63 308
f 310 308 122
f 214 308 310
f 120 311 304
f 311 122 309
f 304 309 72
f 311 309 304
f 93 310 305
f 310 122 311
f 305 311 120
f 310 311 305
f 63 216 318
f 216 94 320
f 318 320 125
f 216 320 318
f 94 215 314
f 215 52 312
f 314 312 123
f 215 312 314
f 125 322 319
f 322 123 313
f 319 313 73
f 322 313 319
f 94 314 320
f 314 123 322
f 320 322 125
f 314 322 320
f 72 323 307
f 323 126 325
f 307 325 121
f 323 325 307
f 126 324 327
f 324 73 316
f 327 316 124
f 324 316 327
f 121 317 306
f 317 124 315
f 306 315 58
f 317 315 306
f 126 327 325
f 327 124 317
f 325 317 121
f 327 317 325
f 63 318 308
f 318 125 321
f 308 321 122
f 318 321 308
f 125 319 328
f 319 73 324
f 328 324 126
f 319 324 328
f 122 326 309
f 326 126 323
f 309 323 72
f 326 323 309
f 125 328 321
f 328 126 326
f 321 326 122
f 328 326 321
f 51 303 513
f 303 120 515
f 513 515 171
f 303 515 513
f 120 304 520
f 304 72 518
f 520 518 173
f 304 518 520
f 171 521 514
f 521 173 519
f 514 519 84
f 521 519 514
f 120 520 515
f 520 173 521
f 515 521 171
f 520 521 515
f 72 307 561
f 307 121 563
f 561 563 184
f 307 563 561
f 121 306 555
f 306 58 553
f 555 553 182
f 306 553 555
f 184 565 562
f 565 182 554
f 562 554 87
f 565 554 562
f 121 555 563
f 555 182 565
f 563 565 184
f 555 565 563
f 84 571 517
f 571 186 573
f 517 573 172
f 571 573 517
f 186 572 575
f 572 87 558
f 575 558 183
f 572 558 575
f 172 559 516
f 559 183 557
f 516 557 61
f 559 557 516
f 186 575 573
f 575 183 559
f 573 559 172
f 575 559 573
f 72 561 518
f 561 184 564
f 518 564 173
f 561 564 518
f 184 562 576
f 562 87 572
f 576 572 186
f 562 572 576
f 173 574 519
f 574 186 571
f 519 571 84
f 574 571 519
f 184 576 564
f 576 186 574
f 564 574 173
f 576 574 564
f 51 513 583
f 513 171 586
f 583 586 188
f 513 586 583
f 171 514 595
f 514 84 593
f 595 593 191
f 514 593 595
f 188 596 584
f 596 191 594
f 584 594 88
f 596 594 584
f 171 595 586
f 595 191 596
f 586 596 188
f 595 596 586
f 84 517 671
f 517 172 673
f 671 673 209
f 517 673 671
f 172 516 665
f 516 61 663
f 665 663 207
f 516 663 665
f 209 675 672
f 675 207 664
f 672 664 92
f 675 664 672
f 172 665 673
f 665 207 675
f 673 675 209
f 665 675 673
f 88 681 588
f 681 211 683
f 588 683 189
f 681 683 588
f 211 682 685
f 682 92 668
f 685 668 208
f 682 668 685
f 189 669 587
f 669 208 667
f 587 667 62
f 669 667 587
f 211 685 683
f 685 208 669
f 683 669 189
f 685 669 683
f 84 671 593
f 671 209 674
f 593 674 191
f 671 674 593
f 209 672 686
f 672 92 682
f 686 682 211
f 672 682 686
f 191 684 594
f 684 211 681
f 594 681 88
f 684 681 594
f 209 686 674
f 686 211 684
f 674 684 191
f 686 684 674
f 52 256 403
f 256 107 405
f 403 405 146
f 256 405 403
f 107 257 411
f 257 68 409
f 411 409 148
f 257 409 411
f 146 412 404
f 412 148 410
f 404 410 79
f 412 410 404
f 107 411 405
f 411 148 412
f 405 412 146
f 411 412 405
f 68 260 461
f 260 108 463
f 461 463 161
f 260 463 461
f 108 259 455
f 259 56 453
f 455 453 159
f 259 453 455
f 161 465 462
f 465 159 454
f 462 454 82
f 465 454 462
f 108 455 463
f 455 159 465
f 463 465 161
f 455 465 463
f 79 471 408
f 471 163 473
f 408 473 147
f 471 473 408
f 163 472 475
f 472 82 458
f 475 458 160
f 472 458 475
f 147 459 407
f 459 160 457
f 407 457 60
f 459 457 407
f 163 475 473
f 475 160 459
f 473 459 147
f 475 459 473
f 68 461 409
f 461 161 464
f 409 464 148
f 461 464 409
f 161 462 476
f 462 82 472
f 476 472 163
f 462 472 476
f 148 474 410
f 474 163 471
f 410 471 79
f 474 471 410
f 161 476 464
f 476 163 474
f 464 474 148
f 476 474 464
f 56 633 275
f 633 201 636
f 275 636 112
f 633 636 275
f 201 634 650
f 634 91 647
f 650 647 204
f 634 647 650
f 112 648 276
f 648 204 646
f 276 646 69
f 648 646 276
f 201 650 636
f 650 204 648
f 636 648 112
f 650 648 636
f 91 638 658
f 638 202 661
f 658 661 206
f 638 661 658
f 202 637 640
f 637 62 615
f 640 615 197
f 637 615 640
f 206 659 657
f 659 197 616
f 657 616 90
f 659 616 657
f 202 640 661
f 640 197 659
f 661 659 206
f 640 659 661
f 69 623 274
f 623 199 625
f 274 625 111
f 623 625 274
f 199 624 626
f 624 90 612
f 626 612 196
f 624 612 626
f 111 614 273
f 614 196 611
f 273 611 55
f 614 611 273
f 199 626 625
f 626 196 614
f 625 614 111
f 626 614 625
f 91 658 647
f 658 206 662
f 647 662 204
f 658 662 647
f 206 657 660
f 657 90 624
f 660 624 199
f 657 624 660
f 204 649 646
f 649 199 623
f 646 623 69
f 649 623 646
f 206 660 662
f 660 199 649
f 662 649 204
f 660 649 662
f 62 667 601
f 667 208 670
f 601 670 193
f 667 670 601
f 208 668 691
f 668 92 688
f 691 688 212
f 668 688 691
f 193 689 602
f 689 212 687
f 602 687 89
f 689 687 602
f 208 691 670
f 691 212 689
f 670 689 193
f 691 689 670
f 92 664 677
f 664 207 680
f 677 680 210
f 664 680 677
f 207 663 666
f 663 61 525
f 666 525 175
f 663 525 666
f 210 678 676
f 678 175 526
f 676 526 85
f 678 526 676
f 207 666 680
f 666 175 678
f 680 678 210
f 666 678 680
f 89 608 598
f 608 195 610
f 598 610 192
f 608 610 598
f 195 607 609
f 607 85 523
f 609 523 174
f 607 523 609
f 192 600 597
f 600 174 522
f 597 522 53
f 600 522 597
f 195 609 610
f 609 174 600
f 610 600 192
f 609 600 610
f 92 677 688
f 677 210 692
f 688 692 212
f 677 692 688
f 210 676 679
f 676 85 607
f 679 607 195
f 676 607 679
f 212 690 687
f 690 195 608
f 687 608 89
f 690 608 687
f 210 679 692
f 679 195 690
f 692 690 212
f 679 690 692
f 61 557 535
f 557 183 560
f 535 560 178
f 557 560 535
f 183 558 581
f 558 87 578
f 581 578 187
f 558 578 581
f 178 579 536
f 579 187 577
f 536 577 86
f 579 577 536
f 183 581 560
f 581 187 579
f 560 579 178
f 581 579 560
f 87 554 567
f 554 182 570
f 567 570 185
f 554 570 567
f 182 553 556
f 553 58 331
f 556 331 128
f 553 331 556
f 185 568 566
f 568 128 332
f 566 332 74
f 568 332 566
f 182 556 570
f 556 128 568
f 570 568 185
f 556 568 570
f 86 544 532
f 544 180 546
f 532 546 177
f 544 546 532
f 180 543 545
f 543 74 330
f 545 330 127
f 543 330 545
f 177 534 531
f 534 127 329
f 531 329 57
f 534 329 531
f 180 545 546
f 545 127 534
f 546 534 177
f 545 534 546
f 87 567 578
f 567 185 582
f 578 582 187
f 567 582 578
f 185 566 569
f 566 74 543
f 569 543 180
f 566 543 569
f 187 580 577
f 580 180 544
f 577 544 86
f 580 544 577
f 185 569 582
f 569 180 580
f 582 580 187
f 569 580 582
f 58 315 373
f 315 124 375
f 373 375 140
f 315 375 373
f 124 316 383
f 316 73 381
f 383 381 142
f 316 381 383
f 140 385 374
f 385 142 382
f 374 382 78
f 385 382 374
f 124 383 375
f 383 142 385
f 375 385 140
f 383 385 375
f 73 313 338
f 313 123 340
f 338 340 131
f 313 340 338
f 123 312 335
f 312 52 333
f 335 333 129
f 312 333 335
f 131 341 339
f 341 129 334
f 339 334 75
f 341 334 339
f 123 335 340
f 335 129 341
f 340 341 131
f 335 341 340
f 78 392 378
f 392 144 395
f 378 395 141
f 392 395 378
f 144 391 393
f 391 75 337
f 393 337 130
f 391 337 393
f 141 379 377
f 379 130 336
f 377 336 59
f 379 336 377
f 144 393 395
f 393 130 379
f 395 379 141
f 393 379 395
f 73 338 381
f 338 131 384
f 381 384 142
f 338 384 381
f 131 339 394
f 339 75 391
f 394 391 144
f 339 391 394
f 142 396 382
f 396 144 392
f 382 392 78
f 396 392 382
f 131 394 384
f 394 144 396
f 384 396 142
f 394 396 384
f 54 417 230
f 417 150 419
f 230 419 100
f 417 419 230
f 150 418 426
f 418 80 424
f 426 424 152
f 418 424 426
f 100 425 231
f 425 152 423
f 231 423 66
f 425 423 231
f 150 426 419
f 426 152 425
f 419 425 100
f 426 425 419
f 80 422 447
f 422 151 449
f 447 449 158
f 422 449 447
f 151 421 437
f 421 60 435
f 437 435 155
f 421 435 437
f 158 451 448
f 451 155 436
f 448 436 81
f 451 436 448
f 151 437 449
f 437 155 451
f 449 451 158
f 437 451 449
f 66 438 234
f 438 156 440
f 234 440 101
f 438 440 234
f 156 439 442
f 439 81 432
f 442 432 154
f 439 432 442
f 101 433 233
f 433 154 431
f 233 431 55
f 433 431 233
f 156 442 440
f 442 154 433
f 440 433 101
f 442 433 440
f 80 447 424
f 447 158 450
f 424 450 152
f 447 450 424
f 158 448 452
f 448 81 439
f 452 439 156
f 448 439 452
f 152 441 423
f 441 156 438
f 423 438 66
f 441 438 423
f 158 452 450
f 452 156 441
f 450 441 152
f 452 441 450
f 54 230 219
f 230 100 232
f 219 232 96
f 230 232 219
f 100 231 240
f 231 66 237
f 240 237 102
f 231 237 240
f 96 238 220
f 238 102 236
f 220 236 64
f 238 236 220
f 100 240 232
f 240 102 238
f 232 238 96
f 240 238 232
f 66 234 242
f 234 101 245
f 242 245 103
f 234 245 242
f 101 233 235
f 233 55 224
f 235 224 98
f 233 224 235
f 103 243 241
f 243 98 225
f 241 225 65
f 243 225 241
f 101 235 245
f 235 98 243
f 245 243 103
f 235 243 245
f 64 226 218
f 226 99 228
f 218 228 95
f 226 228 218
f 99 227 229
f 227 65 222
f 229 222 97
f 227 222 229
f 95 223 217
f 223 97 221
f 217 221 53
f 223 221 217
f 99 229 228
f 229 97 223
f 228 223 95
f 229 223 228
f 66 242 237
f 242 103 246
f 237 246 102
f 242 246 237
f 103 241 244
f 241 65 227
f 244 227 99
f 241 227 244
f 102 239 236
f 239 99 226
f 236 226 64
f 239 226 236
f 103 244 246
f 244 99 239
f 246 239 102
f 244 239 246
f 54 219 286
f 219 96 288
f 286 288 116
f 219 288 286
f 96 220 294
f 220 64 292
f 294 292 118
f 220 292 294
f 116 296 287
f 296 118 293
f 287 293 71
f 296 293 287
f 96 294 288
f 294 118 296
f 288 296 116
f 294 296 288
f 64 218 282
f 218 95 284
f 282 284 115
f 218 284 282
f 95 217 279
f 217 53 277
f 279 277 113
f 217 277 279
f 115 285 283
f 285 113 278
f 283 278 70
f 285 278 283
f 95 279 284
f 279 113 285
f 284 285 115
f 279 285 284
f 71 298 290
f 298 119 301
f 290 301 117
f 298 301 290
f 119 297 299
f 297 70 281
f 299 281 114
f 297 281 299
f 117 291 289
f 291 114 280
f 289 280 57
f 291 280 289
f 119 299 301
f 299 114 291
f 301 291 117
f 299 291 301
f 64 282 292
f 282 115 295
f 292 295 118
f 282 295 292
f 115 283 300
f 283 70 297
f 300 297 119
f 283 297 300
f 118 302 293
f 302 119 298
f 293 298 71
f 302 298 293
f 115 300 295
f 300 119 302
f 295 302 118
f 300 302 295
f 54 286 342
f 286 116 344
f 342 344 132
f 286 344 342
f 116 287 349
f 287 71 347
f 349 347 134
f 287 347 349
f 132 350 343
f 350 134 348
f 343 348 76
f 350 348 343
f 116 349 344
f 349 134 350
f 344 350 132
f 349 350 344
f 71 290 358
f 290 117 360
f 358 360 137
f 290 360 358
f 117 289 353
f 289 57 351
f 353 351 135
f 289 351 353
f 137 362 359
f 362 135 352
f 359 352 77
f 362 352 359
f 117 353 360
f 353 135 362
f 360 362 137
f 353 362 360
f 76 367 346
f 367 139 369
f 346 369 133
f 367 369 346
f 139 368 371
f 368 77 356
f 371 356 136
f 368 356 371
f 133 357 345
f 357 136 355
f 345 355 59
f 357 355 345
f 139 371 369
f 371 136 357
f 369 357 133
f 371 357 369
f 71 358 347
f 358 137 361
f 347 361 134
f 358 361 347
f 137 359 372
f 359 77 368
f 372 368 139
f 359 368 372
f 134 370 348
f 370 139 367
f 348 367 76
f 370 367 348
f 137 372 361
f 372 139 370
f 361 370 134
f 372 370 361
f 54 342 417
f 342 132 420
f 417 420 150
f 342 420 417
f 132 343 429
f 343 76 427
f 429 427 153
f 343 427 429
f 150 430 418
f 430 153 428
f 418 428 80
f 430 428 418
f 132 429 420
f 429 153 430
f 420 430 150
f 429 430 420
f 76 346 496
f 346 133 498
f 496 498 168
f 346 498 496
f 133 345 486
f 345 59 483
f 486 483 165
f 345 483 486
f 168 500 497
f 500 165 484
f 497 484 83
f 500 484 497
f 133 486 498
f 486 165 500
f 498 500 168
f 486 500 498
f 80 507 422
f 507 170 509
f 422 509 151
f 507 509 422
f 170 508 511
f 508 83 488
f 511 488 166
f 508 488 511
f 151 490 421
f 490 166 487
f 421 487 60
f 490 487 421
f 170 511 509
f 511 166 490
f 509 490 151
f 511 490 509
f 76 496 427
f 496 168 499
f 427 499 153
f 496 499 427
f 168 497 512
f 497 83 508
f 512 508 170
f 497 508 512
f 153 510 428
f 510 170 507
f 428 507 80
f 510 507 428
f 168 512 499
f 512 170 510
f 499 510 153
f 512 510 499
f 55 431 273
f 431 154 434
f 273 434 111
f 431 434 273
f 154 432 446
f 432 81 444
f 446 444 157
f 432 444 446
f 111 445 274
f 445 157 443
f 274 443 69
f 445 443 274
f 154 446 434
f 446 157 445
f 434 445 111
f 446 445 434
f 81 436 477
f 436 155 479
f 477 479 164
f 436 479 477
f 155 435 460
f 435 60 457
f 460 457 160
f 435 457 460
f 164 481 478
f 481 160 458
f 478 458 82
f 481 458 478
f 155 460 479
f 460 160 481
f 479 481 164
f 460 481 479
f 69 466 276
f 466 162 468
f 276 468 112
f 466 468 276
f 162 467 470
f 467 82 454
f 470 454 159
f 467 454 470
f 112 456 275
f 456 159 453
f 275 453 56
f 456 453 275
f 162 470 468
f 470 159 456
f 468 456 112
f 470 456 468
f 81 477 444
f 477 164 480
f 444 480 157
f 477 480 444
f 164 478 482
f 478 82 467
f 482 467 162
f 478 467 482
f 157 469 443
f 469 162 466
f 443 466 69
f 469 466 443
f 164 482 480
f 482 162 469
f 480 469 157
f 482 469 480
f 53 221 597
f 221 97 599
f 597 599 192
f 221 599 597
f 97 222 605
f 222 65 603
f 605 603 194
f 222 603 605
f 192 606 598
f 606 194 604
f 598 604 89
f 606 604 598
f 97 605 599
f 605 194 606
f 599 606 192
f 605 606 599
f 65 225 618
f 225 98 620
f 618 620 198
f 225 620 618
f 98 224 613
f 224 55 611
f 613 611 196
f 224 611 613
f 198 622 619
f 622 196 612
f 619 612 90
f 622 612 619
f 98 613 620
f 613 196 622
f 620 622 198
f 613 622 620
f 89 627 602
f 627 200 629
f 602 629 193
f 627 629 602
f 200 628 631
f 628 90 616
f 631 616 197
f 628 616 631
f 193 617 601
f 617 197 615
f 601 615 62
f 617 615 601
f 200 631 629
f 631 197 617
f 629 617 193
f 631 617 629
f 65 618 603
f 618 198 621
f 603 621 194
f 618 621 603
f 198 619 632
f 619 90 628
f 632 628 200
f 619 628 632
f 194 630 604
f 630 200 627
f 604 627 89
f 630 627 604
f 198 632 621
f 632 200 630
f 621 630 194
f 632 630 621
f 57 280 531
f 280 114 533
f 531 533 177
f 280 533 531
f 114 281 540
f 281 70 538
f 540 538 179
f 281 538 540
f 177 542 532
f 542 179 539
f 532 539 86
f 542 539 532
f 114 540 533
f 540 179 542
f 533 542 177
f 540 542 533
f 70 278 527
f 278 113 529
f 527 529 176
f 278 529 527
f 113 277 524
f 277 53 522
f 524 522 174
f 277 522 524
f 176 530 528
f 530 174 523
f 528 523 85
f 530 523 528
f 113 524 529
f 524 174 530
f 529 530 176
f 524 530 529
f 86 548 536
f 548 181 551
f 536 551 178
f 548 551 536
f 181 547 549
f 547 85 526
f 549 526 175
f 547 526 549
f 178 537 535
f 537 175 525
f 535 525 61
f 537 525 535
f 181 549 551
f 549 175 537
f 551 537 178
f 549 537 551
f 70 527 538
f 527 176 541
f 538 541 179
f 527 541 538
f 176 528 550
f 528 85 547
f 550 547 181
f 528 547 550
f 179 552 539
f 552 181 548
f 539 548 86
f 552 548 539
f 176 550 541
f 550 181 552
f 541 552 179
f 550 552 541
f 59 355 377
f 355 136 380
f 377 380 141
f 355 380 377
f 136 356 399
f 356 77 397
f 399 397 145
f 356 397 399
f 141 401 378
f 401 145 398
f 378 398 78
f 401 398 378
f 136 399 380
f 399 145 401
f 380 401 141
f 399 401 380
f 77 352 364
f 352 135 366
f 364 366 138
f 352 366 364
f 135 351 354
f 351 57 329
f 354 329 127
f 351 329 354
f 138 365 363
f 365 127 330
f 363 330 74
f 365 330 363
f 135 354 366
f 354 127 365
f 366 365 138
f 354 365 366
f 78 387 374
f 387 143 390
f 374 390 140
f 387 390 374
f 143 386 388
f 386 74 332
f 388 332 128
f 386 332 388
f 140 376 373
f 376 128 331
f 373 331 58
f 376 331 373
f 143 388 390
f 388 128 376
f 390 376 140
f 388 376 390
f 77 364 397
f 364 138 400
f 397 400 145
f 364 400 397
f 138 363 389
f 363 74 386
f 389 386 143
f 363 386 389
f 145 402 398
f 402 143 387
f 398 387 78
f 402 387 398
f 138 389 400
f 389 143 402
f 400 402 145
f 389 402 400
f 60 487 407
f 487 166 489
f 407 489 147
f 487 489 407
f 166 488 505
f 488 83 502
f 505 502 169
f 488 502 505
f 147 503 408
f 503 169 501
f 408 501 79
f 503 501 408
f 166 505 489
f 505 169 503
f 489 503 147
f 505 503 489
f 83 484 492
f 484 165 495
f 492 495 167
f 484 495 492
f 165 483 485
f 483 59 336
f 485 336 130
f 483 336 485
f 167 493 491
f 493 130 337
f 491 337 75
f 493 337 491
f 165 485 495
f 485 130 493
f 495 493 167
f 485 493 495
f 79 414 404
f 414 149 416
f 404 416 146
f 414 416 404
f 149 413 415
f 413 75 334
f 415 334 129
f 413 334 415
f 146 406 403
f 406 129 333
f 403 333 52
f 406 333 403
f 149 415 416
f 415 129 406
f 416 406 146
f 415 406 416
f 83 492 502
f 492 167 506
f 502 506 169
f 492 506 502
f 167 491 494
f 491 75 413
f 494 413 149
f 491 413 494
f 169 504 501
f 504 149 414
f 501 414 79
f 504 414 501
f 167 494 506
f 494 149 504
f 506 504 169
f 494 504 506
f 693 705 694
f 694 705 706
f 694 706 695
f 695 706 707
f 695 707 696
f 696 707 708
f 696 708 697
f 697 708 709
f 697 709 698
f 698 709 710
f 698 710 699
f 699 710 711
f 699 711 700
f 700 711 712
f 700 712 701
f 701 712 713
f 701 713 702
f 702 713 714
f 702 714 703
f 703 714 715
f 703 715 704
f 704 715 716
f 704 716 693
f 693 716 705
f 705 717 706
f 706 717 718
f 706 718 707
f 707 718 719
f 707 719 708
f 708 719 720
f 708 720 709
f 709 720 721
f 709 721 710
f 710 721 722
f 710 722 711
f 711 722 723
f 711 723 712
f 712 723 724
f 712 724 713
f 713 724 725
f 713 725 714
f 714 725 726
f 714 726 715
f 715 726 727
f 715 727 716
f 716 727 728
f 716 728 705
f 705 728 717
f 717 729 718
f 718 729 730
f 718 730 719
f 719 730 731
f 719 731 720
f 720 731 732
f 720 732 721
f 721 732 733
f 721 733 722
f 722 733 734
f 722 734 723
f 723 734 735
f 723 735 724
f 724 735 736
f 724 736 725
f 725 736 737
f 725 737 726
f 726 737 738
f 726 738 727
f 727 738 739
f 727 739 728
f 728 739 740
f 728 740 717
f 717 740 729
f 729 741 730
f 730 741 742
f 730 742 731
f 731 742 743
f 731 743 732
f 732 743 744
f 732 744 733
f 733 744 745
f 733 745 734
f 734 745 746
f 734 746 735
f 735 746 747
f 735 747 736
f 736 747 748
f 736 748 737
f 737 748 749
f 737 749 738
f 738 749 750
f 738 750 739
f 739 750 751
f 739 751 740
f 740 751 752
f 740 752 729
f 729 752 741
f 741 753 742
f 742 753 754
f 742 754 743
f 743 754 755
f 743 755 744
f 744 755 756
f 744 756 745
f 745 756 757
f 745 757 746
f 746 757 758
f 746 758 747
f 747 758 759
f 747 759 748
f 748 759 760
f 748 760 749
f 749 760 761
f 749 761 750
f 750 761 762
f 750 762 751
f 751 762 763
f 751 763 752
f 752 763 764
f 752 764 741
f 741 764 753
f 753 765 754
f 754 765 766
f 754 766 755
f 755 766 767
f 755 767 756
f 756 767 768
f 756 768 757
f 757 768 769
f 757 769 758
f 758 769 770
f 758 770 759
f 759 770 771
f 759 771 760
f 760 771 772
f 760 772 761
f 761 772 773
f 761 773 762
f 762 773 774
f 762 774 763
f 763 774 775
f 763 775 764
f 764 775 776
f 764 776 753
f 753 776 765
f 765 777 766
f 766 777 778
f 766 778 767
f 767 778 779
f 767 779 768
f 768 779 780
f 768 780 769
f 769 780 781
f 769 781 770
f 770 781 782
f 770 782 771
f 771 782 783
f 771 783 772
f 772 783 784
f 772 784 773
f 773 784 785
f 773 785 774
f 774 785 786
f 774 786 775
f 775 786 787
f 775 787 776
f 776 787 788
f 776 788 765
f 765 788 777
f 777 789 778
f 778 789 790
f 778 790 779
f 779 790 791
f 779 791 780
f 780 791 792
f 780 792 781
f 781 792 793
f 781 793 782
f 782 793 794
f 782 794 783
f 783 794 795
f 783 795 784
f 784 795 796
f 784 796 785
f 785 796 797
f 785 797 786
f 786 797 798
f 786 798 787
f 787 798 799
f 787 799 788
f 788 799 800
f 788 800 777
f 777 800 789
f 789 801 790
f 790 801 802
f 790 802 791
f 791 802 803
f 791 803 792
f 792 803 804
f 792 804 793
f 793 804 805
f 793 805 794
f 794 805 806
f 794 806 795
f 795 806 807
f 795 807 796
f 796 807 808
f 796 808 797
f 797 808 809
f 797 809 798
f 798 809 810
f 798 810 799
f 799 810 811
f 799 811 800
f 800 811 812
f 800 812 789
f 789 812 801
f 801 813 802
f 802 813 814
f 802 814 803
f 803 814 815
f 803 815 804
f 804 815 816
f 804 816 805
f 805 816 817
f 805 817 806
f 806 817 818
f 806 818 807
f 807 818 819
f 807 819 808
f 808 819 820
f 808 820 809
f 809 820 821
f 809 821 810
f 810 821 822
f 810 822 811
f 811 822 823
f 811 823 812
f 812 823 824
f 812 824 801
f 801 824 813
f 813 825 814
f 814 825 826
f 814 826 815
f 815 826 827
f 815 827 816
f 816 827 828
f 816 828 817
f 817 828 829
f 817 829 818
f 818 829 830
f 818 830 819
f 819 830 831
f 819 831 820
f 820 831 832
f 820 832 821
f 821 832 833
f 821 833 822
f 822 833 834
f 822 834 823
f 823 834 835
f 823 835 824
f 824 835 836
f 824 836 813
f 813 836 825
f 825 837 826
f 826 837 838
f 826 838 827
f 827 838 839
f 827 839 828
f 828 839 840
f 828 840 829
f 829 840 841
f 829 841 830
f 830 841 842
f 830 842 831
f 831 842 843
f 831 843 832
f 832 843 844
f 832 844 833
f 833 844 845
f 833 845 834
f 834 845 846
f 834 846 835
f 835 846 847
f 835 847 836
f 836 847 848
f 836 848 825
f 825 848 837
f 837 849 838
f 838 849 850
f 838 850 839
f 839 850 851
f 839 851 840
f 840 851 852
f 840 852 841
f 841 852 853
f 841 853 842
f 842 853 854
f 842 854 843
f 843 854 855
f 843 855 844
f 844 855 856
f 844 856 845
f 845 856 857
f 845 857 846
f 846 857 858
f 846 858 847
f 847 858 859
f 847 859 848
f 848 859 860
f 848 860 837
f 837 860 849
f 849 861 850
f 850 861 862
f 850 862 851
f 851 862 863
f 851 863 852
f 852 863 864
f 852 864 853
f 853 864 865
f 853 865 854
f 854 865 866
f 854 866 855
f 855 866 867
f 855 867 856
f 856 867 868
f 856 868 857
f 857 868 869
f 857 869 858
f 858 869 870
f 858 870 859
f 859 870 871
f 859 871 860
f 860 871 872
f 860 872 849
f 849 872 861
f 861 873 862
f 862 873 874
f 862 874 863
f 863 874 875
f 863 875 864
f 864 875 876
f 864 876 865
f 865 876 877
f 865 877 866
f 866 877 878
f 866 878 867
f 867 878 879
f 867 879 868
f 868 879 880
f 868 880 869
f 869 880 881
f 869 881 870
f 870 881 882
f 870 882 871
f 871 882 883
f 871 883 872
f 872 883 884
f 872 884 861
f 861 884 873
f 873 885 874
f 874 885 886
f 874 886 875
f 875 886 887
f 875 887 876
f 876 887 888
f 876 888 877
f 877 888 889
f 877 889 878
f 878 889 890
f 878 890 879
f 879 890 891
f 879 891 880
f 880 891 892
f 880 892 881
f 881 892 893
f 881 893 882
f 882 893 894
f 882 894 883
f 883 894 895
f 883 895 884
f 884 895 896
f 884 896 873
f 873 896 885
f 885 897 886
f 886 897 898
f 886 898 887
f 887 898 899
f 887 899 888
f 888 899 900
f 888 900 889
f 889 900 901
f 889 901 890
f 890 901 902
f 890 902 891
f 891 902 903
f 891 903 892
f 892 903 904
f 892 904 893
f 893 904 905
f 893 905 894
f 894 905 906
f 894 906 895
f 895 906 907
f 895 907 896
f 896 907 908
f 896 908 885
f 885 908 897
f 897 909 898
f 898 909 910
f 898 910 899
f 899 910 911
f 899 911 900
f 900 911 912
f 900 912 901
f 901 912 913
f 901 913 902
f 902 913 914
f 902 914 903
f 903 914 915
f 903 915 904
f 904 915 916
f 904 916 905
f 905 916 917
f 905 917 906
f 906 917 918
f 906 918 907
f 907 918 919
f 907 919 908
f 908 919 920
f 908 920 897
f 897 920 909
f 909 921 910
f 910 921 922
f 910 922 911
f 911 922 923
f 911 923 912
f 912 923 924
f 912 924 913
f 913 924 925
f 913 925 914
f 914 925 926
f 914 926 915
f 915 926 927
f 915 927 916
f 916 927 928
f 916 928 917
f 917 928 929
f 917 929 918
f 918 929 930
f 918 930 919
f 919 930 931
f 919 931 920
f 920 931 932
f 920 932 909
f 909 932 921
f 921 933 922
f 922 933 934
f 922 934 923
f 923 934 935
f 923 935 924
f 924 935 936
f 924 936 925
f 925 936 937
f 925 937 926
f 926 937 938
f 926 938 927
f 927 938 939
f 927 939 928
f 928 939 940
f 928 940 929
f 929 940 941
f 929 941 930
f 930 941 942
f 930 942 931
f 931 942 943
f 931 943 932
f 932 943 944
f 932 944 921
f 921 944 933
f 933 945 934
f 934 945 946
f 934 946 935
f 935 946 947
f 935 947 936
f 936 947 948
f 936 948 937
f 937 948 949
f 937 949 938
f 938 949 950
f 938 950 939
f 939 950 951
f 939 951 940
f 940 951 952
f 940 952 941
f 941 952 953
f 941 953 942
f 942 953 954
f 942 954 943
f 943 954 955
f 943 955 944
f 944 955 956
f 944 956 933
f 933 956 945
f 945 957 946
f 946 957 958
f 946 958 947
f 947 958 959
f 947 959 948
f 948 959 960
f 948 960 949
f 949 960 961
f 949 961 950
f 950 961 962
f 950 962 951
f 951 962 963
f 951 963 952
f 952 963 964
f 952 964 953
f 953 964 965
f 953 965 954
f 954 965 966
f 954 966 955
f 955 966 967
f 955 967 956
f 956 967 968
f 956 968 945
f 945 968 957
f 957 969 958
f 958 969 970
f 958 970 959
f 959 970 971
f 959 971 960
f 960 971 972
f 960 972 961
f 961 972 973
f 961 973 962
f 962 973 974
f 962 974 963
f 963 974 975
f 963 975 964
f 964 975 976
f 964 976 965
f 965 976 977
f 965 977 966
f 966 977 978
f 966 978 967
f 967 978 979
f 967 979 968
f 968 979 980
f 968 980 957
f 957 980 969
f 969 981 970
f 970 981 982
f 970 982 971
f 971 982 983
f 971 983 972
f 972 983 984
f 972 984 973
f 973 984 985
f 973 985 974
f 974 985 986
f 974 986 975
f 975 986 987
f 975 987 976
f 976 987 988
f 976 988 977
f 977 988 989
f 977 989 978
f 978 989 990
f 978 990 979
f 979 990 991
f 979 991 980
f 980 991 992
f 980 992 969
f 969 992 981
f 981 993 982
f 982 993 994
f 982 994 983
f 983 994 995
f 983 995 984
f 984 995 996
f 984 996 985
f 985 996 997
f 985 997 986
f 986 997 998
f 986 998 987
f 987 998 999
f 987 999 988
f 988 999 1000
f 988 1000 989
f 989 1000 1001
f 989 1001 990
f 990 1001 1002
f 990 1002 991
f 991 1002 1003
f 991 1003 992
f 992 1003 1004
f 992 1004 981
f 981 1004 993
f 993 1005 994
f 994 1005 1006
f 994 1006 995
f 995 1006 1007
f 995 1007 996
f 996 1007 1008
f 996 1008 997
f 997 1008 1009
f 997 1009 998
f 998 1009 1010
f 998 1010 999
f 999 1010 1011
f 999 1011 1000
f 1000 1011 1012
f 1000 1012 1001
f 1001 1012 1013
f 1001 1013 1002
f 1002 1013 1014
f 1002 1014 1003
f 1003 1014 1015
f 1003 1015 1004
f 1004 1015 1016
f 1004 1016 993
f 993 1016 1005
f 1005 1017 1006
f 1006 1017 1018
f 1006 1018 1007
f 1007 1018 1019
f 1007 1019 1008
f 1008 1019 1020
f 1008 1020 1009
f 1009 1020 1021
f 1009 1021 1010
f 1010 1021 1022
f 1010 1022 1011
f 1011 1022 1023
f 1011 1023 1012
f 1012 1023 1024
f 1012 1024 1013
f 1013 1024 1025
f 1013 1025 1014
f 1014 1025 1026
f 1014 1026 1015
f 1015 1026 1027
f 1015 1027 1016
f 1016 1027 1028
f 1016 1028 1005
f 1005 1028 1017
f 1017 1029 1018
f 1018 1029 1030
f 1018 1030 1019
f 1019 1030 1031
f 1019 1031 1020
f 1020 1031 1032
f 1020 1032 1021
f 1021 1032 1033
f 1021 1033 1022
f 1022 1033 1034
f 1022 1034 1023
f 1023 1034 1035
f 1023 1035 1024
f 1024 1035 1036
f 1024 1036 1025
f 1025 1036 1037
f 1025 1037 1026
f 1026 1037 1038
f 1026 1038 1027
f 1027 1038 1039
f 1027 1039 1028
f 1028 1039 1040
f 1028 1040 1017
f 1017 1040 1029
f 1029 1041 1030
f 1030 1041 1042
f 1030 1042 1031
f 1031 1042 1043
f 1031 1043 1032
f 1032 1043 1044
f 1032 1044 1033
f 1033 1044 1045
f 1033 1045 1034
f 1034 1045 1046
f 1034 1046 1035
f 1035 1046 1047
f 1035 1047 1036
f 1036 1047 1048
f 1036 1048 1037
f 1037 1048 1049
f 1037 1049 1038
f 1038 1049 1050
f 1038 1050 1039
f 1039 1050 1051
f 1039 1051 1040
f 1040 1051 1052
f 1040 1052 1029
f 1029 1052 1041
f 1041 1053 1042
f 1042 1053 1054
f 1042 1054 1043
f 1043 1054 1055
f 1043 1055 1044
f 1044 1055 1056
f 1044 1056 1045
f 1045 1056 1057
f 1045 1057 1046
f 1046 1057 1058
f 1046 1058 1047
f 1047 1058 1059
f 1047 1059 1048
f 1048 1059 1060
f 1048 1060 1049
f 1049 1060 1061
f 1049 1061 1050
f 1050 1061 1062
f 1050 1062 1051
f 1051 1062 1063
f 1051 1063 1052
f 1052 1063 1064
f 1052 1064 1041
f 1041 1064 1053
f 1053 1065 1054
f 1054 1065 1066
f 1054 1066 1055
f 1055 1066 1067
f 1055 1067 1056
f 1056 1067 1068
f 1056 1068 1057
f 1057 1068 1069
f 1057 1069 1058
f 1058 1069 1070
f 1058 1070 1059
f 1059 1070 1071
f 1059 1071 1060
f 1060 1071 1072
f 1060 1072 1061
f 1061 1072 1073
f 1061 1073 1062
f 1062 1073 1074
f 1062 1074 1063
f 1063 1074 1075
f 1063 1075 1064
f 1064 1075 1076
f 1064 1076 1053
f 1053 1076 1065
f 1065 693 1066
f 1066 693 694
f 1066 694 1067
f 1067 694 695
f 1067 695 1068
f 1068 695 696
f 1068 696 1069
f 1069 696 697
f 1069 697 1070
f 1070 697 698
f 1070 698 1071
f 1071 698 699
f 1071 699 1072
f 1072 699 700
f 1072 700 1073
f 1073 700 701
f 1073 701 1074
f 1074 701 702
f 1074 702 1075
f 1075 702 703
f 1075 703 1076
f 1076 703 704
f 1076 704 1065
f 1065 704 693

